feedback_id,feedback_text,sentiment,issue_category,date
FB-01430,,Positive,Product Issue,2025-06-20
FB-00347,,Positive,Product Issue,2026-02-26
FB-01392,,Negative,Service Issue,2025-02-06
FB-00394,,Negative,Payment Issue,2025-10-01
FB-00195,,Positive,Product Issue,2025-05-31
FB-00031,,Negative,Payment Issue,2025-09-20
FB-02184,,Positive,Product Issue,2025-05-15
FB-03038,,Neutral,Delivery Issue,2025-02-01
FB-02460,,Negative,Product Issue,2026-01-04
FB-02019,,Positive,Delivery Issue,2025-01-30
FB-01324,"   	
  ",  positive  ,Delivery Issue,2025-04-17
FB-00103,"   	
  ",Positive,Service Issue,2025-10-28
FB-01361,"   	
  ",Neutral,Product Issue,2026-02-06
FB-01049,"   	
  ",Negative,Technical Issue,2025-12-08
FB-02316,"   	
  ",Negative,Service Issue,2025-09-29
FB-00153,"   	
  ",Negative,Payment Issue,2025-11-17
FB-00171,"   	
  ",Positive,General Feedback,2025-07-11
FB-00323,"   	
  ",Negative,Delivery Issue,2025-07-11
FB-02072,"   	
  ",Positive,Technical Issue,2025-12-07
FB-01460,"   	
  ",Negative,Technical Issue,2025-01-22
FB-00185,Customer review: Waited on hold for over 85 minutes only to be transferred to an automated voicemail system. Will not be buying again.,Negative,Service Issue,2026-02-07
FB-03086,"Honestly, Package arrived two weeks past the guaranteed delivery date. Tracking was completely frozen. Carrier mishandled the parcel. The fragile sticker was completely ignored and items were shattered. Average overall.",Negative,Delivery Issue,2025-04-15
FB-00135,My honest feedback: It performs the required tasks. The design is utilitarian and does what it is supposed to. Very satisfied with this purchase.,Neutral,Product Issue,2026-03-13
FB-02259,Overall impression: Invoice receipt was sent instantly to my email with clear itemized taxes and discounts. Payment issue was resolved promptly and the full refund was credited back to my card without delay. Decent enough for the price.,Positive,Payment Issue,2025-04-09
FB-02884,"Customer representative Sarah was phenomenal! Patient, attentive, and solved my problem in 5 minutes. Please fix this issue as soon as possible.",Positive,Service Issue,2025-12-19
FB-01432,"To be completely frank, Outstanding build quality! Feels hefty, solid, and premium in hand. Highly recommend this brand. The screen is vibrant and crisp with zero glare. Best display I have ever purchased. Will see how it holds up.",Positive,Product Issue,2025-11-30
FB-00145,"Customer review: The refund was promised within 3 to 5 business days, but four weeks have passed with no money returned. Will not be buying again.",Negative,Payment Issue,2025-06-24
FB-00558,Here is my experience: Invoice receipt was sent instantly to my email with clear itemized taxes and discounts. Truly five star quality.,Positive,Payment Issue,2025-05-25
FB-01054,"Honestly, The checkout page applied an unauthorized recurring subscription charge without my explicit consent. Will not be buying again.",Negative,Payment Issue,2025-09-20
FB-02860,Just wanted to share my feedback: Bluetooth pairing disconnects constantly after three minutes of connection on modern Android. Extremely disappointing experience.,Negative,Technical Issue,2025-06-13
FB-00094,"My honest feedback: Immediate response on live chat within 30 seconds. Handled my inquiry with total professionalism. Customer representative Sarah was phenomenal! Patient, attentive, and solved my problem in 5 minutes. Please fix this issue as soon as possible.",Positive,Service Issue,2025-04-08
FB-02879,Quick update on my order: High quality product that matches the photos and descriptions perfectly. Very pleased. Highly recommend!,Positive,Product Issue,2025-06-07
FB-01610,"To be completely frank, Seamless delivery experience. Box arrived in mint condition with zero dents or creases. Will see how it holds up.",Positive,Delivery Issue,2025-10-31
FB-03103,"In my opinion, The new user interface layout is modern, clean, visually appealing, and very easy on the eyes. Great brand loyalty rewards program. Truly values recurring customers with meaningful perks. Very satisfied with this purchase.",Positive,General Feedback,2025-11-24
FB-02990,"Unable to remove my expired credit card from the saved billing wallet. Security concern! My payment went through and funds were deducted from my bank, but the website shows order failed. Decent enough for the price.",Negative,Payment Issue,2025-10-30
FB-00292,Writing this review after recent experience: The sole of the running shoe detached during my second jog. Shockingly substandard durability. Please fix this issue as soon as possible.,Negative,Product Issue,2025-09-21
FB-00694,Just wanted to share my feedback: Session timeout occurs every two minutes while filling out the order details. Infuriating bug. Will not be buying again.,Negative,Technical Issue,2025-05-23
FB-01360,Reviewing this after one month: Driver delivered my order to the wrong street address entirely. Neighbor had to bring it over. Extremely disappointing experience.,Negative,Delivery Issue,2025-02-24
FB-01950,Overall impression: Invoice receipt was sent instantly to my email with clear itemized taxes and discounts. Highly recommend!,Positive,Payment Issue,2026-01-04
FB-01056,Reviewing this after one month: Unable to remove my expired credit card from the saved billing wallet. Security concern! Will see how it holds up.,Negative,Payment Issue,2025-06-08
FB-02583,"Overall impression: Tracking status says delivered to resident, but security camera footage proves no driver showed up. Express next-day shipping fee paid, yet took seven business days to arrive. Terrible courier service. Extremely disappointing experience.",Negative,Delivery Issue,2026-01-29
FB-02535,Customer review: Customer support agent took quick action and resolved my issue immediately. Great service! Please fix this issue as soon as possible.,Positive,  SERVICE ISSUE  ,2025-01-19
FB-02511,"Honestly, Software update prompt appeared upon launching the application as scheduled. One star is too generous for this.",Neutral,Technical Issue,2025-07-05
FB-00868,My honest feedback: Customer support agent took quick action and resolved my issue immediately. Great service! Immediate response on live chat within 30 seconds. Handled my inquiry with total professionalism. One star is too generous for this.,Positive,Service Issue,2026-02-14
FB-00415,Here is my experience: The package arrived two days earlier than expected. Safe packaging with plenty of bubble wrap. Delivered in less than 24 hours in pristine condition. Super fast and careful logistics! Will not be buying again.,Positive,Delivery Issue,2025-02-04
FB-00409,Customer review: The item is functional. Dimensions match the specification sheet provided on the website. It performs the required tasks. The design is utilitarian and does what it is supposed to. One star is too generous for this.,Neutral,Product Issue,2025-12-05
FB-00943,"In my opinion, The invoice shows standard itemized sales tax and shipping calculation. One star is too generous for this.",Neutral,Payment Issue,2025-02-19
FB-01843,"Writing this review after recent experience: Password reset emails are never received, even after checking spam folders multiple times. Latest app update completely broke the biometric face ID login functionality on iOS. Will not be buying again.",Negative,Technical Issue,2025-02-02
FB-00230,"To be completely frank, Infinite loading spinner when trying to download the digital purchase files or license keys. Latest app update completely broke the biometric face ID login functionality on iOS. Hope management addresses this promptly.",Negative,Technical Issue,2025-09-27
FB-00839,Warning to potential buyers: Waited on the phone for two hours and customer agent gave zero assistance. Extremely disappointing experience.,Negative,Service Issue,2025-05-11
FB-00444,"My honest feedback: Superb customer service experience, polite and helpful agents. Will not be buying again.",Positive,Service Issue,2025-04-19
FB-02467,Just wanted to share my feedback: The screen is vibrant and crisp with zero glare. Best display I have ever purchased. Will see how it holds up.,Positive,Product Issue,2025-12-28
FB-01567,"To be completely frank, Water leaks right through the supposed waterproof seam. Ruined my electronics during light rain. Item feels like a counterfeit knockoff. Materials are noticeably different from authentic retail stores. Average overall.",Negative,Product Issue,2025-12-01
FB-00193,Reviewing this after one month: Hardware failure after only two weeks. The buttons no longer register any clicks.,Negative,Product Issue,2025-10-24
FB-01303,Product catalog arrived in the mail today. Browsing through the new winter collection options. One star is too generous for this.,Neutral,General Feedback,2025-10-18
FB-03058,"To be completely frank, The sole of the running shoe detached during my second jog. Shockingly substandard durability. Will not be buying again.",Negative,Product Issue,2025-09-22
FB-02537,"Here is my experience: The new user interface layout is modern, clean, visually appealing, and very easy on the eyes. Great brand loyalty rewards program. Truly values recurring customers with meaningful perks. 10/10 would recommend to anyone.",Positive,General Feedback,2025-03-23
FB-00018,"Honestly, Package arrived two weeks past the guaranteed delivery date. Tracking was completely frozen. Average overall.",Negative,Delivery Issue,2025-06-19
FB-00765,"Writing this review after recent experience: Love shopping with this company! Always a delight, high standards, and wonderful overall experience. Decent enough for the price.",Positive,General Feedback,2025-09-02
FB-02051,"In my opinion, My payment went through and funds were deducted from my bank, but the website shows order failed. Will see how it holds up.",Negative,Payment Issue,2025-02-24
FB-00945,"Customer review: The new user interface layout is modern, clean, visually appealing, and very easy on the eyes. Love shopping with this company! Always a delight, high standards, and wonderful overall experience. Hope management addresses this promptly.",Positive,General Feedback,2025-05-12
FB-00933,Customer review: The promotional discount coupon code was accepted at checkout but the full price was charged anyway. Extremely disappointing experience.,Negative,Payment Issue,2025-04-07
FB-01698,"To be completely frank, Basic entry-level unit. It comes with standard plastic casing and standard power cords. Average overall.",Neutral,Product Issue,2026-01-02
FB-03102,"Here is my experience: Smooth, glitch-free UI with intuitive navigation. Great performance even on older phone models. One star is too generous for this.",Positive,Technical Issue,2025-05-17
FB-00528,"Honestly, The screen on this monitor has terrible backlight bleeding and dead pixels right in the center. Will see how it holds up.",Negative,Product Issue,2025-02-12
FB-00545,"Reviewing this after one month: Superb customer service experience, polite and helpful agents. Average overall.",  positive  ,Service Issue,2026-01-29
FB-02829,"Warning to potential buyers: The refund was promised within 3 to 5 business days, but four weeks have passed with no money returned. Truly five star quality.",Negative,Payment Issue,2026-03-14
FB-02942,"Honestly, Battery life is terrible, barely lasts 45 minutes on a full charge instead of the advertised 8 hours. Ordered a size Large but it fits like an Extra Small. The sizing chart is completely inaccurate. Will not be buying again.",Negative,Product Issue,2025-06-25
FB-00890,Reviewing this after one month: The motor makes an alarming grinding noise when turned on. Immediate return initiated. Truly five star quality.,Negative,Product Issue,2025-08-04
FB-02333,"Quick update on my order: Quick and easy payment processing, very secure and transparent billing statements. 10/10 would recommend to anyone.",Positive,Payment Issue,2025-10-07
FB-00033,Quick update on my order: Delivered in less than 24 hours in pristine condition. Super fast and careful logistics! Delivery driver followed all delivery instructions perfectly and hid the parcel behind the pillar. Decent enough for the price.,Positive,Delivery Issue,2026-01-08
FB-02962,Here is my experience: The item arrived broken and feels extremely cheap. The plastic cracked within two hours of use. Will not be buying again.,Negative,Product Issue,2025-08-20
FB-02303,"In my opinion, A pre-authorization hold was placed on the card and settled upon shipment dispatch. Standard service, nothing extraordinary.",Neutral,Payment Issue,2025-02-27
FB-00439,"Honestly, Product packaging uses far too much non-recyclable plastic and styrofoam. Very eco-unfriendly. One star is too generous for this.",Negative,General Feedback,2025-06-20
FB-00241,Warning to potential buyers: Delivery took four business days as estimated during checkout. Standard transit time.,Neutral,Delivery Issue,2025-08-20
FB-00140,Here is my experience: Payment processed through the standard 3D secure verification window without errors. Please fix this issue as soon as possible.,Neutral,Payment Issue,2025-04-17
FB-01033,Warning to potential buyers: The package arrived on the scheduled date within the afternoon delivery window. Please fix this issue as soon as possible.,Neutral,Delivery Issue,2025-07-17
FB-00355,"To be completely frank, Physical retail store was messy, disorganized, and understaffed during peak shopping hours. Extremely disappointing experience.",Negative,General Feedback,2025-11-16
FB-00332,Reviewing this after one month: Direct debit was processed twice in one billing cycle. Bank overdraft fees incurred as a result. Very satisfied with this purchase.,Negative,Payment Issue,2025-07-22
FB-02998,"To be completely frank, Average build quality. It is acceptable for occasional household use. Decent enough for the price.",Neutral,Product Issue,2025-07-05
FB-03166,Quick update on my order: The application requires iOS 16 or Android 12 minimum version to install. Truly five star quality.,Neutral,Technical Issue,2026-01-23
FB-00681,"Honestly, Works straight out of the box with zero fuss. Intuitive design and rock solid performance. Average overall.",Positive,Product Issue,2025-11-23
FB-00077,Customer review: Hidden processing fees and unexpected convenience surcharges were added without disclosure at checkout. Please fix this issue as soon as possible.,Negative,Payment Issue,2025-01-27
FB-00440,"Warning to potential buyers: Delivery took four business days as estimated during checkout. Standard transit time. Standard service, nothing extraordinary.",Neutral,Delivery Issue,2025-10-26
FB-02035,"Warning to potential buyers: Carrier mishandled the parcel. The fragile sticker was completely ignored and items were shattered. Express next-day shipping fee paid, yet took seven business days to arrive. Terrible courier service. Will not be buying again.",Negative,Delivery Issue,2025-12-15
FB-01994,Just wanted to share my feedback: Package arrived two weeks past the guaranteed delivery date. Tracking was completely frozen. Carrier mishandled the parcel. The fragile sticker was completely ignored and items were shattered. Extremely disappointing experience.,Negative,Delivery Issue,2025-08-30
FB-01981,Driver delivered my order to the wrong street address entirely. Neighbor had to bring it over. Package was left out in heavy pouring rain without any protective plastic wrap. Extremely disappointing experience.,Negative,Delivery Issue,2025-09-20
FB-01182,Warning to potential buyers: Single sign-on worked effortlessly and synchronized all my cross-platform cloud data in seconds. One star is too generous for this.,Positive,Technical Issue,2025-09-20
FB-00998,Reviewing this after one month: Refund was processed back to my bank account instantly. Great service and hassle free transaction! Invoice receipt was sent instantly to my email with clear itemized taxes and discounts. Will not be buying again.,Positive,Payment Issue,2025-06-06
FB-02935,"Customer review: Smooth, glitch-free UI with intuitive navigation. Great performance even on older phone models. 10/10 would recommend to anyone.",Positive,Technical Issue,2025-02-27
FB-00290,Reviewing this after one month: Feedback regarding the store hours: extending Sunday opening hours to 8 PM would be beneficial. Decent enough for the price.,Neutral,General Feedback,2025-12-13
FB-01612,Writing this review after recent experience: Bluetooth pairing disconnects constantly after three minutes of connection on modern Android. Will see how it holds up.,Negative,Technical Issue,2025-12-22
FB-01377,Quick update on my order: The stitching on the jacket came undone after the very first gentle wash. Very poor quality control. Ordered a size Large but it fits like an Extra Small. The sizing chart is completely inaccurate. Will not be buying again.,Negative,Product Issue,2025-08-02
FB-00747,Reviewing this after one month: API documentation is clear and the integration was completely error-free and stable under load. Single sign-on worked effortlessly and synchronized all my cross-platform cloud data in seconds. Will see how it holds up.,Positive,Technical Issue,2025-08-06
FB-01207,"To be completely frank, Carrier mishandled the parcel. The fragile sticker was completely ignored and items were shattered. Truly five star quality.",Negative,Delivery Issue,2025-09-08
FB-01645,Warning to potential buyers: I was double billed for a single order! Two identical charges appeared on my credit card statement. Will not be buying again.,Negative,Payment Issue,2026-02-23
FB-01035,"To be completely frank, Smooth, glitch-free UI with intuitive navigation. Great performance even on older phone models. The latest software update fixed all previous bugs. The app is lightning fast and responsive now! 10/10 would recommend to anyone.",Positive,Technical Issue,2025-07-27
FB-00597,Reviewing this after one month: Support agent was useless and refused to answer simple questions on the phone. Support agent closed my ticket without providing any resolution or response to my question. Truly five star quality.,Negative,Service Issue,2026-02-18
FB-01271,Here is my experience: Accidental overcharge was proactively spotted and refunded by billing team before I even asked. The billing department resolved my refund request within a few hours. Money back in my account! Truly five star quality.,Positive,Payment Issue,2026-02-14
FB-02326,Writing this review after recent experience: Bluetooth pairing disconnects constantly after three minutes of connection on modern Android. Will not be buying again.,Negative,Technical Issue,2026-03-09
FB-02903,"To be completely frank, Infinite loading spinner when trying to download the digital purchase files or license keys. Hope management addresses this promptly.",Negative,Technical Issue,2025-06-04
FB-01642,"To be completely frank, The delivery guy was extremely rude, refused to bring the heavy parcel up the elevator. Decent enough for the price.",Negative,Delivery Issue,2026-01-25
FB-01771,Quick update on my order: Delivered in less than 24 hours in pristine condition. Super fast and careful logistics! Highly recommend!,Positive,Delivery Issue,2025-05-30
FB-00643,"In my opinion, The new user interface layout is modern, clean, visually appealing, and very easy on the eyes. Please fix this issue as soon as possible.",Positive,General Feedback,2025-05-06
FB-00322,My honest feedback: Customer support agent took quick action and resolved my issue immediately. Great service!,Positive,Service Issue,2026-03-16
FB-01451,"Overall impression: Water leaks right through the supposed waterproof seam. Ruined my electronics during light rain. Standard service, nothing extraordinary.",Negative,Product Issue,2026-03-15
FB-00412,Quick update on my order: Support ticket was logged under reference ID 49201 with an estimated reply time of 24 hours. Decent enough for the price.,Neutral,Service Issue,2025-10-02
FB-00299,"Quick update on my order: Top tier craftsmanship. Everything feels durable, well-finished, and built to last years. Decent enough for the price.",Positive,Product Issue,2026-01-03
FB-03117,Writing this review after recent experience: API documentation is clear and the integration was completely error-free and stable under load. Hope management addresses this promptly.,Positive,Technical Issue,2025-03-07
FB-02044,Writing this review after recent experience: Search filter on the store website is completely broken; returning zero results for standard items. Will see how it holds up.,Negative,Technical Issue,2026-02-23
FB-01189,"My honest feedback: Superb customer service experience, polite and helpful agents. Very satisfied with this purchase.",Positive,Service Issue,2025-12-23
FB-02975,Quick update on my order: Promotional discount coupon and reward points were applied smoothly at checkout with clear breakdown. Refund was processed back to my bank account instantly. Great service and hassle free transaction! Average overall.,Positive,Payment Issue,2026-02-28
FB-01979,"Customer review: Tracking status says delivered to resident, but security camera footage proves no driver showed up. Standard service, nothing extraordinary.",Negative,Delivery Issue,2025-10-16
FB-00529,Quick update on my order: Order has been stuck at the local sorting hub for over ten days with no scheduled delivery date. Carrier mishandled the parcel. The fragile sticker was completely ignored and items were shattered. Extremely disappointing experience.,Negative,Delivery Issue,2025-12-16
FB-00204,Here is my experience: Accidental overcharge was proactively spotted and refunded by billing team before I even asked.,Positive,Payment Issue,2026-03-17
FB-01233,Here is my experience: Best support experience I have ever had. The agent went above and beyond to make things right. Hope management addresses this promptly.,Positive,Service Issue,2025-07-11
FB-03026,"Just wanted to share my feedback: Disappointed to see prices increased across the board while portion and package sizes were reduced. Physical retail store was messy, disorganized, and understaffed during peak shopping hours.",Negative,General Feedback,2025-09-08
FB-01841,"Honestly, Missing essential accessories from the retail box. Missing screws and power adapter. The replacement unit had the exact same defect as the first one. Terrible manufacturing batches. Will not be buying again.",Negative,Product Issue,2025-02-05
FB-00174,My honest feedback: Hardware failure after only two weeks. The buttons no longer register any clicks.,Negative,Product Issue,2025-04-01
FB-00808,Customer review: The checkout page applied an unauthorized recurring subscription charge without my explicit consent. Very satisfied with this purchase.,Negative,Payment Issue,2025-12-09
FB-02100,The latest software update fixed all previous bugs. The app is lightning fast and responsive now! Please fix this issue as soon as possible.,Positive,Technical Issue,2026-02-17
FB-01764,Quick update on my order: Website throws a 500 internal server error whenever I attempt to update my profile information. One star is too generous for this.,Negative,Technical Issue,2026-02-22
FB-01781,"Tracking status says delivered to resident, but security camera footage proves no driver showed up. Driver delivered my order to the wrong street address entirely. Neighbor had to bring it over. Please fix this issue as soon as possible.",Negative,Delivery Issue,2025-06-28
FB-00950,Reviewing this after one month: Session timeout occurs every two minutes while filling out the order details. Infuriating bug. One star is too generous for this.,Negative,Technical Issue,2025-01-29
FB-02376,My honest feedback: Data synchronization executes automatically at 15-minute intervals when connected to Wi-Fi. One star is too generous for this.,Neutral,Technical Issue,2025-05-20
FB-01045,"To be completely frank, It performs the required tasks. The design is utilitarian and does what it is supposed to. Basic entry-level unit. It comes with standard plastic casing and standard power cords. Truly five star quality.",Neutral,Product Issue,2025-11-24
FB-00556,The item is functional. Dimensions match the specification sheet provided on the website. Hope management addresses this promptly.,Neutral,Product Issue,2025-11-11
FB-02601,"Honestly, Support ticket was logged under reference ID 49201 with an estimated reply time of 24 hours. Please fix this issue as soon as possible.",Neutral,Service Issue,2025-12-27
FB-01075,Just wanted to share my feedback: Unable to remove my expired credit card from the saved billing wallet. Security concern! Please fix this issue as soon as possible.,Negative,Payment Issue,2025-04-08
FB-01552,Warning to potential buyers: Unable to remove my expired credit card from the saved billing wallet. Security concern! Will see how it holds up.,Negative,Payment Issue,2025-09-17
FB-01577,My honest feedback: The loyalty rewards program has been devalued so heavily that accumulated points are virtually worthless. Excessive marketing emails and push notifications sent three times a day despite opting out. Very satisfied with this purchase.,Negative,General Feedback,2025-03-16
FB-01158,"To be completely frank, I was double billed for a single order! Two identical charges appeared on my credit card statement. Refused to honor price match policy despite valid proof submitted before the purchase. One star is too generous for this.",Negative,Payment Issue,2025-12-17
FB-01695,Excellent delivery tracking updates via SMS every step of the transit. Very impressed. Delivery driver followed all delivery instructions perfectly and hid the parcel behind the pillar. Average overall.,Positive,Delivery Issue,2025-04-21
FB-00027,"Quick update on my order: Top tier craftsmanship. Everything feels durable, well-finished, and built to last years. Decent enough for the price.",Positive,Product Issue,2026-01-18
FB-01117,"In my opinion, Product packaging uses far too much non-recyclable plastic and styrofoam. Very eco-unfriendly. Disappointed to see prices increased across the board while portion and package sizes were reduced. Please fix this issue as soon as possible.",Negative,General Feedback,2025-01-21
FB-00184,The loyalty rewards program has been devalued so heavily that accumulated points are virtually worthless.,Negative,General Feedback,2025-07-18
FB-01415,Here is my experience: The item arrived broken and feels extremely cheap. The plastic cracked within two hours of use. Will not be buying again.,Negative,Product Issue,2025-04-07
FB-02334,Here is my experience: The blender blades became dull after blending soft fruits twice. Terrible motor vibration. Hope management addresses this promptly.,Negative,Product Issue,2025-09-11
FB-03023,"To be completely frank, It performs the required tasks. The design is utilitarian and does what it is supposed to. Decent enough for the price.",Neutral,Product Issue,2025-12-28
FB-01624,"The outer shipping carton was completely soaked, torn open, and taped haphazardly by the courier. Order has been stuck at the local sorting hub for over ten days with no scheduled delivery date. Decent enough for the price.",Negative,Delivery Issue,2025-10-26
FB-03134,"Honestly, The latest software update fixed all previous bugs. The app is lightning fast and responsive now! Smooth, glitch-free UI with intuitive navigation. Great performance even on older phone models. Standard service, nothing extraordinary.",Positive,Technical Issue,2025-12-22
FB-00411,"In my opinion, Exceeded all my expectations. The battery lasts well over two full days of heavy use. The knife set is razor sharp right out of the box and balances comfortably in hand. Will not be buying again.",Positive,Product Issue,2025-04-08
FB-00264,"In my opinion, Customer support representative was extremely rude, dismissive, and hung up on me mid-sentence. Customer agent took over two hours to answer and then hung up the phone without helping. One star is too generous for this.",Negative,Service Issue,2025-08-08
FB-02239,Reviewing this after one month: It performs the required tasks. The design is utilitarian and does what it is supposed to. The material feels standard. Let us see how durable it proves to be over the next few months. Truly five star quality.,Neutral,Product Issue,2025-10-19
FB-01568,"Courier was polite, arrived within the designated delivery window, and handed the package directly. One star is too generous for this.",Positive,Delivery Issue,2025-09-16
FB-00728,Warning to potential buyers: The blender blades became dull after blending soft fruits twice. Terrible motor vibration. Will not be buying again.,Negative,Product Issue,2025-05-11
FB-00280,"My honest feedback: Express next-day shipping fee paid, yet took seven business days to arrive. Terrible courier service. Carrier mishandled the parcel. The fragile sticker was completely ignored and items were shattered. Please fix this issue as soon as possible.",Negative,Delivery Issue,2025-06-20
FB-02484,"Quick update on my order: Password requirements require at least eight characters, one uppercase letter, and a number. The web portal uses standard HTTPS authentication and session cookie validation. Decent enough for the price.",Neutral,Technical Issue,2025-04-18
FB-01237,Quick update on my order: The delivery courier literally threw the box over my gate and crushed the contents inside. Hope management addresses this promptly.,Negative,Delivery Issue,2025-02-13
FB-00719,"Customer review: Top tier craftsmanship. Everything feels durable, well-finished, and built to last years. The fabric is luxurious, soft, and fits true to size. The stitching is impeccable. 10/10 would recommend to anyone.",Positive,Product Issue,2025-09-20
FB-02526,Here is my experience: The stitching on the jacket came undone after the very first gentle wash. Very poor quality control. Average overall.,Negative,Product Issue,2025-10-20
FB-01135,"To be completely frank, Immediate response on live chat within 30 seconds. Handled my inquiry with total professionalism. 10/10 would recommend to anyone.",Positive,Service Issue,2025-03-08
FB-01832,My honest feedback: Delivered in less than 24 hours in pristine condition. Super fast and careful logistics! Truly five star quality.,Positive,Delivery Issue,2025-04-08
FB-02361,Just wanted to share my feedback: Driver delivered my order to the wrong street address entirely. Neighbor had to bring it over. Will not be buying again.,Negative,Delivery Issue,2025-05-18
FB-02554,"In my opinion, The charge reflects the exact amount stated on the order summary page.",Neutral,Payment Issue,2025-02-15
FB-00502,Quick update on my order: Average build quality. It is acceptable for occasional household use. It performs the required tasks. The design is utilitarian and does what it is supposed to. Decent enough for the price.,Neutral,Product Issue,2025-02-21
FB-01400,Reviewing this after one month: Exceeded all my expectations. The battery lasts well over two full days of heavy use. The knife set is razor sharp right out of the box and balances comfortably in hand. Please fix this issue as soon as possible.,Positive,Product Issue,2025-12-14
FB-01223,"To be completely frank, Feedback regarding the store hours: extending Sunday opening hours to 8 PM would be beneficial. Truly five star quality.",Neutral,General Feedback,2026-03-08
FB-01134,My honest feedback: Software update prompt appeared upon launching the application as scheduled. Please fix this issue as soon as possible.,Neutral,Technical Issue,2025-01-20
FB-00257,Overall impression: Product smells strongly of harsh chemicals and the material feels flimsy and brittle.,Negative,Product Issue,2025-04-19
FB-00480,"Writing this review after recent experience: The outer shipping carton was completely soaked, torn open, and taped haphazardly by the courier. The delivery guy was extremely rude, refused to bring the heavy parcel up the elevator. Extremely disappointing experience.",Negative,Delivery Issue,2025-07-12
FB-00015,"Just wanted to share my feedback: The payment gateway crashed during verification, resulting in pending holds on my debit card. Will not be buying again.",Negative,Payment Issue,2025-11-28
FB-00533,Customer review: Support rep claimed they could not locate my account despite providing the exact account ID and email. Please fix this issue as soon as possible.,Negative,Service Issue,2025-11-20
FB-01661,Writing this review after recent experience: The billing department resolved my refund request within a few hours. Money back in my account! Invoice receipt was sent instantly to my email with clear itemized taxes and discounts. Average overall.,Positive,Payment Issue,2026-01-07
FB-00898,"Quick update on my order: My payment went through and funds were deducted from my bank, but the website shows order failed. Will not be buying again.",Negative,Payment Issue,2025-07-17
FB-01229,Warning to potential buyers: Delivered in less than 24 hours in pristine condition. Super fast and careful logistics! Truly five star quality.,Positive,Delivery Issue,2025-11-09
FB-00045,Here is my experience: I would suggest adding more color options and sizes to your seasonal catalog in future releases. Will not be buying again.,Neutral,General Feedback,2026-02-11
FB-02571,Overall impression: Excessive marketing emails and push notifications sent three times a day despite opting out. Product packaging uses far too much non-recyclable plastic and styrofoam. Very eco-unfriendly. Will not be buying again.,Negative,General Feedback,2025-05-28
FB-00451,Website throws a 500 internal server error whenever I attempt to update my profile information. Please fix this issue as soon as possible.,Negative,Technical Issue,2025-04-22
FB-02168,"Honestly, The blender blades became dull after blending soft fruits twice. Terrible motor vibration. One star is too generous for this.",Negative,Product Issue,2025-04-12
FB-01925,"Customer review: The new user interface layout is modern, clean, visually appealing, and very easy on the eyes. Hope management addresses this promptly.",Positive,General Feedback,2025-09-09
FB-00539,"To be completely frank, The browser extension consumes 100% CPU and causes Google Chrome to become unresponsive. Password reset emails are never received, even after checking spam folders multiple times. Please fix this issue as soon as possible.",Negative,Technical Issue,2025-05-23
FB-02633,Just wanted to share my feedback: Customer agent took over two hours to answer and then hung up the phone without helping. Average overall.,Negative,Service Issue,2025-12-15
FB-02906,"Customer review: Customer representative Sarah was phenomenal! Patient, attentive, and solved my problem in 5 minutes. One star is too generous for this.",Positive,Service Issue,2025-07-04
FB-00464,"Honestly, Order has been stuck at the local sorting hub for over ten days with no scheduled delivery date. Will see how it holds up.",Negative,Delivery Issue,2025-03-28
FB-00880,Quick update on my order: High quality product that matches the photos and descriptions perfectly. Very pleased. Will see how it holds up.,Positive,Product Issue,2025-02-16
FB-02407,Warning to potential buyers: The device overheats within ten minutes of normal usage. Severe fire hazard in my opinion. Will not be buying again.,Negative,Product Issue,2026-03-19
FB-03047,The blender blades became dull after blending soft fruits twice. Terrible motor vibration. Ordered a size Large but it fits like an Extra Small. The sizing chart is completely inaccurate. Very satisfied with this purchase.,Negative,Product Issue,2025-04-10
FB-01768,Here is my experience: Refund was processed back to my bank account instantly. Great service and hassle free transaction! Hope management addresses this promptly.,Positive,Payment Issue,2025-08-03
FB-01408,Overall impression: The commitment to eco-friendly biodegradable packaging is commendable and deeply appreciated. Hope management addresses this promptly.,Positive,General Feedback,2025-03-27
FB-01290,Overall impression: Waited on the phone for two hours and customer agent gave zero assistance. Will not be buying again.,Negative,Service Issue,2025-10-04
FB-01964,Customer support agent took quick action and resolved my issue immediately. Great service! Please fix this issue as soon as possible.,Positive,Service Issue,2025-11-04
FB-00258,Just wanted to share my feedback: Delivery driver followed all delivery instructions perfectly and hid the parcel behind the pillar. Truly five star quality.,Positive,Delivery Issue,2025-08-07
FB-02630,Quick update on my order: Session timeout occurs every two minutes while filling out the order details. Infuriating bug. Decent enough for the price.,Negative,Technical Issue,2025-09-05
FB-00606,"Quick update on my order: Invoice receipt was sent instantly to my email with clear itemized taxes and discounts. Payment process was swift, seamless, and securely authenticated with Apple Pay. Average overall.",Positive,Payment Issue,2025-09-08
FB-02354,"To be completely frank, Excellent delivery tracking updates via SMS every step of the transit. Very impressed. Courier was polite, arrived within the designated delivery window, and handed the package directly. One star is too generous for this.",Positive,Delivery Issue,2026-03-02
FB-00908,Warning to potential buyers: The product matches the specifications listed. It performs standard functions as described. The material feels standard. Let us see how durable it proves to be over the next few months. Will not be buying again.,Neutral,Product Issue,2025-10-27
FB-02851,"My honest feedback: Customer support agent took quick action and resolved my issue immediately. Great service! Agent was knowledgeable, empathetic, and replaced my lost item without any hassle or friction. 10/10 would recommend to anyone.",Positive,Service Issue,2025-04-22
FB-02204,It performs the required tasks. The design is utilitarian and does what it is supposed to. Will see how it holds up.,Neutral,Product Issue,2025-05-01
FB-02233,Writing this review after recent experience: Website throws a 500 internal server error whenever I attempt to update my profile information. The mobile app crashes every single time I tap the checkout or view cart button. Hope management addresses this promptly.,Negative,Technical Issue,2025-05-26
FB-02195,Writing this review after recent experience: Excellent delivery tracking updates via SMS every step of the transit. Very impressed. The package arrived two days earlier than expected. Safe packaging with plenty of bubble wrap. Please fix this issue as soon as possible.,Positive,Delivery Issue,2025-12-23
FB-02247,Latest app update completely broke the biometric face ID login functionality on iOS. Will see how it holds up.,Negative,Technical Issue,2025-02-19
FB-01787,It performs the required tasks. The design is utilitarian and does what it is supposed to. Product functions as stated in the user manual. No unexpected features or defects detected. Decent enough for the price.,Neutral,Product Issue,2025-12-06
FB-03176,My honest feedback: Customer agent took over two hours to answer and then hung up the phone without helping. Very satisfied with this purchase.,Negative,Service Issue,2025-09-21
FB-00240,"Quick update on my order: Superb customer service experience, polite and helpful agents. Support team followed up with a courtesy call the next day to confirm everything was working smoothly. Highly recommend!",Positive,Service Issue,2025-01-19
FB-00613,Quick update on my order: The item arrived broken and feels extremely cheap. The plastic cracked within two hours of use. The device overheats within ten minutes of normal usage. Severe fire hazard in my opinion. Very satisfied with this purchase.,Negative,Product Issue,2025-09-10
FB-01802,"In my opinion, API documentation is clear and the integration was completely error-free and stable under load. Will not be buying again.",Positive,Technical Issue,2025-09-24
FB-00927,Writing this review after recent experience: Tracking updates were logged at each regional distribution center as expected. Decent enough for the price.,Neutral,Delivery Issue,2025-12-18
FB-02923,Quick update on my order: Works straight out of the box with zero fuss. Intuitive design and rock solid performance.,Positive,Product Issue,2026-02-11
FB-00417,Just wanted to share my feedback: Direct debit was processed twice in one billing cycle. Bank overdraft fees incurred as a result. Please fix this issue as soon as possible.,Negative,Payment Issue,2026-01-21
FB-01259,Infinite loading spinner when trying to download the digital purchase files or license keys. Truly five star quality.,Negative,Technical Issue,2025-11-26
FB-01191,Just wanted to share my feedback: Support agent was useless and refused to answer simple questions on the phone. Waited on the phone for two hours and customer agent gave zero assistance. Extremely disappointing experience.,Negative,Service Issue,2025-08-23
FB-00479,The package arrived on the scheduled date within the afternoon delivery window. One star is too generous for this.,Neutral,Delivery Issue,2025-04-18
FB-03188,Reviewing this after one month: The commitment to eco-friendly biodegradable packaging is commendable and deeply appreciated. Great brand loyalty rewards program. Truly values recurring customers with meaningful perks. Truly five star quality.,Positive,General Feedback,2025-02-24
FB-00053,Warning to potential buyers: The item is functional. Dimensions match the specification sheet provided on the website. Please fix this issue as soon as possible.,Neutral,Product Issue,2025-06-11
FB-02427,Here is my experience: The live chat bot is an endless loop that refuses to transfer me to a human representative. One star is too generous for this.,Negative,Service Issue,2025-02-07
FB-01438,Quick update on my order: Delivery took four business days as estimated during checkout. Standard transit time. The package arrived on the scheduled date within the afternoon delivery window. Will not be buying again.,Neutral,Delivery Issue,2025-04-04
FB-00832,"To be completely frank, The courier left the parcel in the designated parcel locker box. Tracking updates were logged at each regional distribution center as expected. One star is too generous for this.",Neutral,Delivery Issue,2025-12-14
FB-00052,Just wanted to share my feedback: Great brand loyalty rewards program. Truly values recurring customers with meaningful perks. Very satisfied with this purchase.,Positive,General Feedback,2026-03-16
FB-02248,"Honestly, The fabric is luxurious, soft, and fits true to size. The stitching is impeccable. The screen is vibrant and crisp with zero glare. Best display I have ever purchased. Average overall.",Positive,Product Issue,2025-03-04
FB-02532,Customer review: I would suggest adding more color options and sizes to your seasonal catalog in future releases. Decent enough for the price.,Neutral,General Feedback,2025-10-14
FB-00064,"Reviewing this after one month: Consistently wonderful service and quality across all my orders over the past three years. Keep it up! Love shopping with this company! Always a delight, high standards, and wonderful overall experience. Truly five star quality.",Positive,General Feedback,2026-03-20
FB-01965,"Honestly, Accidental overcharge was proactively spotted and refunded by billing team before I even asked. Highly recommend!",Positive,Payment Issue,2025-06-26
FB-03156,"Reviewing this after one month: Superb customer service experience, polite and helpful agents. Will not be buying again.",Positive,Service Issue,2025-07-05
FB-02255,"Just wanted to share my feedback: Seamless delivery experience. Box arrived in mint condition with zero dents or creases. Courier was polite, arrived within the designated delivery window, and handed the package directly. Very satisfied with this purchase.",Positive,Delivery Issue,2025-03-26
FB-02462,"To be completely frank, The desktop application constantly freezes during data sync, losing all unsaved customer entries. Hope management addresses this promptly.",  negative  ,Technical Issue,2025-09-02
FB-00612,Reviewing this after one month: The phone agent hung up on me after keeping me on hold for an hour. Unacceptable behavior. Decent enough for the price.,Negative,Service Issue,2026-01-21
FB-01058,"My honest feedback: The courier left the parcel in the designated parcel locker box. Shipping timeframe was within the standard five to seven day window indicated on the invoice. Standard service, nothing extraordinary.",Neutral,Delivery Issue,2025-08-13
FB-02937,"Overall impression: Agent was knowledgeable, empathetic, and replaced my lost item without any hassle or friction. Truly five star quality.",Positive,Service Issue,2025-10-12
FB-01503,"Customer review: The delivery guy was extremely rude, refused to bring the heavy parcel up the elevator. Hope management addresses this promptly.",Negative,Delivery Issue,2025-10-05
FB-00804,"To be completely frank, Delivered in less than 24 hours in pristine condition. Super fast and careful logistics! Seamless delivery experience. Box arrived in mint condition with zero dents or creases. 10/10 would recommend to anyone.",Positive,Delivery Issue,2025-07-06
FB-00582,"Just wanted to share my feedback: Password reset emails are never received, even after checking spam folders multiple times. The mobile app crashes every single time I tap the checkout or view cart button. Average overall.",Negative,Technical Issue,2025-11-10
FB-00175,"Honestly, Tracking status says delivered to resident, but security camera footage proves no driver showed up. Average overall.",Negative,Delivery Issue,2025-09-13
FB-00680,"In my opinion, Promotional discount coupon and reward points were applied smoothly at checkout with clear breakdown. Refund was processed back to my bank account instantly. Great service and hassle free transaction! Will see how it holds up.",Positive,Payment Issue,2025-12-02
FB-00121,Customer review: The screen is vibrant and crisp with zero glare. Best display I have ever purchased. Will not be buying again.,Positive,Product Issue,2025-04-03
FB-02719,"Quick update on my order: The new user interface layout is modern, clean, visually appealing, and very easy on the eyes. Great brand loyalty rewards program. Truly values recurring customers with meaningful perks. 10/10 would recommend to anyone.",Positive,General Feedback,2025-06-17
FB-00496,"My honest feedback: Delivery was delayed four separate times with zero explanation or notification from the carrier. The shipping driver marked the package as delivered, but nothing was at my door or porch. Will see how it holds up.",Negative,Delivery Issue,2025-08-04
FB-01919,Quick update on my order: Customer agent took over two hours to answer and then hung up the phone without helping. Extremely disappointing experience.,Negative,Service Issue,2025-07-20
FB-00433,"To be completely frank, Product packaging uses far too much non-recyclable plastic and styrofoam. Very eco-unfriendly. One star is too generous for this.",Negative,General Feedback,2025-02-11
FB-01321,Customer review: Shipping timeframe was within the standard five to seven day window indicated on the invoice. Package arrived in standard cardboard packaging with carrier shipping labels attached. Decent enough for the price.,Neutral,Delivery Issue,2025-07-27
FB-00071,Here is my experience: Remarkable ergonomics and silent keys. Typing all day has become significantly more comfortable. 10/10 would recommend to anyone.,Positive,Product Issue,2026-02-01
FB-01265,"Honestly, Excessive marketing emails and push notifications sent three times a day despite opting out. Average overall.",Negative,General Feedback,2025-08-04
FB-00431,Overall impression: Superb audio fidelity with deep bass and crystal clear treble. Truly noise cancelling!,Positive,Product Issue,2025-06-02
FB-02988,"Here is my experience: Smooth, glitch-free UI with intuitive navigation. Great performance even on older phone models. Will see how it holds up.",Positive,Technical Issue,2025-07-03
FB-00701,Here is my experience: Item feels like a counterfeit knockoff. Materials are noticeably different from authentic retail stores. Product smells strongly of harsh chemicals and the material feels flimsy and brittle. Will not be buying again.,Negative,Product Issue,2025-02-17
FB-00569,Customer review: Escalated to a supervisor three days ago and still waiting in total silence for an update. Waited on hold for over 85 minutes only to be transferred to an automated voicemail system.,Negative,Service Issue,2025-04-30
FB-02345,"My honest feedback: Standard quality for the price point. Neither exceptionally good nor noticeably bad. The product matches the specifications listed. It performs standard functions as described. Standard service, nothing extraordinary.",Neutral,Product Issue,2025-02-13
FB-00315,"My honest feedback: Tracking status says delivered to resident, but security camera footage proves no driver showed up. Very satisfied with this purchase.",Negative,Delivery Issue,2025-03-29
FB-00179,"Superb customer service experience, polite and helpful agents. Agent was knowledgeable, empathetic, and replaced my lost item without any hassle or friction. Will see how it holds up.",Positive,Service Issue,2026-01-05
FB-02965,Just wanted to share my feedback: Waited on the phone for two hours and customer agent gave zero assistance. Escalated to a supervisor three days ago and still waiting in total silence for an update. Extremely disappointing experience.,Negative,Service Issue,2025-12-27
FB-00904,"In my opinion, Contacted customer support regarding policy clarification. Representative provided the standard policy text. Decent enough for the price.",Neutral,Service Issue,2025-08-01
FB-03084,Bluetooth pairing disconnects constantly after three minutes of connection on modern Android. Very satisfied with this purchase.,Negative,Technical Issue,2025-02-08
FB-00300,Warning to potential buyers: Infinite loading spinner when trying to download the digital purchase files or license keys. Will not be buying again.,Negative,Technical Issue,2025-08-31
FB-00215,"Overall impression: Physical retail store was messy, disorganized, and understaffed during peak shopping hours. Please fix this issue as soon as possible.",Negative,General Feedback,2025-08-03
FB-02113,"Just wanted to share my feedback: Tracking status says delivered to resident, but security camera footage proves no driver showed up. Carrier mishandled the parcel. The fragile sticker was completely ignored and items were shattered. Extremely disappointing experience.",Negative,Delivery Issue,2025-08-10
FB-00326,"In my opinion, Support agent was useless and refused to answer simple questions on the phone. Escalated to a supervisor three days ago and still waiting in total silence for an update. Extremely disappointing experience.",Negative,Service Issue,2025-01-21
FB-02426,Warning to potential buyers: Infinite loading spinner when trying to download the digital purchase files or license keys. Will not be buying again.,Negative,Technical Issue,2025-09-03
FB-01868,"Here is my experience: The screen is vibrant and crisp with zero glare. Best display I have ever purchased. The fabric is luxurious, soft, and fits true to size. The stitching is impeccable. 10/10 would recommend to anyone.",Positive,Product Issue,2025-08-21
FB-01625,Quick update on my order: The product matches the specifications listed. It performs standard functions as described.,Neutral,Product Issue,2025-09-29
FB-01106,Reviewing this after one month: The promotional discount coupon code was accepted at checkout but the full price was charged anyway. I was double billed for a single order! Two identical charges appeared on my credit card statement. Average overall.,Negative,Payment Issue,2025-02-04
FB-02230,The headphones produce constant static noise in the left ear cup. Unusable for work calls. Hope management addresses this promptly.,Negative,Product Issue,2025-02-25
FB-01560,"In my opinion, Tracking updates were logged at each regional distribution center as expected. Decent enough for the price.",Neutral,Delivery Issue,2025-07-04
FB-02031,Seamless delivery experience. Box arrived in mint condition with zero dents or creases. Truly five star quality.,Positive,Delivery Issue,2025-02-04
FB-02739,"Writing this review after recent experience: The delivery guy was extremely rude, refused to bring the heavy parcel up the elevator. Package arrived two weeks past the guaranteed delivery date. Tracking was completely frozen. Will not be buying again.",Negative,Delivery Issue,2025-06-06
FB-00255,"Overall impression: The application requires iOS 16 or Android 12 minimum version to install. Password requirements require at least eight characters, one uppercase letter, and a number. Hope management addresses this promptly.",Neutral,Technical Issue,2026-02-27
FB-02224,Quick update on my order: Latest app update completely broke the biometric face ID login functionality on iOS. The mobile app crashes every single time I tap the checkout or view cart button.,Negative,Technical Issue,2025-03-15
FB-02094,Here is my experience: Support agent was useless and refused to answer simple questions on the phone. Will not be buying again.,Negative,Service Issue,2025-06-22
FB-02097,Just wanted to share my feedback: Product packaging uses far too much non-recyclable plastic and styrofoam. Very eco-unfriendly. Extremely disappointing experience.,Negative,General Feedback,2025-03-29
FB-00830,Here is my experience: It would be helpful to have a physical store location opened in the downtown metropolitan area. Decent enough for the price.,Neutral,General Feedback,2025-10-09
FB-01363,"Here is my experience: Package was left out in heavy pouring rain without any protective plastic wrap. The delivery guy was extremely rude, refused to bring the heavy parcel up the elevator. Decent enough for the price.",Negative,Delivery Issue,2026-02-12
FB-01508,"In my opinion, Superb audio fidelity with deep bass and crystal clear treble. Truly noise cancelling! Truly five star quality.",Positive,Product Issue,2026-01-28
FB-02671,"Quick update on my order: The loyalty rewards program has been devalued so heavily that accumulated points are virtually worthless. The new website redesign is messy, cluttered, and much harder to navigate than the previous layout. Hope management addresses this promptly.",Negative,General Feedback,2025-02-01
FB-00046,"Honestly, The checkout page applied an unauthorized recurring subscription charge without my explicit consent. Hope management addresses this promptly.",Negative,Payment Issue,2025-09-12
FB-02608,"Honestly, Bluetooth pairing disconnects constantly after three minutes of connection on modern Android. Password reset emails are never received, even after checking spam folders multiple times.",Negative,Technical Issue,2025-12-28
FB-00219,Just wanted to share my feedback: Operating hours for live phone support are Monday through Friday from 9 AM to 6 PM EST. Decent enough for the price.,Neutral,Service Issue,2025-05-27
FB-01445,"In my opinion, Remarkable ergonomics and silent keys. Typing all day has become significantly more comfortable. Highly recommend!",Positive,Product Issue,2026-01-06
FB-01923,Warning to potential buyers: The material feels standard. Let us see how durable it proves to be over the next few months. Product functions as stated in the user manual. No unexpected features or defects detected. Decent enough for the price.,Neutral,Product Issue,2025-04-09
FB-01478,Quick update on my order: The latest software update fixed all previous bugs. The app is lightning fast and responsive now! Will see how it holds up.,Positive,Technical Issue,2025-03-27
FB-02127,"To be completely frank, The payment gateway crashed during verification, resulting in pending holds on my debit card. Refused to honor price match policy despite valid proof submitted before the purchase. Average overall.",Negative,Payment Issue,2025-04-01
FB-02313,Overall impression: Order has been stuck at the local sorting hub for over ten days with no scheduled delivery date. Please fix this issue as soon as possible.,Negative,Delivery Issue,2025-02-11
FB-03075,Customer review: Ordered a size Large but it fits like an Extra Small. The sizing chart is completely inaccurate. Will not be buying again.,Negative,Product Issue,2025-08-31
FB-00252,"Reviewing this after one month: Order has been stuck at the local sorting hub for over ten days with no scheduled delivery date. The delivery guy was extremely rude, refused to bring the heavy parcel up the elevator. One star is too generous for this.",Negative,Delivery Issue,2025-10-01
FB-02657,"To be completely frank, The material feels standard. Let us see how durable it proves to be over the next few months. Decent enough for the price.",Neutral,Product Issue,2025-06-08
FB-00692,"In my opinion, Support agent was useless and refused to answer simple questions on the phone. Horrible customer service. Nobody takes accountability and every department blames the other. Will not be buying again.",Negative,Service Issue,2025-05-16
FB-01613,"Honestly, Average build quality. It is acceptable for occasional household use. Please fix this issue as soon as possible.",Neutral,Product Issue,2025-02-07
FB-01252,API documentation is clear and the integration was completely error-free and stable under load. Will see how it holds up.,Positive,Technical Issue,2025-07-11
FB-03191,Here is my experience: The loyalty rewards program has been devalued so heavily that accumulated points are virtually worthless.,Negative,General Feedback,2025-07-06
FB-02908,"Just wanted to share my feedback: The shipping driver marked the package as delivered, but nothing was at my door or porch. Package arrived two weeks past the guaranteed delivery date. Tracking was completely frozen. Truly five star quality.",Negative,Delivery Issue,2025-05-07
FB-01510,"My honest feedback: Outstanding build quality! Feels hefty, solid, and premium in hand. Highly recommend this brand. The fabric is luxurious, soft, and fits true to size. The stitching is impeccable. Highly recommend!",Positive,Product Issue,2025-05-03
FB-02330,"Just wanted to share my feedback: Love shopping with this company! Always a delight, high standards, and wonderful overall experience. Great brand loyalty rewards program. Truly values recurring customers with meaningful perks. Please fix this issue as soon as possible.",Positive,General Feedback,2025-05-17
FB-02360,"In my opinion, I was double billed for a single order! Two identical charges appeared on my credit card statement. My payment went through and funds were deducted from my bank, but the website shows order failed. Will not be buying again.",Negative,Payment Issue,2025-10-20
FB-02983,Overall impression: Order has been stuck at the local sorting hub for over ten days with no scheduled delivery date. Delivery was delayed four separate times with zero explanation or notification from the carrier. Decent enough for the price.,Negative,Delivery Issue,2025-08-27
FB-00333,"In my opinion, Support ticket was logged under reference ID 49201 with an estimated reply time of 24 hours. One star is too generous for this.",Neutral,Service Issue,2025-05-19
FB-02065,Representative gave contradictory information compared to what is written in your official refund policy. Hope management addresses this promptly.,Negative,Service Issue,2025-06-03
FB-00001,"Reviewing this after one month: Smooth, glitch-free UI with intuitive navigation. Great performance even on older phone models. Single sign-on worked effortlessly and synchronized all my cross-platform cloud data in seconds. Will not be buying again.",Positive,Technical Issue,2025-04-08
FB-00743,Quick update on my order: Delivery was delayed four separate times with zero explanation or notification from the carrier. Decent enough for the price.,Negative,Delivery Issue,2025-08-21
FB-00508,Superb audio fidelity with deep bass and crystal clear treble. Truly noise cancelling! Remarkable ergonomics and silent keys. Typing all day has become significantly more comfortable. 10/10 would recommend to anyone.,Positive,Product Issue,2025-05-10
FB-02970,"Customer review: The outer shipping carton was completely soaked, torn open, and taped haphazardly by the courier. Package arrived two weeks past the guaranteed delivery date. Tracking was completely frozen. Extremely disappointing experience.",Negative,Delivery Issue,2025-09-01
FB-01162,"Customer review: The fabric is luxurious, soft, and fits true to size. The stitching is impeccable. Truly five star quality.",Positive,Product Issue,2025-08-25
FB-03111,"The application requires iOS 16 or Android 12 minimum version to install. Standard service, nothing extraordinary.",Neutral,Technical Issue,2025-01-22
FB-00310,Writing this review after recent experience: Software update prompt appeared upon launching the application as scheduled. Hope management addresses this promptly.,Neutral,Technical Issue,2025-10-29
FB-02909,"Honestly, Delivery driver followed all delivery instructions perfectly and hid the parcel behind the pillar. Average overall.",Positive,  DELIVERY ISSUE  ,2025-12-20
FB-01838,"Writing this review after recent experience: Tracking status says delivered to resident, but security camera footage proves no driver showed up. Package arrived two weeks past the guaranteed delivery date. Tracking was completely frozen. Will see how it holds up.",Negative,Delivery Issue,2025-10-26
FB-00212,Writing this review after recent experience: Defective unit received. It refuses to power on even after charging overnight with the original cable. One star is too generous for this.,Negative,Product Issue,2025-09-23
FB-00599,Warning to potential buyers: Direct debit was processed twice in one billing cycle. Bank overdraft fees incurred as a result. Please fix this issue as soon as possible.,Negative,Payment Issue,2026-03-06
FB-00271,Quick update on my order: Feedback regarding the store hours: extending Sunday opening hours to 8 PM would be beneficial. Very satisfied with this purchase.,Neutral,General Feedback,2025-10-23
FB-02300,"My honest feedback: Not as advertised at all. The color shown online was vibrant navy blue, but what arrived is faded grey. Extremely disappointing experience.",Negative,Product Issue,2026-02-18
FB-02141,Overall impression: A pre-authorization hold was placed on the card and settled upon shipment dispatch. Billing statement displays the company merchant name and invoice reference number. Average overall.,Neutral,Payment Issue,2026-03-02
FB-02463,My honest feedback: Package arrived in standard cardboard packaging with carrier shipping labels attached. The courier left the parcel in the designated parcel locker box. Decent enough for the price.,Neutral,Delivery Issue,2026-02-23
FB-00150,"Honestly, I would suggest adding more color options and sizes to your seasonal catalog in future releases. One star is too generous for this.",Neutral,General Feedback,2025-04-30
FB-02241,"My honest feedback: Smooth, glitch-free UI with intuitive navigation. Great performance even on older phone models. The latest software update fixed all previous bugs. The app is lightning fast and responsive now!",Positive,Technical Issue,2025-11-30
FB-00388,"Quick update on my order: Customer representative Sarah was phenomenal! Patient, attentive, and solved my problem in 5 minutes. Agent was knowledgeable, empathetic, and replaced my lost item without any hassle or friction. Very satisfied with this purchase.",Positive,Service Issue,2025-07-01
FB-03037,"Honestly, Courier was polite, arrived within the designated delivery window, and handed the package directly. Please fix this issue as soon as possible.",Positive,Delivery Issue,2025-03-16
FB-02939,Quick update on my order: The sole of the running shoe detached during my second jog. Shockingly substandard durability. Will not be buying again.,Negative,Product Issue,2026-02-09
FB-00034,"Honestly, The package arrived two days earlier than expected. Safe packaging with plenty of bubble wrap. Decent enough for the price.",Positive,Delivery Issue,2025-01-31
FB-02529,Just wanted to share my feedback: Delivery driver followed all delivery instructions perfectly and hid the parcel behind the pillar. Delivered in less than 24 hours in pristine condition. Super fast and careful logistics! Will see how it holds up.,Positive,Delivery Issue,2025-05-01
FB-01619,"Reviewing this after one month: Outstanding build quality! Feels hefty, solid, and premium in hand. Highly recommend this brand. Exceeded all my expectations. The battery lasts well over two full days of heavy use. 10/10 would recommend to anyone.",Positive,Product Issue,2025-12-01
FB-01738,"Honestly, Product packaging uses far too much non-recyclable plastic and styrofoam. Very eco-unfriendly.",Negative,General Feedback,2025-07-08
FB-00706,Quick update on my order: The browser extension consumes 100% CPU and causes Google Chrome to become unresponsive. Will see how it holds up.,Negative,Technical Issue,2025-03-21
FB-01234,"Customer review: The refund was promised within 3 to 5 business days, but four weeks have passed with no money returned. The payment gateway crashed during verification, resulting in pending holds on my debit card. Very satisfied with this purchase.",Negative,Payment Issue,2025-08-24
FB-02953,Reviewing this after one month: The screen is vibrant and crisp with zero glare. Best display I have ever purchased. Highly recommend!,Positive,Product Issue,2025-03-02
FB-00487,Customer review: Billing statement displays the company merchant name and invoice reference number. Will see how it holds up.,Neutral,Payment Issue,2026-01-18
FB-03152,"Overall impression: Battery life is terrible, barely lasts 45 minutes on a full charge instead of the advertised 8 hours. Please fix this issue as soon as possible.",Negative,Product Issue,2025-12-23
FB-00434,"To be completely frank, Delivery driver followed all delivery instructions perfectly and hid the parcel behind the pillar. Truly five star quality.",Positive,Delivery Issue,2026-01-12
FB-00735,"Customer representative Sarah was phenomenal! Patient, attentive, and solved my problem in 5 minutes. Hope management addresses this promptly.",Positive,Service Issue,2025-01-28
FB-03044,"In my opinion, Battery life is terrible, barely lasts 45 minutes on a full charge instead of the advertised 8 hours. Hardware failure after only two weeks. The buttons no longer register any clicks. One star is too generous for this.",Negative,Product Issue,2026-03-06
FB-01928,Just wanted to share my feedback: The loyalty rewards program has been devalued so heavily that accumulated points are virtually worthless. Please fix this issue as soon as possible.,Negative,General Feedback,2025-10-29
FB-03027,The material feels standard. Let us see how durable it proves to be over the next few months. Basic entry-level unit. It comes with standard plastic casing and standard power cords. Decent enough for the price.,Neutral,Product Issue,2025-11-16
FB-00977,Quick update on my order: Package was left out in heavy pouring rain without any protective plastic wrap. Package arrived two weeks past the guaranteed delivery date. Tracking was completely frozen. Will not be buying again.,Negative,Delivery Issue,2025-12-30
FB-01318,"My honest feedback: Accidental overcharge was proactively spotted and refunded by billing team before I even asked. Payment process was swift, seamless, and securely authenticated with Apple Pay. Truly five star quality.",Positive,Payment Issue,2025-01-26
FB-03151,Writing this review after recent experience: Average build quality. It is acceptable for occasional household use. The material feels standard. Let us see how durable it proves to be over the next few months. Very satisfied with this purchase.,Neutral,Product Issue,2025-03-22
FB-02660,Quick update on my order: The hinge feels loose and wobbles whenever opened. Not worth half of what I paid. Missing essential accessories from the retail box. Missing screws and power adapter. Average overall.,Negative,Product Issue,2025-09-28
FB-00189,Customer review: Received generic copy-paste canned responses that did not even address the issue I described. Extremely disappointing experience.,Negative,Service Issue,2025-08-20
FB-00813,"Honestly, The stitching on the jacket came undone after the very first gentle wash. Very poor quality control. Will not be buying again.",Negative,Product Issue,2025-03-07
FB-01323,"Overall impression: Representative gave contradictory information compared to what is written in your official refund policy. Standard service, nothing extraordinary.",Negative,Service Issue,2025-12-21
FB-03123,"In my opinion, The web portal uses standard HTTPS authentication and session cookie validation. Hope management addresses this promptly.",Neutral,Technical Issue,2025-12-29
FB-00737,"Honestly, The outer shipping carton was completely soaked, torn open, and taped haphazardly by the courier. Package was left out in heavy pouring rain without any protective plastic wrap. Will not be buying again.",Negative,Delivery Issue,2025-04-07
FB-00632,Just wanted to share my feedback: Customer support agent took quick action and resolved my issue immediately. Great service! Support team followed up with a courtesy call the next day to confirm everything was working smoothly. Truly five star quality.,Positive,Service Issue,2025-02-10
FB-01000,Warning to potential buyers: Product packaging uses far too much non-recyclable plastic and styrofoam. Very eco-unfriendly. Disappointed to see prices increased across the board while portion and package sizes were reduced. Will not be buying again.,Negative,General Feedback,2025-11-04
FB-01878,Customer review: Unable to remove my expired credit card from the saved billing wallet. Security concern! Please fix this issue as soon as possible.,Negative,Payment Issue,2025-05-30
FB-00325,"Order has been stuck at the local sorting hub for over ten days with no scheduled delivery date. The shipping driver marked the package as delivered, but nothing was at my door or porch. Truly five star quality.",Negative,Delivery Issue,2025-09-29
FB-01666,"Overall impression: Superb customer service experience, polite and helpful agents. One star is too generous for this.",Positive,Service Issue,2025-09-24
FB-02785,Just wanted to share my feedback: Single sign-on worked effortlessly and synchronized all my cross-platform cloud data in seconds.,Positive,Technical Issue,2025-09-27
FB-00247,Here is my experience: Website throws a 500 internal server error whenever I attempt to update my profile information. Bluetooth pairing disconnects constantly after three minutes of connection on modern Android. Very satisfied with this purchase.,Negative,Technical Issue,2026-03-12
FB-01912,Just wanted to share my feedback: Website throws a 500 internal server error whenever I attempt to update my profile information. Will not be buying again.,Negative,Technical Issue,2025-02-07
FB-01030,Customer review: Package was left out in heavy pouring rain without any protective plastic wrap. Hope management addresses this promptly.,Negative,Delivery Issue,2026-03-07
FB-03136,Customer review: A pre-authorization hold was placed on the card and settled upon shipment dispatch. Decent enough for the price.,Neutral,Payment Issue,2025-10-19
FB-01048,"Payment process was swift, seamless, and securely authenticated with Apple Pay. Will not be buying again.",Positive,Payment Issue,2025-10-17
FB-01534,"Customer review: Hardware failure after only two weeks. The buttons no longer register any clicks. Battery life is terrible, barely lasts 45 minutes on a full charge instead of the advertised 8 hours. Truly five star quality.",Negative,Product Issue,2026-01-08
FB-02788,"In my opinion, Payment process was swift, seamless, and securely authenticated with Apple Pay.",Positive,Payment Issue,2025-12-12
FB-00991,"The new user interface layout is modern, clean, visually appealing, and very easy on the eyes. Love shopping with this company! Always a delight, high standards, and wonderful overall experience. Decent enough for the price.",Positive,General Feedback,2025-04-12
FB-03009,"Quick update on my order: Not as advertised at all. The color shown online was vibrant navy blue, but what arrived is faded grey. One star is too generous for this.",Negative,Product Issue,2025-09-01
FB-02765,Warning to potential buyers: API documentation is clear and the integration was completely error-free and stable under load. Decent enough for the price.,Positive,Technical Issue,2026-03-15
FB-00875,"In my opinion, Outstanding build quality! Feels hefty, solid, and premium in hand. Highly recommend this brand. High quality product that matches the photos and descriptions perfectly. Very pleased. Very satisfied with this purchase.",Positive,Product Issue,2025-12-26
FB-01785,Here is my experience: Promotional discount coupon and reward points were applied smoothly at checkout with clear breakdown. Accidental overcharge was proactively spotted and refunded by billing team before I even asked. One star is too generous for this.,Positive,Payment Issue,2026-01-25
FB-02720,My honest feedback: The package arrived two days earlier than expected. Safe packaging with plenty of bubble wrap. Delivered in less than 24 hours in pristine condition. Super fast and careful logistics! Will not be buying again.,Positive,Delivery Issue,2025-03-05
FB-02382,Just wanted to share my feedback: Contacted customer support regarding policy clarification. Representative provided the standard policy text. Decent enough for the price.,Neutral,Service Issue,2025-08-20
FB-00730,Warning to potential buyers: Hardware failure after only two weeks. The buttons no longer register any clicks. Will not be buying again.,Negative,Product Issue,2025-08-27
FB-00548,"Warning to potential buyers: Physical retail store was messy, disorganized, and understaffed during peak shopping hours. Standard service, nothing extraordinary.",Negative,General Feedback,2026-02-20
FB-01095,"Overall impression: The fabric is luxurious, soft, and fits true to size. The stitching is impeccable. The screen is vibrant and crisp with zero glare. Best display I have ever purchased. Standard service, nothing extraordinary.",Positive,Product Issue,2025-10-13
FB-02963,"Just wanted to share my feedback: The application requires iOS 16 or Android 12 minimum version to install. Standard service, nothing extraordinary.",Neutral,Technical Issue,2025-05-13
FB-02974,Reviewing this after one month: Great brand loyalty rewards program. Truly values recurring customers with meaningful perks. 10/10 would recommend to anyone.,Positive,General Feedback,2025-04-19
FB-02515,Unable to remove my expired credit card from the saved billing wallet. Security concern! I was double billed for a single order! Two identical charges appeared on my credit card statement. Average overall.,Negative,Payment Issue,2025-11-07
FB-03185,"In my opinion, The billing department resolved my refund request within a few hours. Money back in my account! Accidental overcharge was proactively spotted and refunded by billing team before I even asked. Standard service, nothing extraordinary.",Positive,Payment Issue,2025-06-17
FB-02408,Warning to potential buyers: The hinge feels loose and wobbles whenever opened. Not worth half of what I paid. The stitching on the jacket came undone after the very first gentle wash. Very poor quality control. Average overall.,Negative,Product Issue,2025-04-17
FB-00176,Writing this review after recent experience: Payment processed through the standard 3D secure verification window without errors. The invoice shows standard itemized sales tax and shipping calculation. Will not be buying again.,Neutral,Payment Issue,2025-01-23
FB-02084,Overall impression: Delivery took four business days as estimated during checkout. Standard transit time. Tracking updates were logged at each regional distribution center as expected. Very satisfied with this purchase.,Neutral,Delivery Issue,2025-05-28
FB-00858,Reviewing this after one month: Bluetooth pairing disconnects constantly after three minutes of connection on modern Android. Session timeout occurs every two minutes while filling out the order details. Infuriating bug. Please fix this issue as soon as possible.,Negative,Technical Issue,2025-09-17
FB-02900,Just wanted to share my feedback: Payment processed through the standard 3D secure verification window without errors. One star is too generous for this.,Neutral,Payment Issue,2025-05-02
FB-02207,Writing this review after recent experience: Great brand loyalty rewards program. Truly values recurring customers with meaningful perks. Hope management addresses this promptly.,Positive,General Feedback,2025-10-04
FB-02931,"Here is my experience: Exceeded all my expectations. The battery lasts well over two full days of heavy use. Outstanding build quality! Feels hefty, solid, and premium in hand. Highly recommend this brand.",Positive,Product Issue,2025-04-25
FB-01201,Overall impression: Product smells strongly of harsh chemicals and the material feels flimsy and brittle. Average overall.,Negative,Product Issue,2025-12-29
FB-02432,Just wanted to share my feedback: Excessive marketing emails and push notifications sent three times a day despite opting out. Will not be buying again.,Negative,General Feedback,2025-04-26
FB-02046,Reviewing this after one month: Invoice receipt was sent instantly to my email with clear itemized taxes and discounts. Promotional discount coupon and reward points were applied smoothly at checkout with clear breakdown. Very satisfied with this purchase.,Positive,Payment Issue,2025-04-12
FB-01232,"My honest feedback: The device overheats within ten minutes of normal usage. Severe fire hazard in my opinion. Not as advertised at all. The color shown online was vibrant navy blue, but what arrived is faded grey. Extremely disappointing experience.",Negative,Product Issue,2025-01-21
FB-02721,Just wanted to share my feedback: Support team followed up with a courtesy call the next day to confirm everything was working smoothly. Will not be buying again.,Positive,Service Issue,2025-09-16
FB-02655,Quick update on my order: The application requires iOS 16 or Android 12 minimum version to install. Decent enough for the price.,Neutral,Technical Issue,2025-06-06
FB-02155,My honest feedback: Works straight out of the box with zero fuss. Intuitive design and rock solid performance. Truly five star quality.,Positive,Product Issue,2025-04-06
FB-01437,Warning to potential buyers: Representative gave contradictory information compared to what is written in your official refund policy. One star is too generous for this.,Negative,Service Issue,2025-08-10
FB-01611,"In my opinion, Payment processed through the standard 3D secure verification window without errors. Will see how it holds up.",Neutral,Payment Issue,2025-07-24
FB-02786,"Honestly, The screen is vibrant and crisp with zero glare. Best display I have ever purchased. Works straight out of the box with zero fuss. Intuitive design and rock solid performance. Truly five star quality.",Positive,Product Issue,2025-10-01
FB-00683,"To be completely frank, The payment gateway crashed during verification, resulting in pending holds on my debit card. I was double billed for a single order! Two identical charges appeared on my credit card statement. Please fix this issue as soon as possible.",Negative,Payment Issue,2025-05-21
FB-01351,"Reviewing this after one month: Outstanding build quality! Feels hefty, solid, and premium in hand. Highly recommend this brand. Remarkable ergonomics and silent keys. Typing all day has become significantly more comfortable. 10/10 would recommend to anyone.",Positive,Product Issue,2026-01-11
FB-02958,Overall impression: Completely dissatisfied with the build quality. The zipper got stuck immediately and broke off. Will not be buying again.,Negative,Product Issue,2025-07-06
FB-02087,"Just wanted to share my feedback: Quick and easy payment processing, very secure and transparent billing statements. Will not be buying again.",Positive,Payment Issue,2025-12-23
FB-01719,"To be completely frank, Ordered a size Large but it fits like an Extra Small. The sizing chart is completely inaccurate. Completely dissatisfied with the build quality. The zipper got stuck immediately and broke off. Hope management addresses this promptly.",Negative,Product Issue,2025-06-13
FB-02992,My honest feedback: The product matches the specifications listed. It performs standard functions as described. Average overall.,Neutral,Product Issue,2025-06-15
FB-00297,Overall impression: The latest software update fixed all previous bugs. The app is lightning fast and responsive now! 10/10 would recommend to anyone.,Positive,Technical Issue,2025-06-08
FB-00777,Quick update on my order: Package arrived two weeks past the guaranteed delivery date. Tracking was completely frozen. Extremely disappointing experience.,Negative,Delivery Issue,2025-03-10
FB-01273,"The desktop application constantly freezes during data sync, losing all unsaved customer entries. The mobile app crashes every single time I tap the checkout or view cart button. Will not be buying again.",Negative,Technical Issue,2025-10-12
FB-02047,"Honestly, Shipping timeframe was within the standard five to seven day window indicated on the invoice.",Neutral,Delivery Issue,2025-02-27
FB-00267,Writing this review after recent experience: The device overheats within ten minutes of normal usage. Severe fire hazard in my opinion. Will not be buying again.,Negative,Product Issue,2026-03-07
FB-01412,Quick update on my order: Single sign-on worked effortlessly and synchronized all my cross-platform cloud data in seconds. Truly five star quality.,Positive,Technical Issue,2026-01-30
FB-00197,"Reviewing this after one month: Smooth, glitch-free UI with intuitive navigation. Great performance even on older phone models. API documentation is clear and the integration was completely error-free and stable under load. One star is too generous for this.",Positive,Technical Issue,2025-10-13
FB-02172,My honest feedback: The commitment to eco-friendly biodegradable packaging is commendable and deeply appreciated. Decent enough for the price.,Positive,General Feedback,2025-08-11
FB-03106,Overall impression: The loyalty rewards program has been devalued so heavily that accumulated points are virtually worthless. Very satisfied with this purchase.,Negative,General Feedback,2025-10-27
FB-00089,Just wanted to share my feedback: Tracking updates were logged at each regional distribution center as expected. Will see how it holds up.,Neutral,Delivery Issue,2026-02-07
FB-00279,Quick update on my order: Delivery was delayed four separate times with zero explanation or notification from the carrier. Will see how it holds up.,Negative,Delivery Issue,2026-02-08
FB-03159,Overall impression: It performs the required tasks. The design is utilitarian and does what it is supposed to. The material feels standard. Let us see how durable it proves to be over the next few months. Decent enough for the price.,Neutral,Product Issue,2025-12-08
FB-01746,Writing this review after recent experience: Support team followed up with a courtesy call the next day to confirm everything was working smoothly. Highly recommend!,Positive,Service Issue,2026-03-13
FB-02261,"To be completely frank, Bluetooth pairing disconnects constantly after three minutes of connection on modern Android.",Negative,Technical Issue,2025-09-26
FB-03140,Overall impression: Refund was processed back to my bank account instantly. Great service and hassle free transaction! Truly five star quality.,Positive,Payment Issue,2025-09-03
FB-01711,"In my opinion, Waited on the phone for two hours and customer agent gave zero assistance. Support agent closed my ticket without providing any resolution or response to my question. Truly five star quality.",Negative,Service Issue,2025-03-13
FB-01114,Overall impression: Support agent closed my ticket without providing any resolution or response to my question. Average overall.,Negative,Service Issue,2026-01-10
FB-02017,Overall impression: The stitching on the jacket came undone after the very first gentle wash. Very poor quality control.,Negative,Product Issue,2026-02-17
FB-00799,"Overall impression: Payment process was swift, seamless, and securely authenticated with Apple Pay. Decent enough for the price.",Positive,Payment Issue,2025-12-22
FB-01778,Reviewing this after one month: Tracking updates were logged at each regional distribution center as expected. Decent enough for the price.,Neutral,Delivery Issue,2025-03-10
FB-00443,Writing this review after recent experience: Great brand loyalty rewards program. Truly values recurring customers with meaningful perks. Consistently wonderful service and quality across all my orders over the past three years. Keep it up! Truly five star quality.,Positive,General Feedback,2026-01-12
FB-00369,"Superb audio fidelity with deep bass and crystal clear treble. Truly noise cancelling! The fabric is luxurious, soft, and fits true to size. The stitching is impeccable. Hope management addresses this promptly.",Positive,Product Issue,2025-07-05
FB-00026,Overall impression: Received generic copy-paste canned responses that did not even address the issue I described. Truly five star quality.,Negative,Service Issue,2025-04-01
FB-00791,Warning to potential buyers: Product functions as stated in the user manual. No unexpected features or defects detected. Very satisfied with this purchase.,Neutral,Product Issue,2025-10-05
FB-01958,Overall impression: The package arrived two days earlier than expected. Safe packaging with plenty of bubble wrap. Seamless delivery experience. Box arrived in mint condition with zero dents or creases. Truly five star quality.,Positive,Delivery Issue,2025-02-09
FB-02307,Customer review: The live chat bot is an endless loop that refuses to transfer me to a human representative. Very satisfied with this purchase.,Negative,Service Issue,2025-07-14
FB-01212,"Just wanted to share my feedback: Package was left out in heavy pouring rain without any protective plastic wrap. Standard service, nothing extraordinary.",Negative,Delivery Issue,2025-12-27
FB-02379,Writing this review after recent experience: Superb audio fidelity with deep bass and crystal clear treble. Truly noise cancelling! Hope management addresses this promptly.,Positive,Product Issue,2025-07-26
FB-01379,Here is my experience: The courier left the parcel in the designated parcel locker box. Will not be buying again.,Neutral,Delivery Issue,2025-04-29
FB-01062,Just wanted to share my feedback: The material feels standard. Let us see how durable it proves to be over the next few months. Product functions as stated in the user manual. No unexpected features or defects detected. Will not be buying again.,Neutral,Product Issue,2025-11-21
FB-03179,"Here is my experience: My payment went through and funds were deducted from my bank, but the website shows order failed. Very satisfied with this purchase.",Negative,Payment Issue,2025-01-31
FB-01654,"Just wanted to share my feedback: Customer representative Sarah was phenomenal! Patient, attentive, and solved my problem in 5 minutes. 10/10 would recommend to anyone.",Positive,Service Issue,2026-03-10
FB-01564,"Customer review: Express next-day shipping fee paid, yet took seven business days to arrive. Terrible courier service. Will not be buying again.",Negative,Delivery Issue,2026-02-05
FB-00762,"To be completely frank, Superb customer service experience, polite and helpful agents.",Positive,Service Issue,2025-11-04
FB-02602,"In my opinion, The knife set is razor sharp right out of the box and balances comfortably in hand. Works straight out of the box with zero fuss. Intuitive design and rock solid performance. 10/10 would recommend to anyone.",Positive,Product Issue,2026-01-12
FB-02747,Warning to potential buyers: Latest app update completely broke the biometric face ID login functionality on iOS. Hope management addresses this promptly.,Negative,Technical Issue,2025-04-13
FB-02357,"Here is my experience: The shipping driver marked the package as delivered, but nothing was at my door or porch. One star is too generous for this.",Negative,Delivery Issue,2025-02-25
FB-03182,Customer review: Delivered in less than 24 hours in pristine condition. Super fast and careful logistics! Delivery driver followed all delivery instructions perfectly and hid the parcel behind the pillar.,Positive,Delivery Issue,2025-08-29
FB-03067,"To be completely frank, Works straight out of the box with zero fuss. Intuitive design and rock solid performance. The knife set is razor sharp right out of the box and balances comfortably in hand. Please fix this issue as soon as possible.",Positive,Product Issue,2025-03-15
FB-00068,My honest feedback: Disappointed to see prices increased across the board while portion and package sizes were reduced. Extremely disappointing experience.,Negative,General Feedback,2025-06-13
FB-00486,Warning to potential buyers: Promotional discount coupon and reward points were applied smoothly at checkout with clear breakdown. Truly five star quality.,Positive,Payment Issue,2026-01-18
FB-02724,"Honestly, The screen is vibrant and crisp with zero glare. Best display I have ever purchased. 10/10 would recommend to anyone.",Positive,Product Issue,2025-10-08
FB-02045,Quick update on my order: Feedback regarding the store hours: extending Sunday opening hours to 8 PM would be beneficial. Decent enough for the price.,Neutral,General Feedback,2025-07-20
FB-02365,My honest feedback: Package was left out in heavy pouring rain without any protective plastic wrap. Delivery was delayed four separate times with zero explanation or notification from the carrier. Will not be buying again.,Negative,Delivery Issue,2026-02-22
FB-01374,"To be completely frank, The refund was promised within 3 to 5 business days, but four weeks have passed with no money returned. The payment gateway crashed during verification, resulting in pending holds on my debit card. Will see how it holds up.",Negative,Payment Issue,2025-03-02
FB-00032,"In my opinion, Carrier mishandled the parcel. The fragile sticker was completely ignored and items were shattered. Order has been stuck at the local sorting hub for over ten days with no scheduled delivery date. Will not be buying again.",Negative,Delivery Issue,2026-02-17
FB-02835,My honest feedback: Seamless delivery experience. Box arrived in mint condition with zero dents or creases. Will see how it holds up.,Positive,Delivery Issue,2025-08-14
FB-02243,Customer review: Shipping timeframe was within the standard five to seven day window indicated on the invoice. Decent enough for the price.,Neutral,Delivery Issue,2025-06-06
FB-02339,"My honest feedback: Driver delivered my order to the wrong street address entirely. Neighbor had to bring it over. Tracking status says delivered to resident, but security camera footage proves no driver showed up. Will not be buying again.",Negative,Delivery Issue,2025-11-07
FB-00806,"To be completely frank, Invoice receipt was sent instantly to my email with clear itemized taxes and discounts. Highly recommend!",Positive,Payment Issue,2025-09-29
FB-02563,"In my opinion, The loyalty rewards program has been devalued so heavily that accumulated points are virtually worthless. Excessive marketing emails and push notifications sent three times a day despite opting out. Very satisfied with this purchase.",Negative,General Feedback,2025-03-08
FB-00696,Quick update on my order: Average build quality. It is acceptable for occasional household use. Decent enough for the price.,Neutral,Product Issue,2025-11-09
FB-00059,"Warning to potential buyers: Superb customer service experience, polite and helpful agents. Will see how it holds up.",Positive,Service Issue,2025-01-24
FB-02987,"Warning to potential buyers: Exceeded all my expectations. The battery lasts well over two full days of heavy use. Top tier craftsmanship. Everything feels durable, well-finished, and built to last years.",Positive,Product Issue,2025-06-19
FB-00424,"Honestly, Unable to remove my expired credit card from the saved billing wallet. Security concern! Please fix this issue as soon as possible.",Negative,Payment Issue,2026-03-05
FB-00344,My honest feedback: The latest software update fixed all previous bugs. The app is lightning fast and responsive now! Decent enough for the price.,Positive,Technical Issue,2025-04-10
FB-00573,Tracking updates were logged at each regional distribution center as expected. Decent enough for the price.,Neutral,Delivery Issue,2025-10-31
FB-00458,Warning to potential buyers: The latest software update fixed all previous bugs. The app is lightning fast and responsive now! Highly recommend!,Positive,Technical Issue,2025-09-03
FB-00167,Overall impression: Product catalog arrived in the mail today. Browsing through the new winter collection options. Decent enough for the price.,Neutral,General Feedback,2026-03-13
FB-00125,Quick update on my order: Payment issue was resolved promptly and the full refund was credited back to my card without delay. Very satisfied with this purchase.,Positive,Payment Issue,2025-07-11
FB-01147,"Overall impression: Physical retail store was messy, disorganized, and understaffed during peak shopping hours. Disappointed to see prices increased across the board while portion and package sizes were reduced. Standard service, nothing extraordinary.",Negative,General Feedback,2025-08-28
FB-00863,My honest feedback: Consistently wonderful service and quality across all my orders over the past three years. Keep it up! Very satisfied with this purchase.,Positive,General Feedback,2025-05-30
FB-02654,"To be completely frank, The new website redesign is messy, cluttered, and much harder to navigate than the previous layout. Decent enough for the price.",Negative,General Feedback,2025-09-05
FB-02105,"Quick update on my order: High quality product that matches the photos and descriptions perfectly. Very pleased. Outstanding build quality! Feels hefty, solid, and premium in hand. Highly recommend this brand. One star is too generous for this.",Positive,Product Issue,2026-01-18
FB-00450,"Overall impression: Excellent delivery tracking updates via SMS every step of the transit. Very impressed. Standard service, nothing extraordinary.",Positive,Delivery Issue,2026-01-11
FB-01043,"To be completely frank, Top tier craftsmanship. Everything feels durable, well-finished, and built to last years. The knife set is razor sharp right out of the box and balances comfortably in hand. Standard service, nothing extraordinary.",Positive,Product Issue,2025-08-06
FB-02299,"Honestly, The screen on this monitor has terrible backlight bleeding and dead pixels right in the center. Please fix this issue as soon as possible.",Negative,Product Issue,2025-12-26
FB-01238,Quick update on my order: Disappointed to see prices increased across the board while portion and package sizes were reduced. Extremely disappointing experience.,Negative,General Feedback,2025-06-09
FB-01747,"Overall impression: The outer shipping carton was completely soaked, torn open, and taped haphazardly by the courier. Tracking status says delivered to resident, but security camera footage proves no driver showed up. Very satisfied with this purchase.",Negative,Delivery Issue,2025-10-20
FB-02850,Writing this review after recent experience: Delivered in less than 24 hours in pristine condition. Super fast and careful logistics! 10/10 would recommend to anyone.,Positive,Delivery Issue,2025-09-05
FB-02796,"Warning to potential buyers: The delivery guy was extremely rude, refused to bring the heavy parcel up the elevator. The delivery courier literally threw the box over my gate and crushed the contents inside. Will not be buying again.",Negative,Delivery Issue,2025-05-23
FB-01362,Quick update on my order: Operating hours for live phone support are Monday through Friday from 9 AM to 6 PM EST. Truly five star quality.,Neutral,Service Issue,2025-12-21
FB-01954,My honest feedback: Average build quality. It is acceptable for occasional household use. The product matches the specifications listed. It performs standard functions as described. Decent enough for the price.,Neutral,Product Issue,2025-03-16
FB-01205,"Here is my experience: The desktop application constantly freezes during data sync, losing all unsaved customer entries. Please fix this issue as soon as possible.",Negative,Technical Issue,2025-03-20
FB-03070,Overall impression: Promotional discount coupon and reward points were applied smoothly at checkout with clear breakdown. Invoice receipt was sent instantly to my email with clear itemized taxes and discounts.,Positive,Payment Issue,2025-07-18
FB-00555,Overall impression: API documentation is clear and the integration was completely error-free and stable under load. One star is too generous for this.,Positive,  TECHNICAL ISSUE  ,2025-04-05
FB-01197,Customer review: Disappointed to see prices increased across the board while portion and package sizes were reduced. Average overall.,Negative,General Feedback,2025-12-05
FB-02009,"Just wanted to share my feedback: Customer representative Sarah was phenomenal! Patient, attentive, and solved my problem in 5 minutes. Hope management addresses this promptly.",Positive,Service Issue,2025-12-05
FB-00766,"Reviewing this after one month: Smooth, glitch-free UI with intuitive navigation. Great performance even on older phone models. The latest software update fixed all previous bugs. The app is lightning fast and responsive now! Very satisfied with this purchase.",Positive,Technical Issue,2025-06-27
FB-00177,Direct debit was processed twice in one billing cycle. Bank overdraft fees incurred as a result. One star is too generous for this.,Negative,Payment Issue,2025-10-01
FB-01823,"Writing this review after recent experience: The screen on this monitor has terrible backlight bleeding and dead pixels right in the center. Ordered a size Large but it fits like an Extra Small. The sizing chart is completely inaccurate. Standard service, nothing extraordinary.",Negative,Product Issue,2025-07-13
FB-02321,"In my opinion, Tracking status says delivered to resident, but security camera footage proves no driver showed up. Package was left out in heavy pouring rain without any protective plastic wrap. Decent enough for the price.",Negative,Delivery Issue,2025-05-20
FB-02544,"Overall impression: Best support experience I have ever had. The agent went above and beyond to make things right. Customer representative Sarah was phenomenal! Patient, attentive, and solved my problem in 5 minutes.",Positive,Service Issue,2025-05-24
FB-00773,Warning to potential buyers: Package arrived in standard cardboard packaging with carrier shipping labels attached. The courier left the parcel in the designated parcel locker box. Truly five star quality.,Neutral,Delivery Issue,2026-01-11
FB-01668,"Honestly, The item is functional. Dimensions match the specification sheet provided on the website. It performs the required tasks. The design is utilitarian and does what it is supposed to. One star is too generous for this.",Neutral,Product Issue,2025-10-21
FB-01714,My honest feedback: Delivered in less than 24 hours in pristine condition. Super fast and careful logistics! Seamless delivery experience. Box arrived in mint condition with zero dents or creases. Will not be buying again.,Positive,Delivery Issue,2026-01-19
FB-01150,Warning to potential buyers: Product catalog arrived in the mail today. Browsing through the new winter collection options. I would suggest adding more color options and sizes to your seasonal catalog in future releases. Very satisfied with this purchase.,Neutral,General Feedback,2025-12-08
FB-00512,Overall impression: Package arrived in standard cardboard packaging with carrier shipping labels attached. Average overall.,Neutral,Delivery Issue,2025-07-14
FB-01915,"The shipping driver marked the package as delivered, but nothing was at my door or porch. Carrier mishandled the parcel. The fragile sticker was completely ignored and items were shattered. Please fix this issue as soon as possible.",Negative,Delivery Issue,2025-08-28
FB-01128,The delivery courier literally threw the box over my gate and crushed the contents inside. Package arrived two weeks past the guaranteed delivery date. Tracking was completely frozen. Will not be buying again.,Negative,Delivery Issue,2025-11-20
FB-00081,"Honestly, The fabric is luxurious, soft, and fits true to size. The stitching is impeccable. Truly five star quality.",Positive,Product Issue,2025-08-24
FB-00963,Overall impression: Standard quality for the price point. Neither exceptionally good nor noticeably bad. Please fix this issue as soon as possible.,Neutral,Product Issue,2025-11-28
FB-03112,"Warning to potential buyers: My payment went through and funds were deducted from my bank, but the website shows order failed. Will not be buying again.",Negative,Payment Issue,2025-05-24
FB-02440,Customer review: Operating hours for live phone support are Monday through Friday from 9 AM to 6 PM EST. Will see how it holds up.,Neutral,Service Issue,2025-03-07
FB-02927,Writing this review after recent experience: The checkout page applied an unauthorized recurring subscription charge without my explicit consent. I was double billed for a single order! Two identical charges appeared on my credit card statement. Will not be buying again.,Negative,Payment Issue,2025-04-30
FB-01638,Writing this review after recent experience: The sole of the running shoe detached during my second jog. Shockingly substandard durability. Decent enough for the price.,Negative,Product Issue,2026-01-26
FB-01555,Overall impression: The screen is vibrant and crisp with zero glare. Best display I have ever purchased. One star is too generous for this.,Positive,Product Issue,2026-02-04
FB-00178,Writing this review after recent experience: Works straight out of the box with zero fuss. Intuitive design and rock solid performance. Remarkable ergonomics and silent keys. Typing all day has become significantly more comfortable. Please fix this issue as soon as possible.,Positive,Product Issue,2025-11-30
FB-02292,Customer review: Works straight out of the box with zero fuss. Intuitive design and rock solid performance. Superb audio fidelity with deep bass and crystal clear treble. Truly noise cancelling! Average overall.,Positive,Product Issue,2025-06-14
FB-00802,"Honestly, The courier left the parcel in the designated parcel locker box. Standard service, nothing extraordinary.",Neutral,Delivery Issue,2025-02-19
FB-02743,Just wanted to share my feedback: The screen is vibrant and crisp with zero glare. Best display I have ever purchased. Will not be buying again.,Positive,Product Issue,2025-10-12
FB-02356,Overall impression: Delivered in less than 24 hours in pristine condition. Super fast and careful logistics! Delivery driver followed all delivery instructions perfectly and hid the parcel behind the pillar.,Positive,Delivery Issue,2025-11-30
FB-01236,"In my opinion, Disappointed to see prices increased across the board while portion and package sizes were reduced. One star is too generous for this.",Negative,General Feedback,2026-01-15
FB-01024,"Honestly, Excellent delivery tracking updates via SMS every step of the transit. Very impressed. Hope management addresses this promptly.",Positive,Delivery Issue,2025-03-13
FB-02487,Quick update on my order: Delivery driver followed all delivery instructions perfectly and hid the parcel behind the pillar. Truly five star quality.,Positive,Delivery Issue,2025-12-26
FB-00371,My honest feedback: Invoice receipt was sent instantly to my email with clear itemized taxes and discounts.,Positive,Payment Issue,2025-07-06
FB-00403,Overall impression: Survey response regarding brand awareness: learned about your products through an online podcast ad. Decent enough for the price.,Neutral,General Feedback,2025-03-26
FB-01211,Here is my experience: Driver delivered my order to the wrong street address entirely. Neighbor had to bring it over. Decent enough for the price.,Negative,Delivery Issue,2025-04-29
FB-00507,"To be completely frank, Product functions as stated in the user manual. No unexpected features or defects detected. Decent enough for the price.",Neutral,Product Issue,2026-03-01
FB-02866,"Overall impression: Payment process was swift, seamless, and securely authenticated with Apple Pay. Payment issue was resolved promptly and the full refund was credited back to my card without delay. 10/10 would recommend to anyone.",Positive,Payment Issue,2025-07-31
FB-01777,Customer review: The application requires iOS 16 or Android 12 minimum version to install. The web portal uses standard HTTPS authentication and session cookie validation. Decent enough for the price.,Neutral,Technical Issue,2025-05-02
FB-01458,"Writing this review after recent experience: The delivery courier literally threw the box over my gate and crushed the contents inside. Carrier mishandled the parcel. The fragile sticker was completely ignored and items were shattered. Standard service, nothing extraordinary.",Negative,Delivery Issue,2025-06-17
FB-01884,"To be completely frank, Immediate response on live chat within 30 seconds. Handled my inquiry with total professionalism. Decent enough for the price.",Positive,Service Issue,2026-03-20
FB-02003,"In my opinion, Support agent was useless and refused to answer simple questions on the phone. Horrible customer service. Nobody takes accountability and every department blames the other. Average overall.",Negative,Service Issue,2025-12-08
FB-01663,My honest feedback: API documentation is clear and the integration was completely error-free and stable under load. Average overall.,Positive,Technical Issue,2025-04-07
FB-00811,Overall impression: Delivery driver followed all delivery instructions perfectly and hid the parcel behind the pillar. Delivered in less than 24 hours in pristine condition. Super fast and careful logistics! Will see how it holds up.,Positive,Delivery Issue,2025-12-24
FB-02680,Reviewing this after one month: Bluetooth pairing disconnects constantly after three minutes of connection on modern Android. Decent enough for the price.,Negative,Technical Issue,2026-01-18
FB-01311,"To be completely frank, Delivered in less than 24 hours in pristine condition. Super fast and careful logistics! 10/10 would recommend to anyone.",Positive,Delivery Issue,2025-06-03
FB-00930,Warning to potential buyers: Crash reporting tool automatically recovered my unsaved workspace data after my computer rebooted.,Positive,Technical Issue,2025-04-26
FB-00142,Writing this review after recent experience: Accidental overcharge was proactively spotted and refunded by billing team before I even asked. Please fix this issue as soon as possible.,Positive,Payment Issue,2025-09-05
FB-02553,My honest feedback: Seamless delivery experience. Box arrived in mint condition with zero dents or creases. Highly recommend!,Positive,Delivery Issue,2025-06-27
FB-02674,Quick update on my order: The latest software update fixed all previous bugs. The app is lightning fast and responsive now! Hope management addresses this promptly.,Positive,Technical Issue,2025-08-20
FB-01546,"Just wanted to share my feedback: Top tier craftsmanship. Everything feels durable, well-finished, and built to last years. Very satisfied with this purchase.",Positive,Product Issue,2025-12-11
FB-00600,Customer review: Support ticket was logged under reference ID 49201 with an estimated reply time of 24 hours. Will not be buying again.,Neutral,Service Issue,2025-08-22
FB-00671,"To be completely frank, API documentation is clear and the integration was completely error-free and stable under load. Smooth, glitch-free UI with intuitive navigation. Great performance even on older phone models. Decent enough for the price.",Positive,Technical Issue,2025-07-07
FB-00622,Reviewing this after one month: Disappointed to see prices increased across the board while portion and package sizes were reduced. Product packaging uses far too much non-recyclable plastic and styrofoam. Very eco-unfriendly. Truly five star quality.,Negative,General Feedback,2025-07-01
FB-01537,"Just wanted to share my feedback: Customer support representative was extremely rude, dismissive, and hung up on me mid-sentence. Average overall.",Negative,Service Issue,2025-07-31
FB-00568,My honest feedback: Single sign-on worked effortlessly and synchronized all my cross-platform cloud data in seconds. Truly five star quality.,Positive,Technical Issue,2025-02-10
FB-03122,"Customer review: Password requirements require at least eight characters, one uppercase letter, and a number. Decent enough for the price.",Neutral,Technical Issue,2025-11-09
FB-00472,Delivery took four business days as estimated during checkout. Standard transit time. Very satisfied with this purchase.,Neutral,Delivery Issue,2025-02-02
FB-02495,Here is my experience: Data synchronization executes automatically at 15-minute intervals when connected to Wi-Fi. Please fix this issue as soon as possible.,Neutral,Technical Issue,2025-10-03
FB-00679,Customer review: Tracking updates were logged at each regional distribution center as expected. Please fix this issue as soon as possible.,Neutral,Delivery Issue,2026-03-17
FB-00248,"Here is my experience: Password reset emails are never received, even after checking spam folders multiple times. The mobile app crashes every single time I tap the checkout or view cart button. Will not be buying again.",Negative,Technical Issue,2025-11-17
FB-02534,"Quick update on my order: Agent promised a follow-up call back by 3 PM yesterday, but nobody ever bothered to call. Support agent was useless and refused to answer simple questions on the phone. Very satisfied with this purchase.",Negative,Service Issue,2025-12-19
FB-01293,Quick update on my order: Refused to honor price match policy despite valid proof submitted before the purchase. Decent enough for the price.,Negative,Payment Issue,2025-12-19
FB-00888,The device overheats within ten minutes of normal usage. Severe fire hazard in my opinion. Will not be buying again.,Negative,Product Issue,2026-03-06
FB-01869,"My honest feedback: Superb audio fidelity with deep bass and crystal clear treble. Truly noise cancelling! Top tier craftsmanship. Everything feels durable, well-finished, and built to last years. Truly five star quality.",Positive,Product Issue,2025-08-07
FB-01012,"In my opinion, Package arrived in standard cardboard packaging with carrier shipping labels attached. One star is too generous for this.",Neutral,Delivery Issue,2026-01-01
FB-03024,My honest feedback: Product packaging uses far too much non-recyclable plastic and styrofoam. Very eco-unfriendly. Excessive marketing emails and push notifications sent three times a day despite opting out. Will see how it holds up.,Negative,General Feedback,2026-01-01
FB-01917,"In my opinion, API documentation is clear and the integration was completely error-free and stable under load. 10/10 would recommend to anyone.",Positive,Technical Issue,2026-01-30
FB-00760,Writing this review after recent experience: Excellent delivery tracking updates via SMS every step of the transit. Very impressed. Will not be buying again.,Positive,Delivery Issue,2026-01-02
FB-02644,Just wanted to share my feedback: Standard quality for the price point. Neither exceptionally good nor noticeably bad. Decent enough for the price.,Neutral,Product Issue,2025-09-14
FB-02919,"In my opinion, Love shopping with this company! Always a delight, high standards, and wonderful overall experience. Please fix this issue as soon as possible.",Positive,General Feedback,2026-01-31
FB-02878,Tracking updates were logged at each regional distribution center as expected. Decent enough for the price.,Neutral,Delivery Issue,2025-12-23
FB-02943,"In my opinion, Horrible customer service. Nobody takes accountability and every department blames the other. Will not be buying again.",Negative,Service Issue,2025-06-04
FB-02830,Just wanted to share my feedback: The latest software update fixed all previous bugs. The app is lightning fast and responsive now! Hope management addresses this promptly.,Positive,Technical Issue,2025-01-21
FB-00163,"To be completely frank, Smooth, glitch-free UI with intuitive navigation. Great performance even on older phone models. Crash reporting tool automatically recovered my unsaved workspace data after my computer rebooted. Hope management addresses this promptly.",Positive,Technical Issue,2026-01-12
FB-02548,"To be completely frank, Search filter on the store website is completely broken; returning zero results for standard items.",Negative,Technical Issue,2026-02-09
FB-01004,"Honestly, Customer representative Sarah was phenomenal! Patient, attentive, and solved my problem in 5 minutes. Support team followed up with a courtesy call the next day to confirm everything was working smoothly. Truly five star quality.",Positive,Service Issue,2026-01-04
FB-02125,Just wanted to share my feedback: Payment processed through the standard 3D secure verification window without errors. The invoice shows standard itemized sales tax and shipping calculation. Truly five star quality.,Neutral,Payment Issue,2026-03-15
FB-02132,Writing this review after recent experience: The knife set is razor sharp right out of the box and balances comfortably in hand. Exceeded all my expectations. The battery lasts well over two full days of heavy use. Truly five star quality.,  positive  ,Product Issue,2025-05-09
FB-00579,Quick update on my order: The screen is vibrant and crisp with zero glare. Best display I have ever purchased. Please fix this issue as soon as possible.,Positive,Product Issue,2025-06-25
FB-02288,Customer review: The replacement unit had the exact same defect as the first one. Terrible manufacturing batches. Decent enough for the price.,Negative,Product Issue,2025-09-14
FB-02985,My honest feedback: Delivery driver followed all delivery instructions perfectly and hid the parcel behind the pillar. Truly five star quality.,Positive,Delivery Issue,2025-09-04
FB-02936,Customer review: Support agent was useless and refused to answer simple questions on the phone. Will not be buying again.,Negative,Service Issue,2025-06-04
FB-01375,"Customer review: Product smells strongly of harsh chemicals and the material feels flimsy and brittle. Battery life is terrible, barely lasts 45 minutes on a full charge instead of the advertised 8 hours.",Negative,Product Issue,2026-01-30
FB-00810,"Honestly, The knife set is razor sharp right out of the box and balances comfortably in hand. Exceeded all my expectations. The battery lasts well over two full days of heavy use. Average overall.",Positive,Product Issue,2025-08-21
FB-03001,Customer review: The checkout page applied an unauthorized recurring subscription charge without my explicit consent. Refused to honor price match policy despite valid proof submitted before the purchase. Decent enough for the price.,Negative,Payment Issue,2026-01-12
FB-02397,"To be completely frank, Payment process was swift, seamless, and securely authenticated with Apple Pay. Highly recommend!",Positive,Payment Issue,2025-03-15
FB-00074,"Overall impression: The browser extension consumes 100% CPU and causes Google Chrome to become unresponsive. The mobile app crashes every single time I tap the checkout or view cart button. Standard service, nothing extraordinary.",Negative,Technical Issue,2025-02-19
FB-00049,Writing this review after recent experience: Support agent closed my ticket without providing any resolution or response to my question. Customer agent took over two hours to answer and then hung up the phone without helping. Truly five star quality.,Negative,Service Issue,2025-09-26
FB-02969,The blender blades became dull after blending soft fruits twice. Terrible motor vibration. Will see how it holds up.,Negative,Product Issue,2025-05-27
FB-01906,Delivered in less than 24 hours in pristine condition. Super fast and careful logistics! Very satisfied with this purchase.,Positive,Delivery Issue,2025-03-07
FB-02317,Just wanted to share my feedback: Item feels like a counterfeit knockoff. Materials are noticeably different from authentic retail stores. Decent enough for the price.,Negative,Product Issue,2025-03-18
FB-02282,Just wanted to share my feedback: Package was left out in heavy pouring rain without any protective plastic wrap. Order has been stuck at the local sorting hub for over ten days with no scheduled delivery date. One star is too generous for this.,Negative,Delivery Issue,2025-06-19
FB-01124,Writing this review after recent experience: Waited on the phone for two hours and customer agent gave zero assistance. Customer agent took over two hours to answer and then hung up the phone without helping. Extremely disappointing experience.,Negative,Service Issue,2025-12-18
FB-00818,Here is my experience: The package arrived two days earlier than expected. Safe packaging with plenty of bubble wrap. Will see how it holds up.,Positive,Delivery Issue,2026-02-21
FB-02187,"Overall impression: Ordered a size Large but it fits like an Extra Small. The sizing chart is completely inaccurate. Not as advertised at all. The color shown online was vibrant navy blue, but what arrived is faded grey. Hope management addresses this promptly.",Negative,Product Issue,2025-12-27
FB-02217,Quick update on my order: The package arrived two days earlier than expected. Safe packaging with plenty of bubble wrap. Will see how it holds up.,Positive,Delivery Issue,2025-11-13
FB-01862,"Honestly, The item is functional. Dimensions match the specification sheet provided on the website. Decent enough for the price.",Neutral,Product Issue,2025-08-05
FB-01911,"To be completely frank, Physical retail store was messy, disorganized, and understaffed during peak shopping hours. Truly five star quality.",Negative,General Feedback,2025-11-09
FB-02059,Writing this review after recent experience: Item feels like a counterfeit knockoff. Materials are noticeably different from authentic retail stores. The hinge feels loose and wobbles whenever opened. Not worth half of what I paid. Please fix this issue as soon as possible.,Negative,Product Issue,2025-08-10
FB-01615,Here is my experience: Delivery was delayed four separate times with zero explanation or notification from the carrier. Extremely disappointing experience.,Negative,Delivery Issue,2025-08-13
FB-02263,"Reviewing this after one month: Data synchronization executes automatically at 15-minute intervals when connected to Wi-Fi. Password requirements require at least eight characters, one uppercase letter, and a number. Decent enough for the price.",Neutral,Technical Issue,2026-02-07
FB-00757,Just wanted to share my feedback: Crash reporting tool automatically recovered my unsaved workspace data after my computer rebooted. Hope management addresses this promptly.,Positive,Technical Issue,2026-02-13
FB-01926,"Honestly, Consistently wonderful service and quality across all my orders over the past three years. Keep it up! Will not be buying again.",Positive,General Feedback,2025-08-30
FB-01139,"Writing this review after recent experience: Promotional discount coupon and reward points were applied smoothly at checkout with clear breakdown. The billing department resolved my refund request within a few hours. Money back in my account! Standard service, nothing extraordinary.",Positive,Payment Issue,2025-10-26
FB-01296,Here is my experience: Accidental overcharge was proactively spotted and refunded by billing team before I even asked. Invoice receipt was sent instantly to my email with clear itemized taxes and discounts. Highly recommend!,Positive,Payment Issue,2025-09-10
FB-01492,The latest software update fixed all previous bugs. The app is lightning fast and responsive now! One star is too generous for this.,Positive,Technical Issue,2025-03-30
FB-02967,"Just wanted to share my feedback: Refused to honor price match policy despite valid proof submitted before the purchase. Standard service, nothing extraordinary.",Negative,Payment Issue,2025-08-31
FB-02677,My honest feedback: Representative confirmed receipt of documents and forwarded them to the review department. Truly five star quality.,Neutral,Service Issue,2025-09-16
FB-01603,My honest feedback: Standard quality for the price point. Neither exceptionally good nor noticeably bad. It performs the required tasks. The design is utilitarian and does what it is supposed to. Decent enough for the price.,Neutral,Product Issue,2026-02-01
FB-02510,"Reviewing this after one month: Customer support representative was extremely rude, dismissive, and hung up on me mid-sentence. Please fix this issue as soon as possible.",Negative,Service Issue,2026-03-07
FB-00565,"In my opinion, Item feels like a counterfeit knockoff. Materials are noticeably different from authentic retail stores. Will not be buying again.",Negative,Product Issue,2025-07-04
FB-02422,"Overall impression: Battery life is terrible, barely lasts 45 minutes on a full charge instead of the advertised 8 hours. Will see how it holds up.",Negative,Product Issue,2025-10-13
FB-01028,Reviewing this after one month: Single sign-on worked effortlessly and synchronized all my cross-platform cloud data in seconds. Please fix this issue as soon as possible.,Positive,Technical Issue,2025-02-27
FB-01671,"Overall impression: Courier was polite, arrived within the designated delivery window, and handed the package directly. Very satisfied with this purchase.",Positive,Delivery Issue,2025-12-31
FB-02403,Warning to potential buyers: The phone agent hung up on me after keeping me on hold for an hour. Unacceptable behavior. One star is too generous for this.,Negative,Service Issue,2025-06-03
FB-02585,Overall impression: The charge reflects the exact amount stated on the order summary page. Payment processed through the standard 3D secure verification window without errors. Will see how it holds up.,Neutral,Payment Issue,2025-08-28
FB-01566,Reviewing this after one month: Works straight out of the box with zero fuss. Intuitive design and rock solid performance. Truly five star quality.,Positive,Product Issue,2025-07-20
FB-01816,Here is my experience: The browser extension consumes 100% CPU and causes Google Chrome to become unresponsive. Search filter on the store website is completely broken; returning zero results for standard items. Will not be buying again.,Negative,Technical Issue,2026-01-31
FB-02305,"To be completely frank, Carrier mishandled the parcel. The fragile sticker was completely ignored and items were shattered. One star is too generous for this.",Negative,Delivery Issue,2025-04-26
FB-00946,Writing this review after recent experience: The delivery courier literally threw the box over my gate and crushed the contents inside. Package was left out in heavy pouring rain without any protective plastic wrap. Please fix this issue as soon as possible.,Negative,Delivery Issue,2025-04-25
FB-02606,"Writing this review after recent experience: The new user interface layout is modern, clean, visually appealing, and very easy on the eyes. Love shopping with this company! Always a delight, high standards, and wonderful overall experience. Decent enough for the price.",Positive,General Feedback,2025-12-06
FB-02458,"In my opinion, Outstanding build quality! Feels hefty, solid, and premium in hand. Highly recommend this brand. Truly five star quality.",Positive,Product Issue,2026-01-11
FB-02799,"Just wanted to share my feedback: Customer representative Sarah was phenomenal! Patient, attentive, and solved my problem in 5 minutes. Best support experience I have ever had. The agent went above and beyond to make things right. Average overall.",Positive,Service Issue,2025-03-13
FB-00109,Reviewing this after one month: Remarkable ergonomics and silent keys. Typing all day has become significantly more comfortable. Highly recommend!,Positive,Product Issue,2025-12-12
FB-01007,"Quick update on my order: The latest software update fixed all previous bugs. The app is lightning fast and responsive now! Smooth, glitch-free UI with intuitive navigation. Great performance even on older phone models. Average overall.",Positive,Technical Issue,2025-09-30
FB-01899,"Customer review: The delivery guy was extremely rude, refused to bring the heavy parcel up the elevator. Very satisfied with this purchase.",Negative,Delivery Issue,2025-09-11
FB-00319,Overall impression: Survey response regarding brand awareness: learned about your products through an online podcast ad. Will see how it holds up.,Neutral,General Feedback,2025-10-07
FB-02336,Just wanted to share my feedback: Seamless delivery experience. Box arrived in mint condition with zero dents or creases. The package arrived two days earlier than expected. Safe packaging with plenty of bubble wrap. Please fix this issue as soon as possible.,Positive,Delivery Issue,2025-07-23
FB-00595,"Warning to potential buyers: Shipping timeframe was within the standard five to seven day window indicated on the invoice. The package arrived on the scheduled date within the afternoon delivery window. Standard service, nothing extraordinary.",Neutral,Delivery Issue,2025-09-26
FB-01174,Just wanted to share my feedback: Payment processed through the standard 3D secure verification window without errors.,Neutral,Payment Issue,2025-12-28
FB-03143,"To be completely frank, Password reset emails are never received, even after checking spam folders multiple times. Latest app update completely broke the biometric face ID login functionality on iOS.",Negative,Technical Issue,2025-10-15
FB-02025,Customer review: Package arrived in standard cardboard packaging with carrier shipping labels attached. The courier left the parcel in the designated parcel locker box. Will see how it holds up.,Neutral,Delivery Issue,2026-01-14
FB-02956,"Writing this review after recent experience: Outstanding build quality! Feels hefty, solid, and premium in hand. Highly recommend this brand. Superb audio fidelity with deep bass and crystal clear treble. Truly noise cancelling! Standard service, nothing extraordinary.",Positive,Product Issue,2026-01-12
FB-01538,Reviewing this after one month: A pre-authorization hold was placed on the card and settled upon shipment dispatch. Hope management addresses this promptly.,Neutral,Payment Issue,2025-08-16
FB-02805,Warning to potential buyers: Missing essential accessories from the retail box. Missing screws and power adapter. The device overheats within ten minutes of normal usage. Severe fire hazard in my opinion. Extremely disappointing experience.,Negative,Product Issue,2025-09-15
FB-02666,"In my opinion, Outstanding build quality! Feels hefty, solid, and premium in hand. Highly recommend this brand. Average overall.",Positive,Product Issue,2025-08-15
FB-00865,"Writing this review after recent experience: Password reset emails are never received, even after checking spam folders multiple times. Truly five star quality.",Negative,Technical Issue,2025-10-23
FB-00882,Quick update on my order: The knife set is razor sharp right out of the box and balances comfortably in hand. Will not be buying again.,Positive,Product Issue,2026-03-18
FB-02622,"To be completely frank, Bluetooth pairing disconnects constantly after three minutes of connection on modern Android. Will not be buying again.",Negative,Technical Issue,2026-03-01
FB-00583,"In my opinion, Escalated to a supervisor three days ago and still waiting in total silence for an update. Will not be buying again.",Negative,Service Issue,2025-04-20
FB-02267,Reviewing this after one month: Billing statement displays the company merchant name and invoice reference number. Decent enough for the price.,Neutral,Payment Issue,2025-04-02
FB-02020,Website throws a 500 internal server error whenever I attempt to update my profile information. Decent enough for the price.,Negative,Technical Issue,2025-12-06
FB-00603,"In my opinion, The headphones produce constant static noise in the left ear cup. Unusable for work calls. Average overall.",Negative,Product Issue,2025-04-26
FB-00057,Overall impression: Survey response regarding brand awareness: learned about your products through an online podcast ad. Feedback regarding the store hours: extending Sunday opening hours to 8 PM would be beneficial. Decent enough for the price.,Neutral,General Feedback,2025-02-03
FB-01887,"Just wanted to share my feedback: Quick and easy payment processing, very secure and transparent billing statements. Truly five star quality.",Positive,Payment Issue,2025-12-02
FB-01722,"To be completely frank, Crash reporting tool automatically recovered my unsaved workspace data after my computer rebooted. Will see how it holds up.",Positive,Technical Issue,2025-03-15
FB-02180,"Reviewing this after one month: Exceeded all my expectations. The battery lasts well over two full days of heavy use. Outstanding build quality! Feels hefty, solid, and premium in hand. Highly recommend this brand. One star is too generous for this.",Positive,Product Issue,2025-09-27
FB-00655,Overall impression: Bluetooth pairing disconnects constantly after three minutes of connection on modern Android. The browser extension consumes 100% CPU and causes Google Chrome to become unresponsive. One star is too generous for this.,Negative,Technical Issue,2025-06-14
FB-00469,Quick update on my order: Package arrived in standard cardboard packaging with carrier shipping labels attached. The courier left the parcel in the designated parcel locker box. Decent enough for the price.,Neutral,Delivery Issue,2026-02-20
FB-01986,"Just wanted to share my feedback: The new website redesign is messy, cluttered, and much harder to navigate than the previous layout. Truly five star quality.",Negative,General Feedback,2025-03-24
FB-02314,Reviewing this after one month: Product smells strongly of harsh chemicals and the material feels flimsy and brittle. The blender blades became dull after blending soft fruits twice. Terrible motor vibration. Very satisfied with this purchase.,Negative,Product Issue,2025-06-10
FB-00536,"In my opinion, It would be helpful to have a physical store location opened in the downtown metropolitan area. I would suggest adding more color options and sizes to your seasonal catalog in future releases. Decent enough for the price.",Neutral,General Feedback,2025-12-07
FB-00611,"Customer review: The new website redesign is messy, cluttered, and much harder to navigate than the previous layout. Will not be buying again.",Negative,General Feedback,2025-06-07
FB-00606,"Quick update on my order: Invoice receipt was sent instantly to my email with clear itemized taxes and discounts. Payment process was swift, seamless, and securely authenticated with Apple Pay. Average overall.",Positive,Payment Issue,2025-09-08
FB-02637,"Just wanted to share my feedback: The outer shipping carton was completely soaked, torn open, and taped haphazardly by the courier. The delivery guy was extremely rude, refused to bring the heavy parcel up the elevator. Decent enough for the price.",Negative,Delivery Issue,2025-05-21
FB-02412,Just wanted to share my feedback: Session timeout occurs every two minutes while filling out the order details. Infuriating bug. Decent enough for the price.,Negative,Technical Issue,2025-05-13
FB-01558,Here is my experience: Support agent closed my ticket without providing any resolution or response to my question. Decent enough for the price.,Negative,Service Issue,2026-02-28
FB-00756,Overall impression: Superb audio fidelity with deep bass and crystal clear treble. Truly noise cancelling! Please fix this issue as soon as possible.,Positive,Product Issue,2025-01-31
FB-00070,Overall impression: Order has been stuck at the local sorting hub for over ten days with no scheduled delivery date. Package was left out in heavy pouring rain without any protective plastic wrap. One star is too generous for this.,Negative,Delivery Issue,2025-03-09
FB-02929,"My honest feedback: Customer representative Sarah was phenomenal! Patient, attentive, and solved my problem in 5 minutes. Highly recommend!",Positive,Service Issue,2025-05-26
FB-02826,"In my opinion, Great brand loyalty rewards program. Truly values recurring customers with meaningful perks. Consistently wonderful service and quality across all my orders over the past three years. Keep it up! Please fix this issue as soon as possible.",Positive,General Feedback,2025-03-10
FB-01834,My honest feedback: Refund was processed back to my bank account instantly. Great service and hassle free transaction! Decent enough for the price.,Positive,Payment Issue,2025-07-27
FB-00437,"Reviewing this after one month: Agent was knowledgeable, empathetic, and replaced my lost item without any hassle or friction. 10/10 would recommend to anyone.",Positive,Service Issue,2025-07-31
FB-02171,"Courier was polite, arrived within the designated delivery window, and handed the package directly. Seamless delivery experience. Box arrived in mint condition with zero dents or creases. Decent enough for the price.",Positive,Delivery Issue,2025-10-08
FB-02264,Quick update on my order: Operating hours for live phone support are Monday through Friday from 9 AM to 6 PM EST. Will not be buying again.,Neutral,Service Issue,2025-05-30
FB-00209,"To be completely frank, Delivered in less than 24 hours in pristine condition. Super fast and careful logistics! One star is too generous for this.",Positive,Delivery Issue,2025-05-08
FB-00938,Warning to potential buyers: The hinge feels loose and wobbles whenever opened. Not worth half of what I paid. The sole of the running shoe detached during my second jog. Shockingly substandard durability. Hope management addresses this promptly.,Negative,Product Issue,2025-03-14
FB-00566,"To be completely frank, Seamless delivery experience. Box arrived in mint condition with zero dents or creases. Will see how it holds up.",Positive,Delivery Issue,2026-01-30
FB-00314,Warning to potential buyers: Feedback regarding the store hours: extending Sunday opening hours to 8 PM would be beneficial. I would suggest adding more color options and sizes to your seasonal catalog in future releases. Decent enough for the price.,Neutral,General Feedback,2025-04-19
FB-00602,"Reviewing this after one month: Smooth, glitch-free UI with intuitive navigation. Great performance even on older phone models. Truly five star quality.",Positive,Technical Issue,2025-05-08
FB-00234,Reviewing this after one month: Support agent was useless and refused to answer simple questions on the phone. Decent enough for the price.,  negative  ,Service Issue,2026-02-26
FB-00677,"Here is my experience: Smooth, glitch-free UI with intuitive navigation. Great performance even on older phone models. Highly recommend!",Positive,Technical Issue,2025-09-09
FB-02619,"Quick update on my order: Password reset emails are never received, even after checking spam folders multiple times. Average overall.",Negative,Technical Issue,2025-02-19
FB-03069,"Honestly, The live chat bot is an endless loop that refuses to transfer me to a human representative. Support agent closed my ticket without providing any resolution or response to my question.",Negative,Service Issue,2025-02-24
FB-00845,Just wanted to share my feedback: Crash reporting tool automatically recovered my unsaved workspace data after my computer rebooted. Single sign-on worked effortlessly and synchronized all my cross-platform cloud data in seconds. Truly five star quality.,Positive,Technical Issue,2025-10-06
FB-00112,Reviewing this after one month: The billing department resolved my refund request within a few hours. Money back in my account! Highly recommend!,Positive,Payment Issue,2025-04-28
FB-01339,"Honestly, The headphones produce constant static noise in the left ear cup. Unusable for work calls. One star is too generous for this.",Negative,Product Issue,2025-01-19
FB-02350,"To be completely frank, The refund was promised within 3 to 5 business days, but four weeks have passed with no money returned. Average overall.",Negative,Payment Issue,2025-05-14
FB-03019,"Quick update on my order: Not as advertised at all. The color shown online was vibrant navy blue, but what arrived is faded grey. Hope management addresses this promptly.",Negative,Product Issue,2025-06-08
FB-03161,"Honestly, Seamless delivery experience. Box arrived in mint condition with zero dents or creases. Very satisfied with this purchase.",Positive,Delivery Issue,2025-07-19
FB-00795,"Writing this review after recent experience: Payment processed through the standard 3D secure verification window without errors. Billing statement displays the company merchant name and invoice reference number. Standard service, nothing extraordinary.",Neutral,Payment Issue,2025-10-10
FB-00473,"Just wanted to share my feedback: Physical retail store was messy, disorganized, and understaffed during peak shopping hours. Disappointed to see prices increased across the board while portion and package sizes were reduced. Truly five star quality.",Negative,General Feedback,2025-10-08
FB-01160,My honest feedback: Session timeout occurs every two minutes while filling out the order details. Infuriating bug. Will not be buying again.,Negative,Technical Issue,2025-01-30
FB-02913,Here is my experience: Session timeout occurs every two minutes while filling out the order details. Infuriating bug. Will not be buying again.,Negative,Technical Issue,2026-03-04
FB-02596,"Reviewing this after one month: Infinite loading spinner when trying to download the digital purchase files or license keys. Website throws a 500 internal server error whenever I attempt to update my profile information. Standard service, nothing extraordinary.",Negative,Technical Issue,2025-07-12
FB-02925,"Here is my experience: Single sign-on worked effortlessly and synchronized all my cross-platform cloud data in seconds. Standard service, nothing extraordinary.",Positive,Technical Issue,2025-10-24
FB-03097,My honest feedback: Support ticket was logged under reference ID 49201 with an estimated reply time of 24 hours. Automated chat system provided links to the relevant knowledge base articles for my query. Truly five star quality.,Neutral,Service Issue,2025-02-08
FB-00656,"Overall impression: The outer shipping carton was completely soaked, torn open, and taped haphazardly by the courier. Standard service, nothing extraordinary.",Negative,Delivery Issue,2025-03-12
FB-01026,"To be completely frank, The web portal uses standard HTTPS authentication and session cookie validation. The application requires iOS 16 or Android 12 minimum version to install. Hope management addresses this promptly.",Neutral,Technical Issue,2025-10-16
FB-01245,"To be completely frank, I was double billed for a single order! Two identical charges appeared on my credit card statement. Average overall.",Negative,Payment Issue,2026-03-19
FB-01129,Overall impression: Direct debit was processed twice in one billing cycle. Bank overdraft fees incurred as a result. Please fix this issue as soon as possible.,Negative,Payment Issue,2025-03-22
FB-01872,Writing this review after recent experience: The invoice shows standard itemized sales tax and shipping calculation. Payment processed through the standard 3D secure verification window without errors. Decent enough for the price.,Neutral,Payment Issue,2025-03-27
FB-00362,"Customer review: Smooth, glitch-free UI with intuitive navigation. Great performance even on older phone models. Decent enough for the price.",Positive,Technical Issue,2026-01-29
FB-00136,"Honestly, Payment process was swift, seamless, and securely authenticated with Apple Pay. Average overall.",Positive,Payment Issue,2026-01-01
FB-02625,Here is my experience: The material feels standard. Let us see how durable it proves to be over the next few months. Very satisfied with this purchase.,Neutral,Product Issue,2025-06-10
FB-03107,"Customer review: Password requirements require at least eight characters, one uppercase letter, and a number. Hope management addresses this promptly.",Neutral,Technical Issue,2025-05-03
FB-01481,"In my opinion, The item is functional. Dimensions match the specification sheet provided on the website. The product matches the specifications listed. It performs standard functions as described. Truly five star quality.",Neutral,Product Issue,2025-10-07
FB-00898,"Quick update on my order: My payment went through and funds were deducted from my bank, but the website shows order failed. Will not be buying again.",Negative,Payment Issue,2025-07-17
FB-00367,Customer review: Infinite loading spinner when trying to download the digital purchase files or license keys. Search filter on the store website is completely broken; returning zero results for standard items. Will not be buying again.,Negative,Technical Issue,2025-06-16
FB-01967,"Honestly, The product matches the specifications listed. It performs standard functions as described. Basic entry-level unit. It comes with standard plastic casing and standard power cords. Hope management addresses this promptly.",Neutral,Product Issue,2025-07-19
FB-00030,Reviewing this after one month: Ordered a size Large but it fits like an Extra Small. The sizing chart is completely inaccurate. Please fix this issue as soon as possible.,Negative,Product Issue,2025-05-29
FB-03083,Reviewing this after one month: The browser extension consumes 100% CPU and causes Google Chrome to become unresponsive. Average overall.,Negative,Technical Issue,2025-02-03
FB-00023,Overall impression: Delivery driver followed all delivery instructions perfectly and hid the parcel behind the pillar. Will see how it holds up.,Positive,Delivery Issue,2025-11-18
FB-02546,Customer review: Item feels like a counterfeit knockoff. Materials are noticeably different from authentic retail stores. Will see how it holds up.,Negative,Product Issue,2025-03-12
FB-01042,"Honestly, Standard quality for the price point. Neither exceptionally good nor noticeably bad. Will not be buying again.",Neutral,Product Issue,2025-01-25
FB-02273,Warning to potential buyers: Crash reporting tool automatically recovered my unsaved workspace data after my computer rebooted. API documentation is clear and the integration was completely error-free and stable under load. Hope management addresses this promptly.,Positive,Technical Issue,2025-10-16
FB-01085,"Writing this review after recent experience: Courier was polite, arrived within the designated delivery window, and handed the package directly. Please fix this issue as soon as possible.",Positive,Delivery Issue,2025-03-05
FB-00421,"Customer review: Password reset emails are never received, even after checking spam folders multiple times. Will see how it holds up.",Negative,Technical Issue,2026-01-08
FB-01628,"In my opinion, Package was left out in heavy pouring rain without any protective plastic wrap. Will not be buying again.",Negative,Delivery Issue,2025-09-10
FB-00461,"In my opinion, The knife set is razor sharp right out of the box and balances comfortably in hand. Truly five star quality.",Positive,Product Issue,2025-07-07
FB-00044,My honest feedback: The package arrived two days earlier than expected. Safe packaging with plenty of bubble wrap. Decent enough for the price.,Positive,Delivery Issue,2025-10-10
FB-00088,"Writing this review after recent experience: Completely dissatisfied with the build quality. The zipper got stuck immediately and broke off. Not as advertised at all. The color shown online was vibrant navy blue, but what arrived is faded grey. Decent enough for the price.",Negative,Product Issue,2025-10-04
FB-01489,"Overall impression: Missing essential accessories from the retail box. Missing screws and power adapter. Standard service, nothing extraordinary.",Negative,Product Issue,2025-06-07
FB-01262,"Honestly, Exceeded all my expectations. The battery lasts well over two full days of heavy use.",Positive,Product Issue,2025-07-18
FB-01504,"Reviewing this after one month: Driver delivered my order to the wrong street address entirely. Neighbor had to bring it over. Tracking status says delivered to resident, but security camera footage proves no driver showed up. Truly five star quality.",Negative,Delivery Issue,2025-08-10
FB-00562,Warning to potential buyers: Operating hours for live phone support are Monday through Friday from 9 AM to 6 PM EST. Average overall.,Neutral,Service Issue,2026-01-08
FB-00283,My honest feedback: Customer support agent took quick action and resolved my issue immediately. Great service! Average overall.,Positive,Service Issue,2025-12-03
FB-02005,Ordered a size Large but it fits like an Extra Small. The sizing chart is completely inaccurate. Defective unit received. It refuses to power on even after charging overnight with the original cable. Very satisfied with this purchase.,Negative,Product Issue,2025-05-16
FB-02343,Here is my experience: Remarkable ergonomics and silent keys. Typing all day has become significantly more comfortable. Exceeded all my expectations. The battery lasts well over two full days of heavy use.,Positive,Product Issue,2025-05-31
FB-00841,Writing this review after recent experience: I was double billed for a single order! Two identical charges appeared on my credit card statement. Very satisfied with this purchase.,Negative,Payment Issue,2025-06-18
FB-03059,Writing this review after recent experience: The sole of the running shoe detached during my second jog. Shockingly substandard durability. Extremely disappointing experience.,Negative,Product Issue,2025-10-18
FB-01710,"To be completely frank, Standard quality for the price point. Neither exceptionally good nor noticeably bad. Product functions as stated in the user manual. No unexpected features or defects detected.",Neutral,Product Issue,2025-09-17
FB-00534,Quick update on my order: The billing department resolved my refund request within a few hours. Money back in my account! One star is too generous for this.,Positive,Payment Issue,2025-06-01
FB-00913,Overall impression: Hardware failure after only two weeks. The buttons no longer register any clicks. Truly five star quality.,Negative,Product Issue,2025-05-15
FB-02639,"Writing this review after recent experience: The promotional discount coupon code was accepted at checkout but the full price was charged anyway. Standard service, nothing extraordinary.",Negative,Payment Issue,2025-12-11
FB-02868,Here is my experience: Delivered in less than 24 hours in pristine condition. Super fast and careful logistics! 10/10 would recommend to anyone.,Positive,Delivery Issue,2026-01-08
FB-01422,Here is my experience: The hinge feels loose and wobbles whenever opened. Not worth half of what I paid. The replacement unit had the exact same defect as the first one. Terrible manufacturing batches. Please fix this issue as soon as possible.,Negative,Product Issue,2025-07-18
FB-02842,Here is my experience: Delivered in less than 24 hours in pristine condition. Super fast and careful logistics! Very satisfied with this purchase.,Positive,Delivery Issue,2025-03-03
FB-03057,"Writing this review after recent experience: Not as advertised at all. The color shown online was vibrant navy blue, but what arrived is faded grey. Hardware failure after only two weeks. The buttons no longer register any clicks. Will not be buying again.",Negative,Product Issue,2025-12-05
FB-03062,My honest feedback: Delivery driver followed all delivery instructions perfectly and hid the parcel behind the pillar. Truly five star quality.,Positive,Delivery Issue,2025-11-27
FB-01272,Warning to potential buyers: A pre-authorization hold was placed on the card and settled upon shipment dispatch. Payment processed through the standard 3D secure verification window without errors. Decent enough for the price.,Neutral,Payment Issue,2025-07-17
FB-03178,Writing this review after recent experience: Automated chat system provided links to the relevant knowledge base articles for my query. Operating hours for live phone support are Monday through Friday from 9 AM to 6 PM EST. Will see how it holds up.,Neutral,Service Issue,2025-07-29
FB-01727,"Warning to potential buyers: Payment process was swift, seamless, and securely authenticated with Apple Pay. 10/10 would recommend to anyone.",Positive,Payment Issue,2025-12-11
FB-02645,Quick update on my order: The hinge feels loose and wobbles whenever opened. Not worth half of what I paid. The blender blades became dull after blending soft fruits twice. Terrible motor vibration. Will not be buying again.,Negative,Product Issue,2026-03-12
FB-01092,Writing this review after recent experience: Infinite loading spinner when trying to download the digital purchase files or license keys. Will not be buying again.,Negative,Technical Issue,2025-03-03
FB-00638,"Here is my experience: The stitching on the jacket came undone after the very first gentle wash. Very poor quality control. Not as advertised at all. The color shown online was vibrant navy blue, but what arrived is faded grey.",Negative,Product Issue,2025-02-17
FB-01222,Warning to potential buyers: The browser extension consumes 100% CPU and causes Google Chrome to become unresponsive. Session timeout occurs every two minutes while filling out the order details. Infuriating bug. Very satisfied with this purchase.,Negative,Technical Issue,2026-02-25
FB-02190,"Honestly, The live chat bot is an endless loop that refuses to transfer me to a human representative.",Negative,Service Issue,2026-02-16
FB-02723,Here is my experience: Website throws a 500 internal server error whenever I attempt to update my profile information.,Negative,Technical Issue,2025-08-21
FB-01848,Just wanted to share my feedback: Feedback regarding the store hours: extending Sunday opening hours to 8 PM would be beneficial. Very satisfied with this purchase.,Neutral,General Feedback,2025-08-06
FB-02363,"To be completely frank, Courier was polite, arrived within the designated delivery window, and handed the package directly. Delivered in less than 24 hours in pristine condition. Super fast and careful logistics! Truly five star quality.",Positive,Delivery Issue,2025-03-21
FB-02816,Customer review: The hinge feels loose and wobbles whenever opened. Not worth half of what I paid. Truly five star quality.,Negative,Product Issue,2025-07-10
FB-01581,"Quick update on my order: The outer shipping carton was completely soaked, torn open, and taped haphazardly by the courier. Standard service, nothing extraordinary.",Negative,Delivery Issue,2026-01-16
FB-01111,Warning to potential buyers: Representative confirmed receipt of documents and forwarded them to the review department. Truly five star quality.,Neutral,Service Issue,2025-08-16
FB-00222,"To be completely frank, Customer support agent took quick action and resolved my issue immediately. Great service! Superb customer service experience, polite and helpful agents.",Positive,Service Issue,2025-11-14
FB-00544,Missing essential accessories from the retail box. Missing screws and power adapter. Will not be buying again.,Negative,Product Issue,2025-01-26
FB-01420,Overall impression: Order has been stuck at the local sorting hub for over ten days with no scheduled delivery date. Decent enough for the price.,Negative,Delivery Issue,2025-01-26
FB-02310,My honest feedback: Excessive marketing emails and push notifications sent three times a day despite opting out. Average overall.,Negative,General Feedback,2025-11-03
FB-00686,Writing this review after recent experience: Waited on the phone for two hours and customer agent gave zero assistance. Waited on hold for over 85 minutes only to be transferred to an automated voicemail system. Decent enough for the price.,Negative,Service Issue,2025-05-14
FB-01023,Warning to potential buyers: Excellent delivery tracking updates via SMS every step of the transit. Very impressed.,Positive,Delivery Issue,2025-10-26
FB-02120,Reviewing this after one month: The commitment to eco-friendly biodegradable packaging is commendable and deeply appreciated. 10/10 would recommend to anyone.,Positive,General Feedback,2026-02-11
FB-01966,Here is my experience: The package arrived two days earlier than expected. Safe packaging with plenty of bubble wrap. Decent enough for the price.,Positive,Delivery Issue,2025-07-26
FB-02777,My honest feedback: The loyalty rewards program has been devalued so heavily that accumulated points are virtually worthless. Will not be buying again.,Negative,General Feedback,2026-02-15
FB-02845,"Here is my experience: Physical retail store was messy, disorganized, and understaffed during peak shopping hours. Disappointed to see prices increased across the board while portion and package sizes were reduced. Hope management addresses this promptly.",Negative,General Feedback,2025-12-22
FB-02844,"Honestly, Accidental overcharge was proactively spotted and refunded by billing team before I even asked. Quick and easy payment processing, very secure and transparent billing statements. Highly recommend!",Positive,Payment Issue,2026-01-22
FB-01473,Overall impression: Product smells strongly of harsh chemicals and the material feels flimsy and brittle. Extremely disappointing experience.,Negative,Product Issue,2025-11-14
FB-02806,Here is my experience: Refused to honor price match policy despite valid proof submitted before the purchase. Decent enough for the price.,Negative,Payment Issue,2025-02-13
FB-00928,"To be completely frank, Automated chat system provided links to the relevant knowledge base articles for my query. Please fix this issue as soon as possible.",Neutral,Service Issue,2025-01-24
FB-01897,"In my opinion, Works straight out of the box with zero fuss. Intuitive design and rock solid performance. Decent enough for the price.",Positive,Product Issue,2026-03-15
FB-00273,Disappointed to see prices increased across the board while portion and package sizes were reduced. Will not be buying again.,Negative,General Feedback,2025-06-10
FB-00522,Just wanted to share my feedback: Delivered in less than 24 hours in pristine condition. Super fast and careful logistics! Delivery driver followed all delivery instructions perfectly and hid the parcel behind the pillar. Highly recommend!,Positive,Delivery Issue,2025-03-11
FB-00523,Customer review: Standard quality for the price point. Neither exceptionally good nor noticeably bad. The material feels standard. Let us see how durable it proves to be over the next few months. Truly five star quality.,Neutral,Product Issue,2026-03-05
FB-01779,Here is my experience: The hinge feels loose and wobbles whenever opened. Not worth half of what I paid. The item arrived broken and feels extremely cheap. The plastic cracked within two hours of use. Please fix this issue as soon as possible.,Negative,Product Issue,2025-09-12
FB-00790,Quick update on my order: Best support experience I have ever had. The agent went above and beyond to make things right. 10/10 would recommend to anyone.,Positive,Service Issue,2025-04-18
FB-01090,Reviewing this after one month: Received generic copy-paste canned responses that did not even address the issue I described. Decent enough for the price.,Negative,Service Issue,2025-11-03
FB-00351,"To be completely frank, Courier was polite, arrived within the designated delivery window, and handed the package directly. Average overall.",Positive,Delivery Issue,2025-04-07
FB-01074,"Quick update on my order: Search filter on the store website is completely broken; returning zero results for standard items. Standard service, nothing extraordinary.",Negative,Technical Issue,2025-12-30
FB-00840,Reviewing this after one month: Excessive marketing emails and push notifications sent three times a day despite opting out. One star is too generous for this.,Negative,General Feedback,2026-03-01
FB-01939,Writing this review after recent experience: Direct debit was processed twice in one billing cycle. Bank overdraft fees incurred as a result. One star is too generous for this.,Negative,Payment Issue,2025-12-20
FB-02494,My honest feedback: Carrier mishandled the parcel. The fragile sticker was completely ignored and items were shattered. Truly five star quality.,Negative,Delivery Issue,2025-06-27
FB-00652,"Honestly, The mobile app crashes every single time I tap the checkout or view cart button. Very satisfied with this purchase.",Negative,Technical Issue,2026-03-17
FB-02016,Writing this review after recent experience: The material feels standard. Let us see how durable it proves to be over the next few months. Product functions as stated in the user manual. No unexpected features or defects detected. Decent enough for the price.,Neutral,Product Issue,2025-06-04
FB-01814,Overall impression: Immediate response on live chat within 30 seconds. Handled my inquiry with total professionalism. Truly five star quality.,Positive,Service Issue,2025-04-19
FB-02787,My honest feedback: Support agent closed my ticket without providing any resolution or response to my question. One star is too generous for this.,Negative,Service Issue,2025-10-17
FB-01256,Reviewing this after one month: The package arrived on the scheduled date within the afternoon delivery window. Average overall.,Neutral,Delivery Issue,2025-06-21
FB-01851,"To be completely frank, Ordered a size Large but it fits like an Extra Small. The sizing chart is completely inaccurate. Truly five star quality.",Negative,Product Issue,2026-03-15
FB-01314,"Single sign-on worked effortlessly and synchronized all my cross-platform cloud data in seconds. Smooth, glitch-free UI with intuitive navigation. Great performance even on older phone models. Standard service, nothing extraordinary.",Positive,Technical Issue,2025-04-02
FB-02078,"In my opinion, Delivered in less than 24 hours in pristine condition. Super fast and careful logistics! Delivery driver followed all delivery instructions perfectly and hid the parcel behind the pillar. Will see how it holds up.",Positive,Delivery Issue,2026-03-07
FB-00169,"Customer review: Delivery was delayed four separate times with zero explanation or notification from the carrier. Tracking status says delivered to resident, but security camera footage proves no driver showed up.",Negative,Delivery Issue,2025-05-07
FB-02695,My honest feedback: Single sign-on worked effortlessly and synchronized all my cross-platform cloud data in seconds. The latest software update fixed all previous bugs. The app is lightning fast and responsive now! One star is too generous for this.,Positive,Technical Issue,2025-06-10
FB-01103,"Writing this review after recent experience: Password requirements require at least eight characters, one uppercase letter, and a number. Software update prompt appeared upon launching the application as scheduled. Will see how it holds up.",Neutral,Technical Issue,2025-08-07
FB-02620,Customer review: Consistently wonderful service and quality across all my orders over the past three years. Keep it up! Great brand loyalty rewards program. Truly values recurring customers with meaningful perks. One star is too generous for this.,Positive,General Feedback,2025-05-20
FB-02753,Overall impression: Accidental overcharge was proactively spotted and refunded by billing team before I even asked. 10/10 would recommend to anyone.,Positive,Payment Issue,2025-08-09
FB-03168,"Reviewing this after one month: API documentation is clear and the integration was completely error-free and stable under load. The latest software update fixed all previous bugs. The app is lightning fast and responsive now! Standard service, nothing extraordinary.",Positive,Technical Issue,2025-03-11
FB-00901,Warning to potential buyers: Direct debit was processed twice in one billing cycle. Bank overdraft fees incurred as a result. Very satisfied with this purchase.,Negative,Payment Issue,2026-01-30
FB-01651,"Reviewing this after one month: Not as advertised at all. The color shown online was vibrant navy blue, but what arrived is faded grey. Please fix this issue as soon as possible.",Negative,Product Issue,2025-10-24
FB-01609,"Honestly, The checkout page applied an unauthorized recurring subscription charge without my explicit consent. The payment gateway crashed during verification, resulting in pending holds on my debit card. Hope management addresses this promptly.",Negative,Payment Issue,2026-03-05
FB-01455,Quick update on my order: Package arrived in standard cardboard packaging with carrier shipping labels attached. Average overall.,Neutral,Delivery Issue,2025-05-13
FB-02406,Just wanted to share my feedback: Accidental overcharge was proactively spotted and refunded by billing team before I even asked.,Positive,Payment Issue,2025-02-19
FB-00220,Overall impression: I was double billed for a single order! Two identical charges appeared on my credit card statement. Please fix this issue as soon as possible.,Negative,Payment Issue,2025-04-21
FB-00368,"In my opinion, Product catalog arrived in the mail today. Browsing through the new winter collection options. I would suggest adding more color options and sizes to your seasonal catalog in future releases.",Neutral,General Feedback,2025-02-22
FB-02111,"Warning to potential buyers: Agent was knowledgeable, empathetic, and replaced my lost item without any hassle or friction. Superb customer service experience, polite and helpful agents. Very satisfied with this purchase.",Positive,Service Issue,2025-06-05
FB-00550,Contacted customer support regarding policy clarification. Representative provided the standard policy text. Automated chat system provided links to the relevant knowledge base articles for my query. Hope management addresses this promptly.,Neutral,Service Issue,2026-03-04
FB-02453,"Writing this review after recent experience: The replacement unit had the exact same defect as the first one. Terrible manufacturing batches. Standard service, nothing extraordinary.",Negative,Product Issue,2025-06-23
FB-02304,Just wanted to share my feedback: Crash reporting tool automatically recovered my unsaved workspace data after my computer rebooted. The latest software update fixed all previous bugs. The app is lightning fast and responsive now! Please fix this issue as soon as possible.,Positive,Technical Issue,2026-03-05
FB-01992,Customer review: Software update prompt appeared upon launching the application as scheduled. Truly five star quality.,Neutral,Technical Issue,2025-12-01
FB-00352,"In my opinion, Delivery was delayed four separate times with zero explanation or notification from the carrier. Extremely disappointing experience.",Negative,Delivery Issue,2025-02-11
FB-01152,"Honestly, Representative gave contradictory information compared to what is written in your official refund policy.",Negative,Service Issue,2025-07-01
FB-02098,"To be completely frank, Billing statement displays the company merchant name and invoice reference number. The invoice shows standard itemized sales tax and shipping calculation. Truly five star quality.",Neutral,Payment Issue,2025-08-12
FB-02290,Reviewing this after one month: I was double billed for a single order! Two identical charges appeared on my credit card statement. Direct debit was processed twice in one billing cycle. Bank overdraft fees incurred as a result. Extremely disappointing experience.,Negative,Payment Issue,2026-02-14
FB-00491,"To be completely frank, Payment process was swift, seamless, and securely authenticated with Apple Pay. Will not be buying again.",Positive,Payment Issue,2026-03-14
FB-02890,"Quick update on my order: Seamless delivery experience. Box arrived in mint condition with zero dents or creases. Courier was polite, arrived within the designated delivery window, and handed the package directly. Decent enough for the price.",Positive,Delivery Issue,2025-08-21
FB-02551,"Writing this review after recent experience: The payment gateway crashed during verification, resulting in pending holds on my debit card. The checkout page applied an unauthorized recurring subscription charge without my explicit consent. Please fix this issue as soon as possible.",Negative,Payment Issue,2025-05-16
FB-00499,"Overall impression: The desktop application constantly freezes during data sync, losing all unsaved customer entries. Very satisfied with this purchase.",Negative,Technical Issue,2025-02-07
FB-01916,The loyalty rewards program has been devalued so heavily that accumulated points are virtually worthless. Disappointed to see prices increased across the board while portion and package sizes were reduced. One star is too generous for this.,Negative,General Feedback,2025-08-20
FB-00211,Writing this review after recent experience: Delivery driver followed all delivery instructions perfectly and hid the parcel behind the pillar. 10/10 would recommend to anyone.,Positive,Delivery Issue,2025-02-15
FB-02253,Reviewing this after one month: Missing essential accessories from the retail box. Missing screws and power adapter. Decent enough for the price.,Negative,Product Issue,2025-12-07
FB-02342,Just wanted to share my feedback: Product functions as stated in the user manual. No unexpected features or defects detected. Standard quality for the price point. Neither exceptionally good nor noticeably bad. Will see how it holds up.,Neutral,Product Issue,2025-12-15
FB-00651,Just wanted to share my feedback: The package arrived two days earlier than expected. Safe packaging with plenty of bubble wrap. Truly five star quality.,Positive,Delivery Issue,2025-08-02
FB-00228,"In my opinion, The screen on this monitor has terrible backlight bleeding and dead pixels right in the center. Hardware failure after only two weeks. The buttons no longer register any clicks. One star is too generous for this.",Negative,Product Issue,2025-10-03
FB-00366,"Customer review: Refund was processed back to my bank account instantly. Great service and hassle free transaction! Quick and easy payment processing, very secure and transparent billing statements. Truly five star quality.",Positive,Payment Issue,2025-04-26
FB-00966,"My honest feedback: The fabric is luxurious, soft, and fits true to size. The stitching is impeccable. Exceeded all my expectations. The battery lasts well over two full days of heavy use. Highly recommend!",Positive,Product Issue,2025-02-26
FB-00277,"To be completely frank, The item is functional. Dimensions match the specification sheet provided on the website. Decent enough for the price.",Neutral,Product Issue,2025-07-06
FB-02148,Customer review: The courier left the parcel in the designated parcel locker box. Truly five star quality.,Neutral,Delivery Issue,2025-08-01
FB-01804,"Overall impression: Smooth, glitch-free UI with intuitive navigation. Great performance even on older phone models. Truly five star quality.",Positive,Technical Issue,2026-02-17
FB-01175,Quick update on my order: Delivery driver followed all delivery instructions perfectly and hid the parcel behind the pillar. Hope management addresses this promptly.,Positive,Delivery Issue,2025-05-24
FB-01584,"My honest feedback: Water leaks right through the supposed waterproof seam. Ruined my electronics during light rain. Standard service, nothing extraordinary.",Negative,Product Issue,2025-04-17
FB-01730,"My honest feedback: Outstanding build quality! Feels hefty, solid, and premium in hand. Highly recommend this brand. Superb audio fidelity with deep bass and crystal clear treble. Truly noise cancelling!",Positive,Product Issue,2025-10-11
FB-00408,My honest feedback: The billing department resolved my refund request within a few hours. Money back in my account! Truly five star quality.,Positive,Payment Issue,2026-02-05
FB-02471,My honest feedback: Standard quality for the price point. Neither exceptionally good nor noticeably bad. It performs the required tasks. The design is utilitarian and does what it is supposed to. One star is too generous for this.,Neutral,Product Issue,2025-11-15
FB-02628,Quick update on my order: Representative gave contradictory information compared to what is written in your official refund policy. One star is too generous for this.,Negative,Service Issue,2025-04-18
FB-02513,Overall impression: Unable to remove my expired credit card from the saved billing wallet. Security concern! Will not be buying again.,Negative,Payment Issue,2026-01-02
FB-02452,Writing this review after recent experience: The phone agent hung up on me after keeping me on hold for an hour. Unacceptable behavior. Decent enough for the price.,Negative,Service Issue,2025-06-13
FB-02448,My honest feedback: Basic entry-level unit. It comes with standard plastic casing and standard power cords. Decent enough for the price.,Neutral,Product Issue,2025-05-22
FB-02588,Just wanted to share my feedback: Search filter on the store website is completely broken; returning zero results for standard items. Will not be buying again.,Negative,Technical Issue,2026-02-20
FB-00786,"My honest feedback: Customer representative Sarah was phenomenal! Patient, attentive, and solved my problem in 5 minutes. Will not be buying again.",Positive,Service Issue,2025-11-30
FB-00008,"Honestly, Website throws a 500 internal server error whenever I attempt to update my profile information. Extremely disappointing experience.",Negative,Technical Issue,2025-10-29
FB-01317,"To be completely frank, Support agent closed my ticket without providing any resolution or response to my question. Very satisfied with this purchase.",Negative,Service Issue,2025-08-18
FB-01424,"To be completely frank, Delivery driver followed all delivery instructions perfectly and hid the parcel behind the pillar. Seamless delivery experience. Box arrived in mint condition with zero dents or creases. Truly five star quality.",Positive,Delivery Issue,2025-01-28
FB-01019,Customer review: Product smells strongly of harsh chemicals and the material feels flimsy and brittle. The headphones produce constant static noise in the left ear cup. Unusable for work calls. Will not be buying again.,Negative,Product Issue,2026-02-01
FB-00416,"My honest feedback: Immediate response on live chat within 30 seconds. Handled my inquiry with total professionalism. Customer representative Sarah was phenomenal! Patient, attentive, and solved my problem in 5 minutes. Average overall.",Positive,Service Issue,2025-07-13
FB-01115,"Honestly, The screen is vibrant and crisp with zero glare. Best display I have ever purchased. Exceeded all my expectations. The battery lasts well over two full days of heavy use. Highly recommend!",Positive,Product Issue,2025-11-13
FB-01118,"To be completely frank, Delivered in less than 24 hours in pristine condition. Super fast and careful logistics! Truly five star quality.",Positive,Delivery Issue,2025-09-08
FB-02283,"To be completely frank, Crash reporting tool automatically recovered my unsaved workspace data after my computer rebooted. API documentation is clear and the integration was completely error-free and stable under load. Decent enough for the price.",Positive,Technical Issue,2025-10-21
FB-00941,"In my opinion, Customer support agent took quick action and resolved my issue immediately. Great service! Please fix this issue as soon as possible.",Positive,Service Issue,2025-02-02
FB-00200,Overall impression: Invoice receipt was sent instantly to my email with clear itemized taxes and discounts. Please fix this issue as soon as possible.,Positive,Payment Issue,2025-05-19
FB-01136,"In my opinion, Disappointed to see prices increased across the board while portion and package sizes were reduced. Average overall.",Negative,General Feedback,2025-02-05
FB-01072,"To be completely frank, Product smells strongly of harsh chemicals and the material feels flimsy and brittle. Decent enough for the price.",Negative,Product Issue,2025-08-12
FB-02773,"In my opinion, My payment went through and funds were deducted from my bank, but the website shows order failed. Hidden processing fees and unexpected convenience surcharges were added without disclosure at checkout. One star is too generous for this.",Negative,Payment Issue,2025-04-01
FB-01243,"In my opinion, The web portal uses standard HTTPS authentication and session cookie validation. Software update prompt appeared upon launching the application as scheduled. Decent enough for the price.",Neutral,Technical Issue,2025-04-29
FB-00284,Quick update on my order: Customer agent took over two hours to answer and then hung up the phone without helping. The phone agent hung up on me after keeping me on hold for an hour. Unacceptable behavior. Will see how it holds up.,Negative,Service Issue,2025-04-26
FB-02650,Writing this review after recent experience: Exceeded all my expectations. The battery lasts well over two full days of heavy use. The knife set is razor sharp right out of the box and balances comfortably in hand. Will not be buying again.,Positive,Product Issue,2025-11-30
FB-00232,"Reviewing this after one month: Superb customer service experience, polite and helpful agents. Very satisfied with this purchase.",Positive,Service Issue,2026-03-01
FB-01018,Reviewing this after one month: The sole of the running shoe detached during my second jog. Shockingly substandard durability. Defective unit received. It refuses to power on even after charging overnight with the original cable. Decent enough for the price.,Negative,Product Issue,2026-02-28
FB-01133,"Customer review: Outstanding build quality! Feels hefty, solid, and premium in hand. Highly recommend this brand. Standard service, nothing extraordinary.",Positive,Product Issue,2025-10-28
FB-00097,"In my opinion, Customer support representative was extremely rude, dismissive, and hung up on me mid-sentence. Horrible customer service. Nobody takes accountability and every department blames the other. Will not be buying again.",Negative,Service Issue,2026-02-13
FB-03050,My honest feedback: Seamless delivery experience. Box arrived in mint condition with zero dents or creases. Decent enough for the price.,Positive,Delivery Issue,2026-03-17
FB-02763,"My honest feedback: Agent was knowledgeable, empathetic, and replaced my lost item without any hassle or friction. Will see how it holds up.",Positive,Service Issue,2025-06-20
FB-01633,Here is my experience: Best support experience I have ever had. The agent went above and beyond to make things right. Decent enough for the price.,Positive,Service Issue,2026-01-18
FB-01576,Product packaging uses far too much non-recyclable plastic and styrofoam. Very eco-unfriendly. Will not be buying again.,Negative,General Feedback,2025-07-29
FB-01264,Quick update on my order: The charge reflects the exact amount stated on the order summary page. One star is too generous for this.,Neutral,Payment Issue,2025-11-19
FB-02600,"Customer review: Great brand loyalty rewards program. Truly values recurring customers with meaningful perks. Love shopping with this company! Always a delight, high standards, and wonderful overall experience.",Positive,General Feedback,2025-12-06
FB-03076,Warning to potential buyers: Escalated to a supervisor three days ago and still waiting in total silence for an update. Please fix this issue as soon as possible.,Negative,Service Issue,2025-09-29
FB-02781,Just wanted to share my feedback: The knife set is razor sharp right out of the box and balances comfortably in hand. The screen is vibrant and crisp with zero glare. Best display I have ever purchased. Decent enough for the price.,Positive,Product Issue,2026-01-02
FB-01652,Here is my experience: Crash reporting tool automatically recovered my unsaved workspace data after my computer rebooted. Decent enough for the price.,Positive,Technical Issue,2025-03-07
FB-01621,Here is my experience: Remarkable ergonomics and silent keys. Typing all day has become significantly more comfortable. Exceeded all my expectations. The battery lasts well over two full days of heavy use. Average overall.,Positive,Product Issue,2025-08-17
FB-00105,Reviewing this after one month: Water leaks right through the supposed waterproof seam. Ruined my electronics during light rain. Decent enough for the price.,Negative,Product Issue,2025-04-24
FB-02402,Warning to potential buyers: The blender blades became dull after blending soft fruits twice. Terrible motor vibration. Decent enough for the price.,Negative,Product Issue,2026-01-11
FB-02438,Tracking updates were logged at each regional distribution center as expected. The package arrived on the scheduled date within the afternoon delivery window. Will see how it holds up.,Neutral,Delivery Issue,2025-04-14
FB-00812,"Customer review: Physical retail store was messy, disorganized, and understaffed during peak shopping hours.",Negative,General Feedback,2025-01-26
FB-01180,"Disappointed to see prices increased across the board while portion and package sizes were reduced. The new website redesign is messy, cluttered, and much harder to navigate than the previous layout. Will not be buying again.",Negative,General Feedback,2025-11-07
FB-01091,Just wanted to share my feedback: Excessive marketing emails and push notifications sent three times a day despite opting out. Please fix this issue as soon as possible.,Negative,General Feedback,2025-03-13
FB-02917,"Outstanding build quality! Feels hefty, solid, and premium in hand. Highly recommend this brand. The fabric is luxurious, soft, and fits true to size. The stitching is impeccable. Will see how it holds up.",Positive,Product Issue,2025-09-23
FB-00953,Warning to potential buyers: The loyalty rewards program has been devalued so heavily that accumulated points are virtually worthless. Will not be buying again.,Negative,General Feedback,2025-07-28
FB-02640,Warning to potential buyers: A pre-authorization hold was placed on the card and settled upon shipment dispatch. Decent enough for the price.,Neutral,  PAYMENT ISSUE  ,2025-12-26
FB-00745,"Honestly, Single sign-on worked effortlessly and synchronized all my cross-platform cloud data in seconds. Will not be buying again.",Positive,Technical Issue,2025-07-21
FB-00227,Reviewing this after one month: Software update prompt appeared upon launching the application as scheduled. Average overall.,Neutral,Technical Issue,2025-09-01
FB-01796,Reviewing this after one month: Delivered in less than 24 hours in pristine condition. Super fast and careful logistics! Truly five star quality.,Positive,Delivery Issue,2025-12-01
FB-01466,"Reviewing this after one month: The sole of the running shoe detached during my second jog. Shockingly substandard durability. Not as advertised at all. The color shown online was vibrant navy blue, but what arrived is faded grey. Extremely disappointing experience.",Negative,Product Issue,2026-03-18
FB-01092,Writing this review after recent experience: Infinite loading spinner when trying to download the digital purchase files or license keys. Will not be buying again.,Negative,Technical Issue,2025-03-03
FB-02475,"My honest feedback: The outer shipping carton was completely soaked, torn open, and taped haphazardly by the courier. Please fix this issue as soon as possible.",  negative  ,Delivery Issue,2025-12-08
FB-01792,Warning to potential buyers: Website throws a 500 internal server error whenever I attempt to update my profile information.,Negative,Technical Issue,2025-08-11
FB-02621,My honest feedback: Excessive marketing emails and push notifications sent three times a day despite opting out. Hope management addresses this promptly.,Negative,General Feedback,2025-08-12
FB-02410,"Reviewing this after one month: Love shopping with this company! Always a delight, high standards, and wonderful overall experience. Please fix this issue as soon as possible.",Positive,General Feedback,2025-06-13
FB-00860,"My honest feedback: Support team followed up with a courtesy call the next day to confirm everything was working smoothly. Superb customer service experience, polite and helpful agents. 10/10 would recommend to anyone.",Positive,Service Issue,2025-06-24
FB-03045,"Just wanted to share my feedback: Quick and easy payment processing, very secure and transparent billing statements. 10/10 would recommend to anyone.",Positive,Payment Issue,2025-11-19
FB-01196,"Software update prompt appeared upon launching the application as scheduled. Standard service, nothing extraordinary.",Neutral,Technical Issue,2025-10-28
FB-01938,"Honestly, It performs the required tasks. The design is utilitarian and does what it is supposed to. The item is functional. Dimensions match the specification sheet provided on the website.",Neutral,Product Issue,2025-12-05
FB-00870,"To be completely frank, The delivery guy was extremely rude, refused to bring the heavy parcel up the elevator. Hope management addresses this promptly.",Negative,Delivery Issue,2025-10-02
FB-01269,Customer review: The replacement unit had the exact same defect as the first one. Terrible manufacturing batches. The blender blades became dull after blending soft fruits twice. Terrible motor vibration. One star is too generous for this.,Negative,Product Issue,2025-08-13
FB-00872,Quick update on my order: High quality product that matches the photos and descriptions perfectly. Very pleased. 10/10 would recommend to anyone.,Positive,Product Issue,2025-07-27
FB-01512,Overall impression: Contacted customer support regarding policy clarification. Representative provided the standard policy text. Operating hours for live phone support are Monday through Friday from 9 AM to 6 PM EST. Please fix this issue as soon as possible.,Neutral,Service Issue,2025-08-05
FB-01978,"In my opinion, Crash reporting tool automatically recovered my unsaved workspace data after my computer rebooted. Please fix this issue as soon as possible.",Positive,Technical Issue,2025-02-10
FB-01874,Quick update on my order: The screen is vibrant and crisp with zero glare. Best display I have ever purchased. Exceeded all my expectations. The battery lasts well over two full days of heavy use. Average overall.,Positive,Product Issue,2025-05-01
FB-00465,Just wanted to share my feedback: Delivery took four business days as estimated during checkout. Standard transit time. The package arrived on the scheduled date within the afternoon delivery window. Will not be buying again.,Neutral,Delivery Issue,2025-07-31
FB-02244,"My payment went through and funds were deducted from my bank, but the website shows order failed. The refund was promised within 3 to 5 business days, but four weeks have passed with no money returned. Standard service, nothing extraordinary.",Negative,Payment Issue,2026-03-05
FB-02542,Warning to potential buyers: Excessive marketing emails and push notifications sent three times a day despite opting out. Extremely disappointing experience.,Negative,General Feedback,2026-01-31
FB-01511,"Honestly, I was double billed for a single order! Two identical charges appeared on my credit card statement. Very satisfied with this purchase.",Negative,Payment Issue,2025-03-09
FB-01589,Overall impression: Defective unit received. It refuses to power on even after charging overnight with the original cable. Decent enough for the price.,Negative,Product Issue,2025-08-21
FB-03116,"Just wanted to share my feedback: Customer representative Sarah was phenomenal! Patient, attentive, and solved my problem in 5 minutes. Average overall.",Positive,Service Issue,2025-10-07
FB-01799,Writing this review after recent experience: The checkout page applied an unauthorized recurring subscription charge without my explicit consent. Will see how it holds up.,Negative,Payment Issue,2025-04-12
FB-01865,"To be completely frank, Love shopping with this company! Always a delight, high standards, and wonderful overall experience. The commitment to eco-friendly biodegradable packaging is commendable and deeply appreciated. 10/10 would recommend to anyone.",Positive,General Feedback,2025-05-22
FB-02817,"Customer review: Love shopping with this company! Always a delight, high standards, and wonderful overall experience. Great brand loyalty rewards program. Truly values recurring customers with meaningful perks. One star is too generous for this.",Positive,General Feedback,2026-03-14
FB-00213,Writing this review after recent experience: Package arrived in standard cardboard packaging with carrier shipping labels attached. Will not be buying again.,Neutral,Delivery Issue,2026-01-05
FB-00013,"Warning to potential buyers: Courier was polite, arrived within the designated delivery window, and handed the package directly. Hope management addresses this promptly.",Positive,Delivery Issue,2025-04-19
FB-03120,Overall impression: The charge reflects the exact amount stated on the order summary page. Billing statement displays the company merchant name and invoice reference number. Decent enough for the price.,Neutral,Payment Issue,2026-03-15
FB-00423,Customer review: Water leaks right through the supposed waterproof seam. Ruined my electronics during light rain. Extremely disappointing experience.,Negative,Product Issue,2025-04-04
FB-01739,"Honestly, Agent was knowledgeable, empathetic, and replaced my lost item without any hassle or friction.",Positive,Service Issue,2025-10-29
FB-02822,"In my opinion, It would be helpful to have a physical store location opened in the downtown metropolitan area. I would suggest adding more color options and sizes to your seasonal catalog in future releases. Very satisfied with this purchase.",Neutral,General Feedback,2025-03-30
FB-01942,My honest feedback: Representative confirmed receipt of documents and forwarded them to the review department. Operating hours for live phone support are Monday through Friday from 9 AM to 6 PM EST. Truly five star quality.,Neutral,Service Issue,2025-06-18
FB-02517,"To be completely frank, Direct debit was processed twice in one billing cycle. Bank overdraft fees incurred as a result. The payment gateway crashed during verification, resulting in pending holds on my debit card. One star is too generous for this.",Negative,Payment Issue,2025-11-03
FB-01539,"To be completely frank, Love shopping with this company! Always a delight, high standards, and wonderful overall experience. Truly five star quality.",Positive,General Feedback,2025-12-02
FB-00742,Here is my experience: Seamless delivery experience. Box arrived in mint condition with zero dents or creases. Delivery driver followed all delivery instructions perfectly and hid the parcel behind the pillar. Average overall.,Positive,Delivery Issue,2025-08-30
FB-02839,Here is my experience: Data synchronization executes automatically at 15-minute intervals when connected to Wi-Fi. Very satisfied with this purchase.,Neutral,Technical Issue,2025-06-30
FB-00979,"Warning to potential buyers: Hidden processing fees and unexpected convenience surcharges were added without disclosure at checkout. The refund was promised within 3 to 5 business days, but four weeks have passed with no money returned. Hope management addresses this promptly.",Negative,Payment Issue,2026-01-29
FB-01622,Overall impression: Infinite loading spinner when trying to download the digital purchase files or license keys. The mobile app crashes every single time I tap the checkout or view cart button. Decent enough for the price.,Negative,Technical Issue,2025-07-08
FB-02497,"Here is my experience: Package was left out in heavy pouring rain without any protective plastic wrap. The outer shipping carton was completely soaked, torn open, and taped haphazardly by the courier. Hope management addresses this promptly.",Negative,Delivery Issue,2025-03-10
FB-01993,Writing this review after recent experience: The sole of the running shoe detached during my second jog. Shockingly substandard durability. Average overall.,Negative,Product Issue,2025-03-25
FB-01879,My honest feedback: Session timeout occurs every two minutes while filling out the order details. Infuriating bug. Truly five star quality.,Negative,Technical Issue,2025-09-10
FB-00510,"Quick update on my order: The stitching on the jacket came undone after the very first gentle wash. Very poor quality control. Standard service, nothing extraordinary.",Negative,Product Issue,2025-09-15
FB-00645,Overall impression: Package arrived two weeks past the guaranteed delivery date. Tracking was completely frozen. Will not be buying again.,Negative,Delivery Issue,2025-06-30
FB-00598,Here is my experience: I would suggest adding more color options and sizes to your seasonal catalog in future releases. Decent enough for the price.,Neutral,General Feedback,2025-02-03
FB-02814,"Quick update on my order: The package arrived on the scheduled date within the afternoon delivery window. Standard service, nothing extraordinary.",Neutral,Delivery Issue,2025-11-12
FB-01627,Customer review: Driver delivered my order to the wrong street address entirely. Neighbor had to bring it over. Delivery was delayed four separate times with zero explanation or notification from the carrier. Please fix this issue as soon as possible.,Negative,Delivery Issue,2026-02-24
FB-02329,Here is my experience: Payment issue was resolved promptly and the full refund was credited back to my card without delay. Accidental overcharge was proactively spotted and refunded by billing team before I even asked. Highly recommend!,Positive,Payment Issue,2025-12-22
FB-01554,Here is my experience: Standard quality for the price point. Neither exceptionally good nor noticeably bad. Average overall.,Neutral,Product Issue,2025-07-09
FB-03077,Just wanted to share my feedback: The application requires iOS 16 or Android 12 minimum version to install. One star is too generous for this.,Neutral,Technical Issue,2026-02-08
FB-00519,"Reviewing this after one month: Delivered in less than 24 hours in pristine condition. Super fast and careful logistics! Courier was polite, arrived within the designated delivery window, and handed the package directly. Truly five star quality.",Positive,Delivery Issue,2025-12-25
FB-02228,"Honestly, Password reset emails are never received, even after checking spam folders multiple times. Standard service, nothing extraordinary.",Negative,Technical Issue,2025-12-04
FB-00970,Writing this review after recent experience: Session timeout occurs every two minutes while filling out the order details. Infuriating bug. Will not be buying again.,Negative,Technical Issue,2025-04-27
FB-00574,Customer review: The motor makes an alarming grinding noise when turned on. Immediate return initiated. One star is too generous for this.,Negative,Product Issue,2025-02-23
FB-03147,"Honestly, The delivery guy was extremely rude, refused to bring the heavy parcel up the elevator. Express next-day shipping fee paid, yet took seven business days to arrive. Terrible courier service. Average overall.",Negative,Delivery Issue,2025-12-28
FB-02930,"To be completely frank, Works straight out of the box with zero fuss. Intuitive design and rock solid performance. Hope management addresses this promptly.",Positive,Product Issue,2025-02-09
FB-01547,Reviewing this after one month: Delivery was delayed four separate times with zero explanation or notification from the carrier. Average overall.,Negative,Delivery Issue,2026-01-30
FB-02156,Overall impression: Payment issue was resolved promptly and the full refund was credited back to my card without delay. Hope management addresses this promptly.,Positive,Payment Issue,2026-01-02
FB-02809,Support team followed up with a courtesy call the next day to confirm everything was working smoothly. Immediate response on live chat within 30 seconds. Handled my inquiry with total professionalism. Will not be buying again.,Positive,Service Issue,2025-08-29
FB-01346,"In my opinion, Product packaging uses far too much non-recyclable plastic and styrofoam. Very eco-unfriendly. One star is too generous for this.",Negative,General Feedback,2025-03-30
FB-01678,"In my opinion, The device overheats within ten minutes of normal usage. Severe fire hazard in my opinion. Truly five star quality.",Negative,Product Issue,2025-09-18
FB-00124,My honest feedback: Waited on the phone for two hours and customer agent gave zero assistance. Decent enough for the price.,Negative,Service Issue,2026-01-16
FB-01382,Just wanted to share my feedback: The charge reflects the exact amount stated on the order summary page. Billing statement displays the company merchant name and invoice reference number. Please fix this issue as soon as possible.,Neutral,Payment Issue,2025-06-27
FB-02761,The charge reflects the exact amount stated on the order summary page. A pre-authorization hold was placed on the card and settled upon shipment dispatch. Truly five star quality.,Neutral,Payment Issue,2025-06-18
FB-00221,Customer review: The hinge feels loose and wobbles whenever opened. Not worth half of what I paid. Completely dissatisfied with the build quality. The zipper got stuck immediately and broke off. Will not be buying again.,Negative,Product Issue,2025-01-29
FB-00820,"In my opinion, Delivery driver followed all delivery instructions perfectly and hid the parcel behind the pillar. Truly five star quality.",Positive,Delivery Issue,2025-11-22
FB-03125,"Here is my experience: Disappointed to see prices increased across the board while portion and package sizes were reduced. Physical retail store was messy, disorganized, and understaffed during peak shopping hours. Will not be buying again.",Negative,General Feedback,2026-03-12
FB-00359,Writing this review after recent experience: Payment processed through the standard 3D secure verification window without errors. The charge reflects the exact amount stated on the order summary page. Hope management addresses this promptly.,Neutral,Payment Issue,2025-03-06
FB-01002,Warning to potential buyers: Invoice receipt was sent instantly to my email with clear itemized taxes and discounts. One star is too generous for this.,Positive,Payment Issue,2025-04-10
FB-02840,Customer review: Operating hours for live phone support are Monday through Friday from 9 AM to 6 PM EST. Automated chat system provided links to the relevant knowledge base articles for my query. Please fix this issue as soon as possible.,Neutral,Service Issue,2025-03-26
FB-00552,Here is my experience: Disappointed to see prices increased across the board while portion and package sizes were reduced. Decent enough for the price.,Negative,General Feedback,2025-12-20
FB-02507,"Support agent was useless and refused to answer simple questions on the phone. Standard service, nothing extraordinary.",Negative,Service Issue,2025-01-30
FB-02672,Reviewing this after one month: Support agent was useless and refused to answer simple questions on the phone. Will not be buying again.,Negative,Service Issue,2025-12-13
FB-00260,Quick update on my order: The invoice shows standard itemized sales tax and shipping calculation. Billing statement displays the company merchant name and invoice reference number. Will see how it holds up.,Neutral,Payment Issue,2025-10-07
FB-02980,The headphones produce constant static noise in the left ear cup. Unusable for work calls. Ordered a size Large but it fits like an Extra Small. The sizing chart is completely inaccurate. One star is too generous for this.,Negative,Product Issue,2025-04-01
FB-02469,Warning to potential buyers: The item is functional. Dimensions match the specification sheet provided on the website. Basic entry-level unit. It comes with standard plastic casing and standard power cords. Very satisfied with this purchase.,Neutral,Product Issue,2025-11-10
FB-02823,Overall impression: The live chat bot is an endless loop that refuses to transfer me to a human representative. Will see how it holds up.,Negative,Service Issue,2026-02-24
FB-02574,Overall impression: It performs the required tasks. The design is utilitarian and does what it is supposed to. Standard quality for the price point. Neither exceptionally good nor noticeably bad. Decent enough for the price.,Neutral,Product Issue,2025-08-26
FB-01457,The stitching on the jacket came undone after the very first gentle wash. Very poor quality control. Extremely disappointing experience.,Negative,Product Issue,2025-07-10
FB-01910,"Reviewing this after one month: The new website redesign is messy, cluttered, and much harder to navigate than the previous layout. Will not be buying again.",Negative,General Feedback,2025-09-29
FB-02274,Here is my experience: Package was left out in heavy pouring rain without any protective plastic wrap.,Negative,Delivery Issue,2025-04-07
FB-02589,"Honestly, Basic entry-level unit. It comes with standard plastic casing and standard power cords. Will not be buying again.",Neutral,Product Issue,2025-04-12
FB-03155,Just wanted to share my feedback: Consistently wonderful service and quality across all my orders over the past three years. Keep it up! Average overall.,Positive,General Feedback,2025-02-09
FB-01750,Warning to potential buyers: Delivered in less than 24 hours in pristine condition. Super fast and careful logistics! Decent enough for the price.,Positive,Delivery Issue,2025-04-28
FB-01038,"Warning to potential buyers: Support agent closed my ticket without providing any resolution or response to my question. Standard service, nothing extraordinary.",Negative,Service Issue,2025-04-04
FB-02921,"In my opinion, Tracking status says delivered to resident, but security camera footage proves no driver showed up. Please fix this issue as soon as possible.",Negative,Delivery Issue,2025-09-27
FB-02504,Writing this review after recent experience: Billing statement displays the company merchant name and invoice reference number. Truly five star quality.,Neutral,Payment Issue,2025-04-29
FB-00457,"Honestly, Tracking status says delivered to resident, but security camera footage proves no driver showed up. Hope management addresses this promptly.",Negative,Delivery Issue,2025-07-08
FB-00463,"Overall impression: Courier was polite, arrived within the designated delivery window, and handed the package directly. Highly recommend!",Positive,Delivery Issue,2025-06-19
FB-02590,Just wanted to share my feedback: The item arrived broken and feels extremely cheap. The plastic cracked within two hours of use. Defective unit received. It refuses to power on even after charging overnight with the original cable. Very satisfied with this purchase.,Negative,Product Issue,2026-02-20
FB-00965,"Warning to potential buyers: Shipping timeframe was within the standard five to seven day window indicated on the invoice. Standard service, nothing extraordinary.",Neutral,Delivery Issue,2025-02-07
FB-01761,Reviewing this after one month: Refused to honor price match policy despite valid proof submitted before the purchase. Will not be buying again.,Negative,Payment Issue,2025-11-30
FB-01495,"Overall impression: Works straight out of the box with zero fuss. Intuitive design and rock solid performance. Outstanding build quality! Feels hefty, solid, and premium in hand. Highly recommend this brand. Very satisfied with this purchase.",Positive,Product Issue,2025-07-30
FB-00382,Quick update on my order: Carrier mishandled the parcel. The fragile sticker was completely ignored and items were shattered. Truly five star quality.,Negative,Delivery Issue,2025-09-24
FB-03007,Overall impression: The screen is vibrant and crisp with zero glare. Best display I have ever purchased. Exceeded all my expectations. The battery lasts well over two full days of heavy use. Hope management addresses this promptly.,  positive  ,Product Issue,2025-02-23
FB-02400,Warning to potential buyers: Package was left out in heavy pouring rain without any protective plastic wrap. Will not be buying again.,Negative,Delivery Issue,2025-09-01
FB-03065,Writing this review after recent experience: Consistently wonderful service and quality across all my orders over the past three years. Keep it up! Please fix this issue as soon as possible.,Positive,General Feedback,2025-11-02
FB-01861,"In my opinion, Product packaging uses far too much non-recyclable plastic and styrofoam. Very eco-unfriendly. Average overall.",Negative,General Feedback,2026-02-17
FB-01076,Tracking updates were logged at each regional distribution center as expected. Package arrived in standard cardboard packaging with carrier shipping labels attached. Decent enough for the price.,  neutral  ,Delivery Issue,2025-09-14
FB-02366,Just wanted to share my feedback: Horrible customer service. Nobody takes accountability and every department blames the other. One star is too generous for this.,Negative,Service Issue,2025-06-30
FB-01745,Here is my experience: Consistently wonderful service and quality across all my orders over the past three years. Keep it up! Truly five star quality.,Positive,General Feedback,2025-06-03
FB-00663,Here is my experience: High quality product that matches the photos and descriptions perfectly. Very pleased. Average overall.,Positive,Product Issue,2025-10-15
FB-00060,"Just wanted to share my feedback: Customer representative Sarah was phenomenal! Patient, attentive, and solved my problem in 5 minutes. 10/10 would recommend to anyone.",Positive,Service Issue,2025-10-29
FB-02758,"In my opinion, Battery life is terrible, barely lasts 45 minutes on a full charge instead of the advertised 8 hours.",Negative,Product Issue,2025-05-02
FB-02924,"Customer review: Unable to remove my expired credit card from the saved billing wallet. Security concern! My payment went through and funds were deducted from my bank, but the website shows order failed. Very satisfied with this purchase.",Negative,Payment Issue,2025-11-04
FB-01188,Customer review: The package arrived on the scheduled date within the afternoon delivery window. Decent enough for the price.,Neutral,Delivery Issue,2025-02-20
FB-02896,Quick update on my order: The material feels standard. Let us see how durable it proves to be over the next few months. One star is too generous for this.,Neutral,Product Issue,2025-01-23
FB-01667,"To be completely frank, The courier left the parcel in the designated parcel locker box. Decent enough for the price.",Neutral,Delivery Issue,2025-04-06
FB-02635,"In my opinion, The phone agent hung up on me after keeping me on hold for an hour. Unacceptable behavior. Decent enough for the price.",Negative,Service Issue,2025-06-02
FB-02465,"To be completely frank, The outer shipping carton was completely soaked, torn open, and taped haphazardly by the courier. Delivery was delayed four separate times with zero explanation or notification from the carrier. Extremely disappointing experience.",Negative,Delivery Issue,2025-02-20
FB-02481,"Top tier craftsmanship. Everything feels durable, well-finished, and built to last years. The screen is vibrant and crisp with zero glare. Best display I have ever purchased. Please fix this issue as soon as possible.",Positive,Product Issue,2025-08-23
FB-00658,"Honestly, The blender blades became dull after blending soft fruits twice. Terrible motor vibration. Will see how it holds up.",Negative,Product Issue,2025-12-03
FB-02029,Customer review: The device overheats within ten minutes of normal usage. Severe fire hazard in my opinion. Average overall.,Negative,Product Issue,2025-05-22
FB-00846,"Honestly, Accidental overcharge was proactively spotted and refunded by billing team before I even asked. Will see how it holds up.",Positive,Payment Issue,2025-10-06
FB-00543,Warning to potential buyers: The browser extension consumes 100% CPU and causes Google Chrome to become unresponsive. Truly five star quality.,Negative,Technical Issue,2025-11-19
FB-03034,Delivery driver followed all delivery instructions perfectly and hid the parcel behind the pillar. 10/10 would recommend to anyone.,Positive,Delivery Issue,2025-10-08
FB-01484,Here is my experience: Delivery was delayed four separate times with zero explanation or notification from the carrier. Very satisfied with this purchase.,Negative,Delivery Issue,2025-05-15
FB-01456,"Overall impression: Battery life is terrible, barely lasts 45 minutes on a full charge instead of the advertised 8 hours. Very satisfied with this purchase.",Negative,Product Issue,2025-11-25
FB-03177,"Honestly, Software update prompt appeared upon launching the application as scheduled. Very satisfied with this purchase.",Neutral,Technical Issue,2025-12-11
FB-02468,"In my opinion, The checkout page applied an unauthorized recurring subscription charge without my explicit consent. The promotional discount coupon code was accepted at checkout but the full price was charged anyway. Decent enough for the price.",Negative,Payment Issue,2025-09-05
FB-01081,Warning to potential buyers: Great brand loyalty rewards program. Truly values recurring customers with meaningful perks. Truly five star quality.,Positive,General Feedback,2025-06-01
FB-02604,Product smells strongly of harsh chemicals and the material feels flimsy and brittle. The replacement unit had the exact same defect as the first one. Terrible manufacturing batches. Truly five star quality.,Negative,Product Issue,2025-12-24
FB-01749,"My honest feedback: The mobile app crashes every single time I tap the checkout or view cart button. The browser extension consumes 100% CPU and causes Google Chrome to become unresponsive. Standard service, nothing extraordinary.",Negative,Technical Issue,2025-12-19
FB-01594,Here is my experience: Completely dissatisfied with the build quality. The zipper got stuck immediately and broke off. Extremely disappointing experience.,Negative,Product Issue,2026-01-14
FB-02165,Overall impression: The blender blades became dull after blending soft fruits twice. Terrible motor vibration.,Negative,Product Issue,2025-05-24
FB-01214,"Warning to potential buyers: Battery life is terrible, barely lasts 45 minutes on a full charge instead of the advertised 8 hours. Will not be buying again.",Negative,Product Issue,2025-05-16
FB-03110,Reviewing this after one month: Data synchronization executes automatically at 15-minute intervals when connected to Wi-Fi. Please fix this issue as soon as possible.,Neutral,Technical Issue,2026-02-23
FB-01988,Reviewing this after one month: The promotional discount coupon code was accepted at checkout but the full price was charged anyway. The checkout page applied an unauthorized recurring subscription charge without my explicit consent. Will not be buying again.,Negative,Payment Issue,2025-10-05
FB-02381,Customer review: Delivered in less than 24 hours in pristine condition. Super fast and careful logistics! Seamless delivery experience. Box arrived in mint condition with zero dents or creases. Average overall.,Positive,Delivery Issue,2026-02-15
FB-02603,Writing this review after recent experience: Hidden processing fees and unexpected convenience surcharges were added without disclosure at checkout. Hope management addresses this promptly.,Negative,Payment Issue,2025-08-03
FB-01973,Warning to potential buyers: Delivery took four business days as estimated during checkout. Standard transit time. Very satisfied with this purchase.,Neutral,Delivery Issue,2025-07-23
FB-02298,"Honestly, Water leaks right through the supposed waterproof seam. Ruined my electronics during light rain. Will not be buying again.",Negative,Product Issue,2025-04-13
FB-01776,"Warning to potential buyers: Top tier craftsmanship. Everything feels durable, well-finished, and built to last years. Please fix this issue as soon as possible.",Positive,Product Issue,2025-05-13
FB-01235,Superb audio fidelity with deep bass and crystal clear treble. Truly noise cancelling! Will see how it holds up.,Positive,Product Issue,2025-06-10
FB-01557,"My honest feedback: The refund was promised within 3 to 5 business days, but four weeks have passed with no money returned. Refused to honor price match policy despite valid proof submitted before the purchase. Decent enough for the price.",Negative,Payment Issue,2025-11-09
FB-00436,"Honestly, Hardware failure after only two weeks. The buttons no longer register any clicks. Average overall.",Negative,Product Issue,2025-02-07
FB-01069,Customer review: Received generic copy-paste canned responses that did not even address the issue I described. Support rep claimed they could not locate my account despite providing the exact account ID and email. Very satisfied with this purchase.,Negative,Service Issue,2025-11-07
FB-00238,"To be completely frank, Billing statement displays the company merchant name and invoice reference number. Standard service, nothing extraordinary.",Neutral,Payment Issue,2025-11-12
FB-01808,"To be completely frank, Data synchronization executes automatically at 15-minute intervals when connected to Wi-Fi. Please fix this issue as soon as possible.",Neutral,Technical Issue,2025-06-17
FB-01890,"Honestly, Data synchronization executes automatically at 15-minute intervals when connected to Wi-Fi. Decent enough for the price.",Neutral,Technical Issue,2025-07-13
FB-00110,Quick update on my order: The motor makes an alarming grinding noise when turned on. Immediate return initiated. Please fix this issue as soon as possible.,Negative,Product Issue,2025-10-27
FB-02115,Reviewing this after one month: Tracking updates were logged at each regional distribution center as expected.,Neutral,Delivery Issue,2025-06-23
FB-00782,Quick update on my order: The knife set is razor sharp right out of the box and balances comfortably in hand. Please fix this issue as soon as possible.,Positive,Product Issue,2025-03-26
FB-02609,"To be completely frank, Data synchronization executes automatically at 15-minute intervals when connected to Wi-Fi. Will not be buying again.",Neutral,Technical Issue,2025-05-03
FB-00164,"My honest feedback: Automated chat system provided links to the relevant knowledge base articles for my query. Standard service, nothing extraordinary.",Neutral,Service Issue,2025-12-26
FB-00289,Here is my experience: The screen is vibrant and crisp with zero glare. Best display I have ever purchased. Truly five star quality.,Positive,Product Issue,2025-11-13
FB-01221,Warning to potential buyers: Support agent closed my ticket without providing any resolution or response to my question. Will not be buying again.,Negative,Service Issue,2025-02-04
FB-00253,"To be completely frank, The device overheats within ten minutes of normal usage. Severe fire hazard in my opinion. Standard service, nothing extraordinary.",Negative,Product Issue,2025-02-15
FB-02591,"Honestly, Smooth, glitch-free UI with intuitive navigation. Great performance even on older phone models. Standard service, nothing extraordinary.",Positive,Technical Issue,2025-03-08
FB-02485,Writing this review after recent experience: Waited on the phone for two hours and customer agent gave zero assistance. One star is too generous for this.,Negative,Service Issue,2025-08-22
FB-02176,Warning to potential buyers: Driver delivered my order to the wrong street address entirely. Neighbor had to bring it over. Will not be buying again.,Negative,Delivery Issue,2025-09-24
FB-01833,"To be completely frank, Delivery driver followed all delivery instructions perfectly and hid the parcel behind the pillar. Highly recommend!",Positive,Delivery Issue,2025-10-23
FB-00768,Here is my experience: The item arrived broken and feels extremely cheap. The plastic cracked within two hours of use. Product smells strongly of harsh chemicals and the material feels flimsy and brittle. Will not be buying again.,Negative,Product Issue,2025-08-30
FB-00788,"Quick update on my order: Password reset emails are never received, even after checking spam folders multiple times. Extremely disappointing experience.",Negative,Technical Issue,2025-03-03
FB-01526,Quick update on my order: Received generic copy-paste canned responses that did not even address the issue I described. Decent enough for the price.,Negative,Service Issue,2025-06-18
FB-01011,"To be completely frank, The fabric is luxurious, soft, and fits true to size. The stitching is impeccable. Truly five star quality.",Positive,Product Issue,2025-06-19
FB-00931,Customer review: The package arrived on the scheduled date within the afternoon delivery window. Shipping timeframe was within the standard five to seven day window indicated on the invoice. Will see how it holds up.,Neutral,Delivery Issue,2025-07-20
FB-01507,"In my opinion, The fabric is luxurious, soft, and fits true to size. The stitching is impeccable. Please fix this issue as soon as possible.",Positive,Product Issue,2025-12-14
FB-01125,Writing this review after recent experience: Delivery driver followed all delivery instructions perfectly and hid the parcel behind the pillar. Please fix this issue as soon as possible.,Positive,Delivery Issue,2025-08-02
FB-01378,"Overall impression: Accidental overcharge was proactively spotted and refunded by billing team before I even asked. Payment process was swift, seamless, and securely authenticated with Apple Pay. One star is too generous for this.",Positive,Payment Issue,2025-12-12
FB-03046,Reviewing this after one month: Operating hours for live phone support are Monday through Friday from 9 AM to 6 PM EST. Truly five star quality.,Neutral,Service Issue,2025-10-13
FB-02977,"Reviewing this after one month: The desktop application constantly freezes during data sync, losing all unsaved customer entries. Will not be buying again.",Negative,Technical Issue,2025-04-18
FB-02575,Reviewing this after one month: The charge reflects the exact amount stated on the order summary page.,Neutral,Payment Issue,2025-06-08
FB-02229,"In my opinion, Delivery driver followed all delivery instructions perfectly and hid the parcel behind the pillar. Delivered in less than 24 hours in pristine condition. Super fast and careful logistics! Average overall.",Positive,Delivery Issue,2025-06-08
FB-01358,"Here is my experience: Tracking status says delivered to resident, but security camera footage proves no driver showed up. Hope management addresses this promptly.",Negative,Delivery Issue,2025-10-16
FB-01602,"In my opinion, The fabric is luxurious, soft, and fits true to size. The stitching is impeccable. Please fix this issue as soon as possible.",Positive,Product Issue,2026-01-27
FB-01443,"To be completely frank, Password requirements require at least eight characters, one uppercase letter, and a number. Data synchronization executes automatically at 15-minute intervals when connected to Wi-Fi. Decent enough for the price.",Neutral,Technical Issue,2025-02-01
FB-00848,Just wanted to share my feedback: Website throws a 500 internal server error whenever I attempt to update my profile information. Truly five star quality.,Negative,Technical Issue,2025-02-08
FB-01770,Here is my experience: Escalated to a supervisor three days ago and still waiting in total silence for an update. Will see how it holds up.,Negative,Service Issue,2025-02-06
FB-02581,Overall impression: The package arrived two days earlier than expected. Safe packaging with plenty of bubble wrap. 10/10 would recommend to anyone.,Positive,Delivery Issue,2025-06-15
FB-00462,Quick update on my order: Representative gave contradictory information compared to what is written in your official refund policy. Escalated to a supervisor three days ago and still waiting in total silence for an update. Please fix this issue as soon as possible.,Negative,Service Issue,2026-01-01
FB-01053,"Quick update on my order: The charge reflects the exact amount stated on the order summary page. Standard service, nothing extraordinary.",Neutral,Payment Issue,2025-03-23
FB-01821,Here is my experience: Product packaging uses far too much non-recyclable plastic and styrofoam. Very eco-unfriendly. Disappointed to see prices increased across the board while portion and package sizes were reduced.,Negative,General Feedback,2025-08-29
FB-00158,My honest feedback: The promotional discount coupon code was accepted at checkout but the full price was charged anyway. Unable to remove my expired credit card from the saved billing wallet. Security concern!,Negative,Payment Issue,2025-06-04
FB-00803,"In my opinion, The replacement unit had the exact same defect as the first one. Terrible manufacturing batches. One star is too generous for this.",Negative,Product Issue,2025-05-01
FB-00777,Quick update on my order: Package arrived two weeks past the guaranteed delivery date. Tracking was completely frozen. Extremely disappointing experience.,Negative,Delivery Issue,2025-03-10
FB-01903,"Customer review: Package arrived two weeks past the guaranteed delivery date. Tracking was completely frozen. Express next-day shipping fee paid, yet took seven business days to arrive. Terrible courier service. Will not be buying again.",Negative,Delivery Issue,2026-02-23
FB-00678,Just wanted to share my feedback: Website throws a 500 internal server error whenever I attempt to update my profile information. Hope management addresses this promptly.,Negative,Technical Issue,2025-06-29
FB-01974,"Honestly, Payment issue was resolved promptly and the full refund was credited back to my card without delay. Standard service, nothing extraordinary.",Positive,Payment Issue,2025-08-06
FB-01079,My honest feedback: The motor makes an alarming grinding noise when turned on. Immediate return initiated. The screen on this monitor has terrible backlight bleeding and dead pixels right in the center. Will not be buying again.,Negative,Product Issue,2025-09-29
FB-00239,"Honestly, Not as advertised at all. The color shown online was vibrant navy blue, but what arrived is faded grey. Truly five star quality.",Negative,Product Issue,2025-06-29
FB-01193,"Honestly, Remarkable ergonomics and silent keys. Typing all day has become significantly more comfortable. 10/10 would recommend to anyone.",Positive,Product Issue,2025-10-10
FB-01287,"Overall impression: The shipping driver marked the package as delivered, but nothing was at my door or porch. Please fix this issue as soon as possible.",Negative,Delivery Issue,2025-08-10
FB-00244,Customer review: Disappointed to see prices increased across the board while portion and package sizes were reduced. Decent enough for the price.,Negative,General Feedback,2025-05-09
FB-00101,"Honestly, Single sign-on worked effortlessly and synchronized all my cross-platform cloud data in seconds. Will see how it holds up.",Positive,Technical Issue,2025-08-02
FB-00316,Writing this review after recent experience: Seamless delivery experience. Box arrived in mint condition with zero dents or creases.,Positive,Delivery Issue,2025-04-12
FB-02709,Quick update on my order: Infinite loading spinner when trying to download the digital purchase files or license keys. One star is too generous for this.,Negative,Technical Issue,2025-08-08
FB-02587,Writing this review after recent experience: Support ticket was logged under reference ID 49201 with an estimated reply time of 24 hours.,Neutral,Service Issue,2026-03-17
FB-02577,"Reviewing this after one month: The outer shipping carton was completely soaked, torn open, and taped haphazardly by the courier. Hope management addresses this promptly.",Negative,Delivery Issue,2025-06-27
FB-01037,Overall impression: Exceeded all my expectations. The battery lasts well over two full days of heavy use. Average overall.,Positive,Product Issue,2025-12-17
FB-01107,Just wanted to share my feedback: Product packaging uses far too much non-recyclable plastic and styrofoam. Very eco-unfriendly. Excessive marketing emails and push notifications sent three times a day despite opting out. Will see how it holds up.,Negative,General Feedback,2025-04-27
FB-00262,Just wanted to share my feedback: Delivery driver followed all delivery instructions perfectly and hid the parcel behind the pillar. Will see how it holds up.,Positive,Delivery Issue,2025-04-27
FB-03061,My honest feedback: Escalated to a supervisor three days ago and still waiting in total silence for an update. Extremely disappointing experience.,Negative,Service Issue,2025-04-18
FB-01934,Here is my experience: The hinge feels loose and wobbles whenever opened. Not worth half of what I paid. Please fix this issue as soon as possible.,Negative,Product Issue,2025-03-11
FB-00196,Here is my experience: Water leaks right through the supposed waterproof seam. Ruined my electronics during light rain. Please fix this issue as soon as possible.,Negative,Product Issue,2025-04-09
FB-00666,Customer review: Customer support agent took quick action and resolved my issue immediately. Great service! Support team followed up with a courtesy call the next day to confirm everything was working smoothly. Decent enough for the price.,Positive,Service Issue,2025-09-18
FB-01179,"Honestly, Battery life is terrible, barely lasts 45 minutes on a full charge instead of the advertised 8 hours. The hinge feels loose and wobbles whenever opened. Not worth half of what I paid. One star is too generous for this.",Negative,Product Issue,2025-08-20
FB-02235,My honest feedback: Remarkable ergonomics and silent keys. Typing all day has become significantly more comfortable. The screen is vibrant and crisp with zero glare. Best display I have ever purchased. Very satisfied with this purchase.,Positive,Product Issue,2025-09-10
FB-00180,"To be completely frank, Disappointed to see prices increased across the board while portion and package sizes were reduced. The new website redesign is messy, cluttered, and much harder to navigate than the previous layout.",Negative,General Feedback,2025-09-18
FB-00835,Warning to potential buyers: Product functions as stated in the user manual. No unexpected features or defects detected. Decent enough for the price.,Neutral,Product Issue,2025-09-03
FB-00843,My honest feedback: Product smells strongly of harsh chemicals and the material feels flimsy and brittle. Decent enough for the price.,Negative,Product Issue,2025-12-25
FB-02496,"Here is my experience: Agent was knowledgeable, empathetic, and replaced my lost item without any hassle or friction. Hope management addresses this promptly.",Positive,Service Issue,2025-08-03
FB-01104,Warning to potential buyers: The package arrived on the scheduled date within the afternoon delivery window. Truly five star quality.,Neutral,Delivery Issue,2026-01-22
FB-01672,Writing this review after recent experience: Disappointed to see prices increased across the board while portion and package sizes were reduced. Extremely disappointing experience.,Negative,General Feedback,2025-05-25
FB-02664,Writing this review after recent experience: Received generic copy-paste canned responses that did not even address the issue I described. Will not be buying again.,Negative,Service Issue,2025-11-19
FB-01065,"To be completely frank, Session timeout occurs every two minutes while filling out the order details. Infuriating bug. One star is too generous for this.",Negative,Technical Issue,2025-07-31
FB-00341,"In my opinion, Order has been stuck at the local sorting hub for over ten days with no scheduled delivery date. Extremely disappointing experience.",Negative,Delivery Issue,2025-09-10
FB-03030,"Writing this review after recent experience: High quality product that matches the photos and descriptions perfectly. Very pleased. Standard service, nothing extraordinary.",Positive,Product Issue,2025-06-07
FB-00749,"To be completely frank, Payment processed through the standard 3D secure verification window without errors. Truly five star quality.",Neutral,Payment Issue,2025-06-17
FB-01337,"Overall impression: Delivered in less than 24 hours in pristine condition. Super fast and careful logistics! Courier was polite, arrived within the designated delivery window, and handed the package directly. Hope management addresses this promptly.",Positive,Delivery Issue,2025-11-13
FB-00481,"Honestly, It would be helpful to have a physical store location opened in the downtown metropolitan area.",Neutral,General Feedback,2025-11-22
FB-02418,My honest feedback: Search filter on the store website is completely broken; returning zero results for standard items. Bluetooth pairing disconnects constantly after three minutes of connection on modern Android. One star is too generous for this.,Negative,Technical Issue,2026-01-20
FB-01587,Quick update on my order: Bluetooth pairing disconnects constantly after three minutes of connection on modern Android. Session timeout occurs every two minutes while filling out the order details. Infuriating bug. Please fix this issue as soon as possible.,Negative,Technical Issue,2025-02-01
FB-01335,"Ordered a size Large but it fits like an Extra Small. The sizing chart is completely inaccurate. Standard service, nothing extraordinary.",Negative,Product Issue,2025-04-29
FB-00784,"In my opinion, The application requires iOS 16 or Android 12 minimum version to install.",Neutral,Technical Issue,2025-09-17
FB-02770,"In my opinion, The blender blades became dull after blending soft fruits twice. Terrible motor vibration. Standard service, nothing extraordinary.",Negative,Product Issue,2025-07-19
FB-02122,"In my opinion, Product smells strongly of harsh chemicals and the material feels flimsy and brittle. The headphones produce constant static noise in the left ear cup. Unusable for work calls. Standard service, nothing extraordinary.",Negative,Product Issue,2025-01-19
FB-02597,"To be completely frank, The web portal uses standard HTTPS authentication and session cookie validation. Please fix this issue as soon as possible.",Neutral,Technical Issue,2025-03-27
FB-01427,"Overall impression: Battery life is terrible, barely lasts 45 minutes on a full charge instead of the advertised 8 hours. Item feels like a counterfeit knockoff. Materials are noticeably different from authentic retail stores. Will not be buying again.",Negative,Product Issue,2026-01-17
FB-02004,"Reviewing this after one month: Agent promised a follow-up call back by 3 PM yesterday, but nobody ever bothered to call. Standard service, nothing extraordinary.",Negative,Service Issue,2025-05-29
FB-01227,Here is my experience: Seamless delivery experience. Box arrived in mint condition with zero dents or creases. Decent enough for the price.,Positive,Delivery Issue,2026-02-05
FB-02370,"Just wanted to share my feedback: The fabric is luxurious, soft, and fits true to size. The stitching is impeccable. The screen is vibrant and crisp with zero glare. Best display I have ever purchased. One star is too generous for this.",Positive,Product Issue,2025-01-22
FB-02411,The courier left the parcel in the designated parcel locker box. Tracking updates were logged at each regional distribution center as expected. Decent enough for the price.,Neutral,Delivery Issue,2025-05-23
FB-03072,"Courier was polite, arrived within the designated delivery window, and handed the package directly. The package arrived two days earlier than expected. Safe packaging with plenty of bubble wrap. Hope management addresses this promptly.",Positive,Delivery Issue,2026-03-15
FB-01462,"Reviewing this after one month: Smooth, glitch-free UI with intuitive navigation. Great performance even on older phone models. API documentation is clear and the integration was completely error-free and stable under load. Highly recommend!",Positive,Technical Issue,2025-08-27
FB-00627,Overall impression: Data synchronization executes automatically at 15-minute intervals when connected to Wi-Fi. The web portal uses standard HTTPS authentication and session cookie validation.,Neutral,Technical Issue,2025-06-26
FB-00348,Overall impression: The package arrived two days earlier than expected. Safe packaging with plenty of bubble wrap.,Positive,Delivery Issue,2026-01-08
FB-02133,Package was left out in heavy pouring rain without any protective plastic wrap. Average overall.,Negative,Delivery Issue,2025-07-06
FB-01433,My honest feedback: Disappointed to see prices increased across the board while portion and package sizes were reduced. Will not be buying again.,Negative,General Feedback,2025-03-12
FB-00980,Writing this review after recent experience: Ordered a size Large but it fits like an Extra Small. The sizing chart is completely inaccurate. Will not be buying again.,Negative,Product Issue,2025-07-22
FB-02782,"Honestly, Physical retail store was messy, disorganized, and understaffed during peak shopping hours. Extremely disappointing experience.",Negative,General Feedback,2026-03-09
FB-01908,"Writing this review after recent experience: Support team followed up with a courtesy call the next day to confirm everything was working smoothly. Standard service, nothing extraordinary.",Positive,Service Issue,2025-03-10
FB-00912,"In my opinion, Outstanding build quality! Feels hefty, solid, and premium in hand. Highly recommend this brand. Remarkable ergonomics and silent keys. Typing all day has become significantly more comfortable. Truly five star quality.",Positive,Product Issue,2026-01-10
FB-02112,"In my opinion, The payment gateway crashed during verification, resulting in pending holds on my debit card. Hope management addresses this promptly.",Negative,Payment Issue,2025-10-27
FB-00633,"Writing this review after recent experience: Consistently wonderful service and quality across all my orders over the past three years. Keep it up! The new user interface layout is modern, clean, visually appealing, and very easy on the eyes. Please fix this issue as soon as possible.",Positive,General Feedback,2025-02-14
FB-01691,"In my opinion, Search filter on the store website is completely broken; returning zero results for standard items. Password reset emails are never received, even after checking spam folders multiple times.",Negative,Technical Issue,2025-12-16
FB-00446,"Honestly, The desktop application constantly freezes during data sync, losing all unsaved customer entries. Truly five star quality.",Negative,Technical Issue,2026-01-31
FB-00618,"Just wanted to share my feedback: Love shopping with this company! Always a delight, high standards, and wonderful overall experience. Standard service, nothing extraordinary.",Positive,General Feedback,2025-05-25
FB-01588,Quick update on my order: The knife set is razor sharp right out of the box and balances comfortably in hand. Remarkable ergonomics and silent keys. Typing all day has become significantly more comfortable. Truly five star quality.,Positive,Product Issue,2026-01-21
FB-02593,Writing this review after recent experience: Product packaging uses far too much non-recyclable plastic and styrofoam. Very eco-unfriendly. The loyalty rewards program has been devalued so heavily that accumulated points are virtually worthless. Average overall.,Negative,General Feedback,2025-10-28
FB-01951,Reviewing this after one month: Refund was processed back to my bank account instantly. Great service and hassle free transaction! Will see how it holds up.,Positive,Payment Issue,2025-10-14
FB-01331,"Customer review: The fabric is luxurious, soft, and fits true to size. The stitching is impeccable. Remarkable ergonomics and silent keys. Typing all day has become significantly more comfortable. Decent enough for the price.",Positive,Product Issue,2026-02-14
FB-02752,My honest feedback: Standard quality for the price point. Neither exceptionally good nor noticeably bad. Average build quality. It is acceptable for occasional household use.,Neutral,Product Issue,2025-07-15
FB-01109,My honest feedback: The loyalty rewards program has been devalued so heavily that accumulated points are virtually worthless. Disappointed to see prices increased across the board while portion and package sizes were reduced. Hope management addresses this promptly.,Negative,General Feedback,2025-12-28
FB-01475,Overall impression: Session timeout occurs every two minutes while filling out the order details. Infuriating bug. Will not be buying again.,Negative,Technical Issue,2025-03-27
FB-00354,"To be completely frank, Payment processed through the standard 3D secure verification window without errors. One star is too generous for this.",Neutral,Payment Issue,2025-07-26
FB-00614,Reviewing this after one month: Single sign-on worked effortlessly and synchronized all my cross-platform cloud data in seconds. Truly five star quality.,Positive,Technical Issue,2025-03-16
FB-01098,"Warning to potential buyers: The new website redesign is messy, cluttered, and much harder to navigate than the previous layout. Disappointed to see prices increased across the board while portion and package sizes were reduced. Please fix this issue as soon as possible.",Negative,General Feedback,2025-10-19
FB-02869,"Honestly, The loyalty rewards program has been devalued so heavily that accumulated points are virtually worthless. Physical retail store was messy, disorganized, and understaffed during peak shopping hours. Decent enough for the price.",Negative,General Feedback,2025-07-14
FB-03170,"Honestly, Agent promised a follow-up call back by 3 PM yesterday, but nobody ever bothered to call. Will not be buying again.",Negative,Service Issue,2025-10-06
FB-00058,"Just wanted to share my feedback: The desktop application constantly freezes during data sync, losing all unsaved customer entries. Website throws a 500 internal server error whenever I attempt to update my profile information. Standard service, nothing extraordinary.",Negative,Technical Issue,2026-03-01
FB-02727,Just wanted to share my feedback: Product packaging uses far too much non-recyclable plastic and styrofoam. Very eco-unfriendly. One star is too generous for this.,Negative,General Feedback,2025-10-14
FB-01426,"Writing this review after recent experience: The refund was promised within 3 to 5 business days, but four weeks have passed with no money returned. Average overall.",Negative,Payment Issue,2026-01-19
FB-03171,"To be completely frank, Courier was polite, arrived within the designated delivery window, and handed the package directly. 10/10 would recommend to anyone.",Positive,Delivery Issue,2025-10-05
FB-02700,"Honestly, Data synchronization executes automatically at 15-minute intervals when connected to Wi-Fi. The web portal uses standard HTTPS authentication and session cookie validation. Decent enough for the price.",Neutral,Technical Issue,2025-12-27
FB-02021,"The outer shipping carton was completely soaked, torn open, and taped haphazardly by the courier. One star is too generous for this.",Negative,Delivery Issue,2026-03-07
FB-01755,Invoice receipt was sent instantly to my email with clear itemized taxes and discounts. Average overall.,Positive,Payment Issue,2025-09-21
FB-01463,Quick update on my order: Excellent delivery tracking updates via SMS every step of the transit. Very impressed. Seamless delivery experience. Box arrived in mint condition with zero dents or creases. Highly recommend!,Positive,Delivery Issue,2025-08-22
FB-01682,Customer review: Representative gave contradictory information compared to what is written in your official refund policy. One star is too generous for this.,Negative,Service Issue,2025-02-23
FB-01386,"Quick update on my order: The checkout page applied an unauthorized recurring subscription charge without my explicit consent. The refund was promised within 3 to 5 business days, but four weeks have passed with no money returned. Will see how it holds up.",Negative,Payment Issue,2025-03-27
FB-02760,Here is my experience: The replacement unit had the exact same defect as the first one. Terrible manufacturing batches. Very satisfied with this purchase.,Negative,Product Issue,2025-02-14
FB-00561,"Quick update on my order: Order has been stuck at the local sorting hub for over ten days with no scheduled delivery date. The shipping driver marked the package as delivered, but nothing was at my door or porch. One star is too generous for this.",Negative,Delivery Issue,2025-11-17
FB-00708,Overall impression: Operating hours for live phone support are Monday through Friday from 9 AM to 6 PM EST. Contacted customer support regarding policy clarification. Representative provided the standard policy text. Please fix this issue as soon as possible.,Neutral,Service Issue,2025-07-02
FB-01094,My honest feedback: Immediate response on live chat within 30 seconds. Handled my inquiry with total professionalism. Average overall.,Positive,Service Issue,2025-05-17
FB-00425,"My honest feedback: Customer representative Sarah was phenomenal! Patient, attentive, and solved my problem in 5 minutes. Customer support agent took quick action and resolved my issue immediately. Great service! Highly recommend!",Positive,Service Issue,2025-02-14
FB-00648,Writing this review after recent experience: The browser extension consumes 100% CPU and causes Google Chrome to become unresponsive. Very satisfied with this purchase.,Negative,Technical Issue,2025-01-20
FB-02813,"Honestly, Exceeded all my expectations. The battery lasts well over two full days of heavy use. Will not be buying again.",Positive,Product Issue,2025-12-20
FB-01398,"Reviewing this after one month: The new user interface layout is modern, clean, visually appealing, and very easy on the eyes. Truly five star quality.",Positive,General Feedback,2025-03-09
FB-01726,Just wanted to share my feedback: Payment issue was resolved promptly and the full refund was credited back to my card without delay. Truly five star quality.,Positive,Payment Issue,2025-08-14
FB-02222,"Warning to potential buyers: Product functions as stated in the user manual. No unexpected features or defects detected. Standard service, nothing extraordinary.",Neutral,Product Issue,2025-03-17
FB-01006,Just wanted to share my feedback: Disappointed to see prices increased across the board while portion and package sizes were reduced. Decent enough for the price.,Negative,  GENERAL FEEDBACK  ,2025-03-08
FB-00621,My honest feedback: Carrier mishandled the parcel. The fragile sticker was completely ignored and items were shattered. Extremely disappointing experience.,Negative,Delivery Issue,2025-09-26
FB-01413,"The motor makes an alarming grinding noise when turned on. Immediate return initiated. Standard service, nothing extraordinary.",Negative,Product Issue,2025-03-22
FB-00554,Writing this review after recent experience: API documentation is clear and the integration was completely error-free and stable under load. Single sign-on worked effortlessly and synchronized all my cross-platform cloud data in seconds. Average overall.,Positive,Technical Issue,2025-11-25
FB-02865,Just wanted to share my feedback: The delivery courier literally threw the box over my gate and crushed the contents inside.,Negative,Delivery Issue,2025-03-31
FB-01648,"Here is my experience: Exceeded all my expectations. The battery lasts well over two full days of heavy use. Outstanding build quality! Feels hefty, solid, and premium in hand. Highly recommend this brand. Will see how it holds up.",Positive,Product Issue,2025-11-18
FB-00999,"In my opinion, Smooth, glitch-free UI with intuitive navigation. Great performance even on older phone models. The latest software update fixed all previous bugs. The app is lightning fast and responsive now! Decent enough for the price.",Positive,Technical Issue,2025-03-08
FB-01442,My honest feedback: Immediate response on live chat within 30 seconds. Handled my inquiry with total professionalism. Very satisfied with this purchase.,Positive,Service Issue,2025-11-02
FB-01371,"In my opinion, Battery life is terrible, barely lasts 45 minutes on a full charge instead of the advertised 8 hours. The screen on this monitor has terrible backlight bleeding and dead pixels right in the center. Truly five star quality.",Negative,Product Issue,2025-09-05
FB-02951,Quick update on my order: Superb audio fidelity with deep bass and crystal clear treble. Truly noise cancelling! Highly recommend!,Positive,Product Issue,2025-05-04
FB-02577,"Reviewing this after one month: The outer shipping carton was completely soaked, torn open, and taped haphazardly by the courier. Hope management addresses this promptly.",Negative,Delivery Issue,2025-06-27
FB-01737,"Overall impression: Smooth, glitch-free UI with intuitive navigation. Great performance even on older phone models. Highly recommend!",Positive,Technical Issue,2026-03-02
FB-00441,"Overall impression: The delivery guy was extremely rude, refused to bring the heavy parcel up the elevator. Will not be buying again.",Negative,Delivery Issue,2025-04-05
FB-00509,"Warning to potential buyers: The fabric is luxurious, soft, and fits true to size. The stitching is impeccable.",Positive,Product Issue,2026-03-09
FB-01101,Writing this review after recent experience: A pre-authorization hold was placed on the card and settled upon shipment dispatch. The charge reflects the exact amount stated on the order summary page. Please fix this issue as soon as possible.,Neutral,Payment Issue,2026-01-17
FB-00590,Here is my experience: Seamless delivery experience. Box arrived in mint condition with zero dents or creases. Delivered in less than 24 hours in pristine condition. Super fast and careful logistics! Average overall.,Positive,Delivery Issue,2025-07-11
FB-02874,Warning to potential buyers: Software update prompt appeared upon launching the application as scheduled. Will see how it holds up.,Neutral,Technical Issue,2026-01-12
FB-00650,The device overheats within ten minutes of normal usage. Severe fire hazard in my opinion. The screen on this monitor has terrible backlight bleeding and dead pixels right in the center. Will not be buying again.,Negative,Product Issue,2025-02-07
FB-01741,"In my opinion, Hardware failure after only two weeks. The buttons no longer register any clicks. Will see how it holds up.",Negative,Product Issue,2026-03-04
FB-02352,Just wanted to share my feedback: Refused to honor price match policy despite valid proof submitted before the purchase. Very satisfied with this purchase.,Negative,Payment Issue,2025-07-25
FB-02882,Quick update on my order: Standard quality for the price point. Neither exceptionally good nor noticeably bad. One star is too generous for this.,Neutral,Product Issue,2025-02-18
FB-02085,"Honestly, Product functions as stated in the user manual. No unexpected features or defects detected. One star is too generous for this.",Neutral,Product Issue,2025-01-21
FB-02293,"In my opinion, Delivered in less than 24 hours in pristine condition. Super fast and careful logistics! Highly recommend!",Positive,Delivery Issue,2025-05-26
FB-00631,Quick update on my order: Data synchronization executes automatically at 15-minute intervals when connected to Wi-Fi. One star is too generous for this.,Neutral,Technical Issue,2025-02-06
FB-01570,Just wanted to share my feedback: The delivery courier literally threw the box over my gate and crushed the contents inside. Delivery was delayed four separate times with zero explanation or notification from the carrier. Will not be buying again.,Negative,Delivery Issue,2025-10-19
FB-00483,"Just wanted to share my feedback: The payment gateway crashed during verification, resulting in pending holds on my debit card. I was double billed for a single order! Two identical charges appeared on my credit card statement. Average overall.",Negative,Payment Issue,2026-01-13
FB-02996,"To be completely frank, Crash reporting tool automatically recovered my unsaved workspace data after my computer rebooted. Highly recommend!",Positive,Technical Issue,2026-01-18
FB-02757,"Quick update on my order: High quality product that matches the photos and descriptions perfectly. Very pleased. Standard service, nothing extraordinary.",Positive,Product Issue,2025-12-23
FB-01284,"Reviewing this after one month: The new user interface layout is modern, clean, visually appealing, and very easy on the eyes. Great brand loyalty rewards program. Truly values recurring customers with meaningful perks. Highly recommend!",Positive,General Feedback,2025-09-28
FB-02250,Reviewing this after one month: A pre-authorization hold was placed on the card and settled upon shipment dispatch. The charge reflects the exact amount stated on the order summary page. Please fix this issue as soon as possible.,Neutral,Payment Issue,2025-07-18
FB-02093,Here is my experience: Operating hours for live phone support are Monday through Friday from 9 AM to 6 PM EST. Contacted customer support regarding policy clarification. Representative provided the standard policy text.,Neutral,Service Issue,2025-03-21
FB-01819,"Quick update on my order: The payment gateway crashed during verification, resulting in pending holds on my debit card. Unable to remove my expired credit card from the saved billing wallet. Security concern! Will see how it holds up.",Negative,Payment Issue,2025-07-16
FB-00857,"Here is my experience: Battery life is terrible, barely lasts 45 minutes on a full charge instead of the advertised 8 hours. The device overheats within ten minutes of normal usage. Severe fire hazard in my opinion. Average overall.",Negative,Product Issue,2025-03-31
FB-01544,"In my opinion, The screen is vibrant and crisp with zero glare. Best display I have ever purchased. Superb audio fidelity with deep bass and crystal clear treble. Truly noise cancelling!",Positive,Product Issue,2025-11-17
FB-00531,"Honestly, Shipping timeframe was within the standard five to seven day window indicated on the invoice. The package arrived on the scheduled date within the afternoon delivery window. Average overall.",Neutral,Delivery Issue,2025-09-25
FB-02006,"Honestly, The commitment to eco-friendly biodegradable packaging is commendable and deeply appreciated. 10/10 would recommend to anyone.",Positive,General Feedback,2025-10-10
FB-00050,"My honest feedback: Missing essential accessories from the retail box. Missing screws and power adapter. Standard service, nothing extraordinary.",Negative,Product Issue,2026-02-22
FB-00859,"Honestly, The new user interface layout is modern, clean, visually appealing, and very easy on the eyes. Consistently wonderful service and quality across all my orders over the past three years. Keep it up! One star is too generous for this.",Positive,General Feedback,2025-08-14
FB-01073,Here is my experience: Item feels like a counterfeit knockoff. Materials are noticeably different from authentic retail stores. Average overall.,Negative,Product Issue,2025-07-12
FB-00720,"In my opinion, Battery life is terrible, barely lasts 45 minutes on a full charge instead of the advertised 8 hours. Hope management addresses this promptly.",Negative,Product Issue,2025-07-08
FB-02594,My honest feedback: The courier left the parcel in the designated parcel locker box. Decent enough for the price.,Neutral,Delivery Issue,2025-12-27
FB-02034,Writing this review after recent experience: Payment issue was resolved promptly and the full refund was credited back to my card without delay. Decent enough for the price.,Positive,Payment Issue,2025-05-06
FB-02424,"Honestly, The new user interface layout is modern, clean, visually appealing, and very easy on the eyes. One star is too generous for this.",Positive,General Feedback,2025-08-01
FB-02381,Customer review: Delivered in less than 24 hours in pristine condition. Super fast and careful logistics! Seamless delivery experience. Box arrived in mint condition with zero dents or creases. Average overall.,Positive,Delivery Issue,2026-02-15
FB-02145,"To be completely frank, Immediate response on live chat within 30 seconds. Handled my inquiry with total professionalism. Truly five star quality.",Positive,Service Issue,2025-11-09
FB-02756,"In my opinion, Great brand loyalty rewards program. Truly values recurring customers with meaningful perks. Highly recommend!",Positive,General Feedback,2026-03-07
FB-02380,Just wanted to share my feedback: Product catalog arrived in the mail today. Browsing through the new winter collection options. Truly five star quality.,Neutral,General Feedback,2025-08-28
FB-02405,Writing this review after recent experience: Billing statement displays the company merchant name and invoice reference number. Payment processed through the standard 3D secure verification window without errors. Very satisfied with this purchase.,Neutral,Payment Issue,2025-05-15
FB-01519,"To be completely frank, The package arrived two days earlier than expected. Safe packaging with plenty of bubble wrap. Average overall.",Positive,Delivery Issue,2025-04-03
FB-01740,"Just wanted to share my feedback: Customer support representative was extremely rude, dismissive, and hung up on me mid-sentence. Decent enough for the price.",Negative,Service Issue,2026-02-26
FB-02564,"Warning to potential buyers: Customer representative Sarah was phenomenal! Patient, attentive, and solved my problem in 5 minutes. Superb customer service experience, polite and helpful agents. Please fix this issue as soon as possible.",Positive,Service Issue,2025-03-15
FB-01289,"In my opinion, Not as advertised at all. The color shown online was vibrant navy blue, but what arrived is faded grey. The sole of the running shoe detached during my second jog. Shockingly substandard durability. Hope management addresses this promptly.",Negative,Product Issue,2026-02-25
FB-02308,Quick update on my order: Package arrived in standard cardboard packaging with carrier shipping labels attached. Average overall.,Neutral,Delivery Issue,2025-05-15
FB-01345,Here is my experience: Consistently wonderful service and quality across all my orders over the past three years. Keep it up! Highly recommend!,Positive,General Feedback,2025-11-12
FB-02828,"The fabric is luxurious, soft, and fits true to size. The stitching is impeccable. Hope management addresses this promptly.",Positive,  PRODUCT ISSUE  ,2025-06-09
FB-01744,Quick update on my order: The application requires iOS 16 or Android 12 minimum version to install. Decent enough for the price.,Neutral,Technical Issue,2025-03-16
FB-00298,Just wanted to share my feedback: Disappointed to see prices increased across the board while portion and package sizes were reduced. Very satisfied with this purchase.,Negative,General Feedback,2026-02-28
FB-03036,Overall impression: Average build quality. It is acceptable for occasional household use. The material feels standard. Let us see how durable it proves to be over the next few months. Average overall.,Neutral,Product Issue,2025-09-26
FB-01407,"Reviewing this after one month: My payment went through and funds were deducted from my bank, but the website shows order failed. Extremely disappointing experience.",Negative,Payment Issue,2026-02-18
FB-00959,Customer review: Seamless delivery experience. Box arrived in mint condition with zero dents or creases. Average overall.,Positive,Delivery Issue,2025-06-19
FB-01452,"To be completely frank, Excessive marketing emails and push notifications sent three times a day despite opting out. Decent enough for the price.",Negative,General Feedback,2025-07-09
FB-01423,"In my opinion, The delivery guy was extremely rude, refused to bring the heavy parcel up the elevator. Package was left out in heavy pouring rain without any protective plastic wrap. Truly five star quality.",Negative,Delivery Issue,2025-08-10
FB-02227,Package was left out in heavy pouring rain without any protective plastic wrap. Very satisfied with this purchase.,Negative,Delivery Issue,2025-08-19
FB-01863,"In my opinion, The hinge feels loose and wobbles whenever opened. Not worth half of what I paid. Truly five star quality.",Negative,Product Issue,2026-03-19
FB-00350,Quick update on my order: The package arrived two days earlier than expected. Safe packaging with plenty of bubble wrap. Hope management addresses this promptly.,Positive,Delivery Issue,2025-08-21
FB-01469,Reviewing this after one month: Item feels like a counterfeit knockoff. Materials are noticeably different from authentic retail stores. Will not be buying again.,Negative,Product Issue,2025-10-05
FB-00644,"Overall impression: Top tier craftsmanship. Everything feels durable, well-finished, and built to last years. Will not be buying again.",Positive,Product Issue,2025-09-04
FB-01399,Just wanted to share my feedback: Bluetooth pairing disconnects constantly after three minutes of connection on modern Android. One star is too generous for this.,Negative,Technical Issue,2025-11-21
FB-01396,"In my opinion, High quality product that matches the photos and descriptions perfectly. Very pleased. Will not be buying again.",Positive,Product Issue,2025-04-14
FB-00670,"Quick update on my order: Customer representative Sarah was phenomenal! Patient, attentive, and solved my problem in 5 minutes. Very satisfied with this purchase.",Positive,Service Issue,2025-07-22
FB-02323,"Quick update on my order: Superb customer service experience, polite and helpful agents. Customer representative Sarah was phenomenal! Patient, attentive, and solved my problem in 5 minutes. Very satisfied with this purchase.",Positive,Service Issue,2025-11-03
FB-01279,Just wanted to share my feedback: Delivery was delayed four separate times with zero explanation or notification from the carrier. Will not be buying again.,Negative,Delivery Issue,2025-12-27
FB-02246,"In my opinion, The application requires iOS 16 or Android 12 minimum version to install. Software update prompt appeared upon launching the application as scheduled. Hope management addresses this promptly.",Neutral,Technical Issue,2025-08-16
FB-01226,Quick update on my order: The charge reflects the exact amount stated on the order summary page. Decent enough for the price.,Neutral,Payment Issue,2026-03-11
FB-02556,Promotional discount coupon and reward points were applied smoothly at checkout with clear breakdown.,Positive,Payment Issue,2025-12-12
FB-01643,Customer review: API documentation is clear and the integration was completely error-free and stable under load. The latest software update fixed all previous bugs. The app is lightning fast and responsive now! Average overall.,Positive,Technical Issue,2025-06-22
FB-01809,Warning to potential buyers: The blender blades became dull after blending soft fruits twice. Terrible motor vibration. The device overheats within ten minutes of normal usage. Severe fire hazard in my opinion. One star is too generous for this.,Negative,Product Issue,2025-02-21
FB-00787,Writing this review after recent experience: The commitment to eco-friendly biodegradable packaging is commendable and deeply appreciated. Hope management addresses this promptly.,Positive,General Feedback,2025-06-24
FB-02896,Quick update on my order: The material feels standard. Let us see how durable it proves to be over the next few months. One star is too generous for this.,Neutral,Product Issue,2025-01-23
FB-00141,"Overall impression: Quick and easy payment processing, very secure and transparent billing statements. Invoice receipt was sent instantly to my email with clear itemized taxes and discounts. Very satisfied with this purchase.",Positive,Payment Issue,2025-09-08
FB-00789,"Reviewing this after one month: Not as advertised at all. The color shown online was vibrant navy blue, but what arrived is faded grey. Average overall.",Negative,Product Issue,2025-08-14
FB-02658,"Warning to potential buyers: Representative confirmed receipt of documents and forwarded them to the review department. Standard service, nothing extraordinary.",Neutral,Service Issue,2025-02-18
FB-02251,Ordered a size Large but it fits like an Extra Small. The sizing chart is completely inaccurate. Hardware failure after only two weeks. The buttons no longer register any clicks.,Negative,Product Issue,2025-07-09
FB-00715,Here is my experience: Support team followed up with a courtesy call the next day to confirm everything was working smoothly. Decent enough for the price.,Positive,Service Issue,2025-02-19
FB-01656,"My payment went through and funds were deducted from my bank, but the website shows order failed. Standard service, nothing extraordinary.",Negative,Payment Issue,2026-03-12
FB-01812,Overall impression: The item arrived broken and feels extremely cheap. The plastic cracked within two hours of use. Completely dissatisfied with the build quality. The zipper got stuck immediately and broke off. Very satisfied with this purchase.,Negative,Product Issue,2026-01-27
FB-01724,Support ticket was logged under reference ID 49201 with an estimated reply time of 24 hours. Contacted customer support regarding policy clarification. Representative provided the standard policy text. One star is too generous for this.,Neutral,Service Issue,2025-02-13
FB-02629,"Honestly, Product functions as stated in the user manual. No unexpected features or defects detected. Basic entry-level unit. It comes with standard plastic casing and standard power cords. Please fix this issue as soon as possible.",Neutral,Product Issue,2026-02-16
FB-01692,Writing this review after recent experience: The headphones produce constant static noise in the left ear cup. Unusable for work calls. The motor makes an alarming grinding noise when turned on. Immediate return initiated. Decent enough for the price.,Negative,Product Issue,2025-07-18
FB-02212,"Customer review: Delivery driver followed all delivery instructions perfectly and hid the parcel behind the pillar. Courier was polite, arrived within the designated delivery window, and handed the package directly. Please fix this issue as soon as possible.",Positive,Delivery Issue,2025-03-13
FB-00619,"To be completely frank, The checkout page applied an unauthorized recurring subscription charge without my explicit consent. Truly five star quality.",Negative,Payment Issue,2025-01-27
FB-00407,"In my opinion, The payment gateway crashed during verification, resulting in pending holds on my debit card. Please fix this issue as soon as possible.",Negative,Payment Issue,2025-04-01
FB-01367,Overall impression: Missing essential accessories from the retail box. Missing screws and power adapter. Truly five star quality.,Negative,Product Issue,2025-09-23
FB-01352,Just wanted to share my feedback: Package arrived two weeks past the guaranteed delivery date. Tracking was completely frozen. Average overall.,Negative,Delivery Issue,2025-01-28
FB-01254,"Honestly, Refused to honor price match policy despite valid proof submitted before the purchase. The checkout page applied an unauthorized recurring subscription charge without my explicit consent. Please fix this issue as soon as possible.",Negative,Payment Issue,2026-01-14
FB-01341,"Just wanted to share my feedback: The delivery guy was extremely rude, refused to bring the heavy parcel up the elevator. Express next-day shipping fee paid, yet took seven business days to arrive. Terrible courier service. Extremely disappointing experience.",Negative,Delivery Issue,2026-01-18
FB-01877,"My honest feedback: Payment process was swift, seamless, and securely authenticated with Apple Pay. Accidental overcharge was proactively spotted and refunded by billing team before I even asked. Highly recommend!",Positive,Payment Issue,2025-07-24
FB-00498,"To be completely frank, Package arrived two weeks past the guaranteed delivery date. Tracking was completely frozen. Package was left out in heavy pouring rain without any protective plastic wrap. Extremely disappointing experience.",Negative,Delivery Issue,2025-12-08
FB-00343,Just wanted to share my feedback: Standard quality for the price point. Neither exceptionally good nor noticeably bad. The material feels standard. Let us see how durable it proves to be over the next few months. Very satisfied with this purchase.,Neutral,Product Issue,2026-01-14
FB-02099,Writing this review after recent experience: Support agent closed my ticket without providing any resolution or response to my question. The live chat bot is an endless loop that refuses to transfer me to a human representative. Will not be buying again.,Negative,Service Issue,2025-04-23
FB-02444,"Honestly, Shipping timeframe was within the standard five to seven day window indicated on the invoice. One star is too generous for this.",Neutral,Delivery Issue,2025-03-21
FB-00783,"Honestly, Accidental overcharge was proactively spotted and refunded by billing team before I even asked.",Positive,Payment Issue,2025-12-04
FB-03055,Superb audio fidelity with deep bass and crystal clear treble. Truly noise cancelling! Please fix this issue as soon as possible.,Positive,Product Issue,2025-03-07
FB-00304,Reviewing this after one month: Excessive marketing emails and push notifications sent three times a day despite opting out.,Negative,General Feedback,2025-05-26
FB-02642,"To be completely frank, The commitment to eco-friendly biodegradable packaging is commendable and deeply appreciated. Truly five star quality.",Positive,General Feedback,2025-05-23
FB-01949,Customer review: Invoice receipt was sent instantly to my email with clear itemized taxes and discounts. Payment issue was resolved promptly and the full refund was credited back to my card without delay. 10/10 would recommend to anyone.,Positive,Payment Issue,2025-02-10
FB-00665,"In my opinion, Superb audio fidelity with deep bass and crystal clear treble. Truly noise cancelling! Truly five star quality.",Positive,Product Issue,2025-10-30
FB-01178,"My honest feedback: The shipping driver marked the package as delivered, but nothing was at my door or porch. Truly five star quality.",Negative,Delivery Issue,2025-03-02
FB-01913,"Quick update on my order: The screen is vibrant and crisp with zero glare. Best display I have ever purchased. Standard service, nothing extraordinary.",Positive,Product Issue,2025-02-07
FB-02399,Quick update on my order: Package arrived in standard cardboard packaging with carrier shipping labels attached. Truly five star quality.,Neutral,Delivery Issue,2025-05-24
FB-00103,My honest feedback: Best support experience I have ever had. The agent went above and beyond to make things right. 10/10 would recommend to anyone.,Positive,Service Issue,2025-10-28
FB-01721,Just wanted to share my feedback: The product matches the specifications listed. It performs standard functions as described. Standard quality for the price point. Neither exceptionally good nor noticeably bad. Please fix this issue as soon as possible.,Neutral,Product Issue,2025-03-07
FB-00085,Single sign-on worked effortlessly and synchronized all my cross-platform cloud data in seconds. Crash reporting tool automatically recovered my unsaved workspace data after my computer rebooted. Truly five star quality.,Positive,Technical Issue,2025-09-29
FB-02385,"Overall impression: The delivery courier literally threw the box over my gate and crushed the contents inside. The shipping driver marked the package as delivered, but nothing was at my door or porch. Truly five star quality.",Negative,Delivery Issue,2026-03-16
FB-00942,"In my opinion, It would be helpful to have a physical store location opened in the downtown metropolitan area. Product catalog arrived in the mail today. Browsing through the new winter collection options. Will not be buying again.",Neutral,General Feedback,2025-04-27
FB-00962,"To be completely frank, Exceeded all my expectations. The battery lasts well over two full days of heavy use. Standard service, nothing extraordinary.",Positive,Product Issue,2025-05-22
FB-00842,"Overall impression: Express next-day shipping fee paid, yet took seven business days to arrive. Terrible courier service. Average overall.",Negative,Delivery Issue,2026-02-23
FB-01573,"To be completely frank, Excessive marketing emails and push notifications sent three times a day despite opting out. Truly five star quality.",Negative,General Feedback,2025-08-09
FB-03192,Quick update on my order: Contacted customer support regarding policy clarification. Representative provided the standard policy text. Decent enough for the price.,Neutral,Service Issue,2025-12-28
FB-01365,Just wanted to share my feedback: The browser extension consumes 100% CPU and causes Google Chrome to become unresponsive. Truly five star quality.,Negative,Technical Issue,2025-09-10
FB-01498,The item is functional. Dimensions match the specification sheet provided on the website. Product functions as stated in the user manual. No unexpected features or defects detected. Average overall.,Neutral,Product Issue,2025-11-13
FB-00291,My honest feedback: Support rep claimed they could not locate my account despite providing the exact account ID and email. Decent enough for the price.,Negative,Service Issue,2026-03-09
FB-02068,"In my opinion, Delivery was delayed four separate times with zero explanation or notification from the carrier. Will see how it holds up.",Negative,Delivery Issue,2025-02-20
FB-01310,Reviewing this after one month: Driver delivered my order to the wrong street address entirely. Neighbor had to bring it over. Very satisfied with this purchase.,Negative,Delivery Issue,2025-10-18
FB-00605,"To be completely frank, API documentation is clear and the integration was completely error-free and stable under load. Will not be buying again.",Positive,Technical Issue,2025-03-01
FB-02954,Warning to potential buyers: Waited on hold for over 85 minutes only to be transferred to an automated voicemail system. Please fix this issue as soon as possible.,Negative,Service Issue,2025-05-16
FB-00917,Here is my experience: Product packaging uses far too much non-recyclable plastic and styrofoam. Very eco-unfriendly. Decent enough for the price.,Negative,General Feedback,2025-04-01
FB-02847,"To be completely frank, Exceeded all my expectations. The battery lasts well over two full days of heavy use. The screen is vibrant and crisp with zero glare. Best display I have ever purchased.",Positive,Product Issue,2026-03-12
FB-01922,Quick update on my order: Website throws a 500 internal server error whenever I attempt to update my profile information. Will not be buying again.,Negative,Technical Issue,2026-02-06
FB-01100,Reviewing this after one month: Delivery took four business days as estimated during checkout. Standard transit time. Package arrived in standard cardboard packaging with carrier shipping labels attached. Very satisfied with this purchase.,Neutral,Delivery Issue,2026-01-18
FB-01089,"In my opinion, The checkout page applied an unauthorized recurring subscription charge without my explicit consent. Truly five star quality.",Negative,Payment Issue,2025-06-29
FB-03033,"Customer review: The delivery guy was extremely rude, refused to bring the heavy parcel up the elevator. Average overall.",Negative,Delivery Issue,2025-09-14
FB-01984,"Overall impression: Agent was knowledgeable, empathetic, and replaced my lost item without any hassle or friction. Hope management addresses this promptly.",Positive,Service Issue,2025-05-08
FB-00822,"Reviewing this after one month: Quick and easy payment processing, very secure and transparent billing statements.",Positive,Payment Issue,2026-02-28
FB-02656,The stitching on the jacket came undone after the very first gentle wash. Very poor quality control. Will see how it holds up.,Negative,Product Issue,2025-09-17
FB-01001,"Customer review: I was double billed for a single order! Two identical charges appeared on my credit card statement. The payment gateway crashed during verification, resulting in pending holds on my debit card. Decent enough for the price.",Negative,Payment Issue,2025-07-07
FB-01583,Customer review: Hidden processing fees and unexpected convenience surcharges were added without disclosure at checkout. The checkout page applied an unauthorized recurring subscription charge without my explicit consent. Extremely disappointing experience.,Negative,Payment Issue,2025-09-10
FB-00019,"To be completely frank, Agent promised a follow-up call back by 3 PM yesterday, but nobody ever bothered to call. Horrible customer service. Nobody takes accountability and every department blames the other. Decent enough for the price.",Negative,Service Issue,2026-03-19
FB-00494,"Honestly, Disappointed to see prices increased across the board while portion and package sizes were reduced. Physical retail store was messy, disorganized, and understaffed during peak shopping hours.",Negative,General Feedback,2025-07-27
FB-01126,"Honestly, Product packaging uses far too much non-recyclable plastic and styrofoam. Very eco-unfriendly.",Negative,General Feedback,2025-07-23
FB-01428,"Overall impression: Battery life is terrible, barely lasts 45 minutes on a full charge instead of the advertised 8 hours. Product smells strongly of harsh chemicals and the material feels flimsy and brittle.",Negative,Product Issue,2026-02-05
FB-02249,"Honestly, Physical retail store was messy, disorganized, and understaffed during peak shopping hours. The new website redesign is messy, cluttered, and much harder to navigate than the previous layout. Truly five star quality.",Negative,General Feedback,2025-11-20
FB-02074,"Quick update on my order: Love shopping with this company! Always a delight, high standards, and wonderful overall experience. Great brand loyalty rewards program. Truly values recurring customers with meaningful perks. Truly five star quality.",Positive,General Feedback,2025-04-26
FB-01476,"Here is my experience: The desktop application constantly freezes during data sync, losing all unsaved customer entries. Average overall.",Negative,Technical Issue,2025-04-30
FB-01813,I was double billed for a single order! Two identical charges appeared on my credit card statement. Hidden processing fees and unexpected convenience surcharges were added without disclosure at checkout. Hope management addresses this promptly.,Negative,Payment Issue,2025-05-01
FB-01685,The hinge feels loose and wobbles whenever opened. Not worth half of what I paid. Truly five star quality.,Negative,Product Issue,2025-12-06
FB-02359,Customer review: Great brand loyalty rewards program. Truly values recurring customers with meaningful perks. 10/10 would recommend to anyone.,Positive,General Feedback,2025-12-06
FB-01941,"In my opinion, The screen on this monitor has terrible backlight bleeding and dead pixels right in the center. Completely dissatisfied with the build quality. The zipper got stuck immediately and broke off. Average overall.",Negative,Product Issue,2025-08-24
FB-02776,Writing this review after recent experience: The web portal uses standard HTTPS authentication and session cookie validation. Truly five star quality.,Neutral,Technical Issue,2025-11-05
FB-02177,Customer review: Session timeout occurs every two minutes while filling out the order details. Infuriating bug. Website throws a 500 internal server error whenever I attempt to update my profile information. Average overall.,Negative,Technical Issue,2026-02-05
FB-01789,Just wanted to share my feedback: The charge reflects the exact amount stated on the order summary page. Decent enough for the price.,Neutral,Payment Issue,2025-11-06
FB-01010,"My honest feedback: Tracking status says delivered to resident, but security camera footage proves no driver showed up. One star is too generous for this.",Negative,Delivery Issue,2026-02-24
FB-00361,Just wanted to share my feedback: The material feels standard. Let us see how durable it proves to be over the next few months. Decent enough for the price.,Neutral,Product Issue,2025-06-20
FB-02750,"Writing this review after recent experience: My payment went through and funds were deducted from my bank, but the website shows order failed. Decent enough for the price.",Negative,Payment Issue,2025-05-22
FB-02887,Customer review: Delivery took four business days as estimated during checkout. Standard transit time. The package arrived on the scheduled date within the afternoon delivery window. Will not be buying again.,Neutral,Delivery Issue,2025-01-30
FB-01728,Delivery took four business days as estimated during checkout. Standard transit time. Package arrived in standard cardboard packaging with carrier shipping labels attached. Hope management addresses this promptly.,Neutral,Delivery Issue,2025-08-21
FB-01299,"To be completely frank, The outer shipping carton was completely soaked, torn open, and taped haphazardly by the courier. Decent enough for the price.",Negative,Delivery Issue,2025-11-21
FB-01559,"In my opinion, Excellent delivery tracking updates via SMS every step of the transit. Very impressed. Highly recommend!",Positive,Delivery Issue,2025-08-07
FB-02030,"To be completely frank, The promotional discount coupon code was accepted at checkout but the full price was charged anyway. Will not be buying again.",Negative,Payment Issue,2025-08-16
FB-00345,Writing this review after recent experience: The browser extension consumes 100% CPU and causes Google Chrome to become unresponsive. Decent enough for the price.,Negative,Technical Issue,2025-09-24
FB-00987,"Here is my experience: The desktop application constantly freezes during data sync, losing all unsaved customer entries. Session timeout occurs every two minutes while filling out the order details. Infuriating bug. Hope management addresses this promptly.",Negative,Technical Issue,2025-05-22
FB-01996,Warning to potential buyers: A pre-authorization hold was placed on the card and settled upon shipment dispatch. One star is too generous for this.,Neutral,Payment Issue,2025-06-18
FB-02012,Overall impression: Single sign-on worked effortlessly and synchronized all my cross-platform cloud data in seconds. The latest software update fixed all previous bugs. The app is lightning fast and responsive now! Very satisfied with this purchase.,Positive,Technical Issue,2025-09-17
FB-03005,"Customer review: The latest software update fixed all previous bugs. The app is lightning fast and responsive now! Standard service, nothing extraordinary.",Positive,Technical Issue,2025-04-05
FB-01447,"To be completely frank, Representative gave contradictory information compared to what is written in your official refund policy. Decent enough for the price.",Negative,Service Issue,2025-09-20
FB-00114,Customer review: Tracking updates were logged at each regional distribution center as expected. Will not be buying again.,Neutral,Delivery Issue,2025-01-24
FB-01748,"In my opinion, The delivery guy was extremely rude, refused to bring the heavy parcel up the elevator. The outer shipping carton was completely soaked, torn open, and taped haphazardly by the courier. Will see how it holds up.",Negative,Delivery Issue,2025-02-13
FB-01242,"Honestly, Payment process was swift, seamless, and securely authenticated with Apple Pay. Standard service, nothing extraordinary.",Positive,Payment Issue,2026-01-08
FB-01143,"Honestly, The browser extension consumes 100% CPU and causes Google Chrome to become unresponsive. Standard service, nothing extraordinary.",Negative,Technical Issue,2025-10-06
FB-01860,"To be completely frank, Automated chat system provided links to the relevant knowledge base articles for my query. Please fix this issue as soon as possible.",Neutral,Service Issue,2025-03-16
FB-01217,My honest feedback: Completely dissatisfied with the build quality. The zipper got stuck immediately and broke off. Will see how it holds up.,Negative,Product Issue,2025-11-30
FB-01199,"Honestly, Received generic copy-paste canned responses that did not even address the issue I described.",Negative,Service Issue,2025-06-18
FB-00086,"To be completely frank, Password reset emails are never received, even after checking spam folders multiple times. Please fix this issue as soon as possible.",Negative,Technical Issue,2025-06-20
FB-02523,"Reviewing this after one month: Express next-day shipping fee paid, yet took seven business days to arrive. Terrible courier service.",Negative,Delivery Issue,2025-11-07
FB-00669,Here is my experience: Remarkable ergonomics and silent keys. Typing all day has become significantly more comfortable. Please fix this issue as soon as possible.,Positive,Product Issue,2025-08-25
FB-01015,Just wanted to share my feedback: Shipping timeframe was within the standard five to seven day window indicated on the invoice. The package arrived on the scheduled date within the afternoon delivery window. Decent enough for the price.,Neutral,Delivery Issue,2025-02-20
FB-00129,Customer review: Item feels like a counterfeit knockoff. Materials are noticeably different from authentic retail stores. Will not be buying again.,Negative,Product Issue,2025-08-23
FB-02555,Overall impression: Support team followed up with a courtesy call the next day to confirm everything was working smoothly. Truly five star quality.,Positive,Service Issue,2026-02-25
FB-03043,"Just wanted to share my feedback: Quick and easy payment processing, very secure and transparent billing statements. Payment process was swift, seamless, and securely authenticated with Apple Pay. Decent enough for the price.",Positive,Payment Issue,2025-07-16
FB-00892,"Honestly, Product functions as stated in the user manual. No unexpected features or defects detected. Standard service, nothing extraordinary.",Neutral,Product Issue,2025-02-03
FB-02892,Overall impression: Standard quality for the price point. Neither exceptionally good nor noticeably bad. Truly five star quality.,Neutral,Product Issue,2025-06-30
FB-00308,"In my opinion, Bluetooth pairing disconnects constantly after three minutes of connection on modern Android. Infinite loading spinner when trying to download the digital purchase files or license keys. Decent enough for the price.",Negative,Technical Issue,2025-06-24
FB-00384,Warning to potential buyers: Session timeout occurs every two minutes while filling out the order details. Infuriating bug. Very satisfied with this purchase.,Negative,Technical Issue,2025-09-09
FB-00151,Single sign-on worked effortlessly and synchronized all my cross-platform cloud data in seconds.,Positive,Technical Issue,2025-10-05
FB-01836,Writing this review after recent experience: The item arrived broken and feels extremely cheap. The plastic cracked within two hours of use. The headphones produce constant static noise in the left ear cup. Unusable for work calls. Truly five star quality.,Negative,Product Issue,2026-01-31
FB-02116,"Reviewing this after one month: Customer representative Sarah was phenomenal! Patient, attentive, and solved my problem in 5 minutes. Customer support agent took quick action and resolved my issue immediately. Great service! Please fix this issue as soon as possible.",Positive,Service Issue,2025-06-16
FB-00427,Overall impression: Delivery was delayed four separate times with zero explanation or notification from the carrier.,Negative,Delivery Issue,2025-02-24
FB-00495,Just wanted to share my feedback: Basic entry-level unit. It comes with standard plastic casing and standard power cords. Decent enough for the price.,Neutral,Product Issue,2026-03-05
FB-01208,"Writing this review after recent experience: Refund was processed back to my bank account instantly. Great service and hassle free transaction! Standard service, nothing extraordinary.",Positive,Payment Issue,2025-02-15
FB-02693,"Quick update on my order: Agent was knowledgeable, empathetic, and replaced my lost item without any hassle or friction. Hope management addresses this promptly.",Positive,Service Issue,2026-01-13
FB-01952,"Customer review: The new user interface layout is modern, clean, visually appealing, and very easy on the eyes. Average overall.",Positive,General Feedback,2025-10-21
FB-01209,Just wanted to share my feedback: Seamless delivery experience. Box arrived in mint condition with zero dents or creases. Will not be buying again.,Positive,Delivery Issue,2026-02-01
FB-02616,The charge reflects the exact amount stated on the order summary page. Decent enough for the price.,Neutral,Payment Issue,2025-06-17
FB-03167,"In my opinion, The delivery guy was extremely rude, refused to bring the heavy parcel up the elevator. Hope management addresses this promptly.",Negative,Delivery Issue,2025-06-16
FB-03035,"In my opinion, The package arrived two days earlier than expected. Safe packaging with plenty of bubble wrap. Will not be buying again.",Positive,Delivery Issue,2025-09-13
FB-01240,"In my opinion, Great brand loyalty rewards program. Truly values recurring customers with meaningful perks. The new user interface layout is modern, clean, visually appealing, and very easy on the eyes. Truly five star quality.",Positive,General Feedback,2025-09-22
FB-03028,Overall impression: The phone agent hung up on me after keeping me on hold for an hour. Unacceptable behavior. Hope management addresses this promptly.,Negative,Service Issue,2026-02-14
FB-01533,"To be completely frank, The checkout page applied an unauthorized recurring subscription charge without my explicit consent. The payment gateway crashed during verification, resulting in pending holds on my debit card. Will not be buying again.",Negative,Payment Issue,2025-11-15
FB-00276,"In my opinion, Standard quality for the price point. Neither exceptionally good nor noticeably bad. Very satisfied with this purchase.",Neutral,Product Issue,2025-09-25
FB-00490,"Customer review: The fabric is luxurious, soft, and fits true to size. The stitching is impeccable. High quality product that matches the photos and descriptions perfectly. Very pleased. Very satisfied with this purchase.",Positive,Product Issue,2025-03-02
FB-02296,"To be completely frank, The outer shipping carton was completely soaked, torn open, and taped haphazardly by the courier. Will not be buying again.",Negative,Delivery Issue,2025-11-16
FB-01230,My honest feedback: The item is functional. Dimensions match the specification sheet provided on the website. Standard quality for the price point. Neither exceptionally good nor noticeably bad. One star is too generous for this.,Neutral,Product Issue,2026-02-03
FB-00691,Here is my experience: Support agent closed my ticket without providing any resolution or response to my question. Please fix this issue as soon as possible.,Negative,Service Issue,2026-03-01
FB-01892,Overall impression: Package arrived two weeks past the guaranteed delivery date. Tracking was completely frozen. Extremely disappointing experience.,Negative,Delivery Issue,2026-02-09
FB-01867,Reviewing this after one month: Billing statement displays the company merchant name and invoice reference number. Payment processed through the standard 3D secure verification window without errors. One star is too generous for this.,Neutral,  PAYMENT ISSUE  ,2025-03-08
FB-01353,Writing this review after recent experience: Seamless delivery experience. Box arrived in mint condition with zero dents or creases. The package arrived two days earlier than expected. Safe packaging with plenty of bubble wrap. Very satisfied with this purchase.,Positive,  DELIVERY ISSUE  ,2026-02-21
FB-01405,"Overall impression: The checkout page applied an unauthorized recurring subscription charge without my explicit consent. Standard service, nothing extraordinary.",Negative,Payment Issue,2025-03-26
FB-02377,"My honest feedback: Superb customer service experience, polite and helpful agents. Support team followed up with a courtesy call the next day to confirm everything was working smoothly. 10/10 would recommend to anyone.",Positive,Service Issue,2025-07-03
FB-02242,Reviewing this after one month: Support ticket was logged under reference ID 49201 with an estimated reply time of 24 hours. Decent enough for the price.,Neutral,Service Issue,2025-03-17
FB-01059,Warning to potential buyers: High quality product that matches the photos and descriptions perfectly. Very pleased. Highly recommend!,Positive,Product Issue,2026-03-14
FB-00119,"To be completely frank, Ordered a size Large but it fits like an Extra Small. The sizing chart is completely inaccurate. The screen on this monitor has terrible backlight bleeding and dead pixels right in the center. Hope management addresses this promptly.",Negative,Product Issue,2025-12-22
FB-01025,My honest feedback: Representative gave contradictory information compared to what is written in your official refund policy. Will not be buying again.,Negative,Service Issue,2025-02-01
FB-01578,"In my opinion, The stitching on the jacket came undone after the very first gentle wash. Very poor quality control. Please fix this issue as soon as possible.",Negative,Product Issue,2026-01-30
FB-00282,Here is my experience: Software update prompt appeared upon launching the application as scheduled.,Neutral,Technical Issue,2025-01-22
FB-01765,My honest feedback: Bluetooth pairing disconnects constantly after three minutes of connection on modern Android. Hope management addresses this promptly.,Negative,Technical Issue,2025-05-30
FB-02514,The hinge feels loose and wobbles whenever opened. Not worth half of what I paid. Will not be buying again.,Negative,Product Issue,2025-09-07
FB-00969,Here is my experience: Exceeded all my expectations. The battery lasts well over two full days of heavy use. Will see how it holds up.,Positive,Product Issue,2025-08-19
FB-01357,Just wanted to share my feedback: Billing statement displays the company merchant name and invoice reference number. The charge reflects the exact amount stated on the order summary page. Truly five star quality.,Neutral,Payment Issue,2025-07-24
FB-01393,"Honestly, Product functions as stated in the user manual. No unexpected features or defects detected. It performs the required tasks. The design is utilitarian and does what it is supposed to. Decent enough for the price.",Neutral,Product Issue,2025-04-15
FB-02592,"Quick update on my order: The shipping driver marked the package as delivered, but nothing was at my door or porch. Hope management addresses this promptly.",Negative,Delivery Issue,2025-05-26
FB-03002,Writing this review after recent experience: Hidden processing fees and unexpected convenience surcharges were added without disclosure at checkout. Decent enough for the price.,Negative,Payment Issue,2026-03-19
FB-00156,Just wanted to share my feedback: Average build quality. It is acceptable for occasional household use. Truly five star quality.,Neutral,Product Issue,2025-11-12
FB-00305,Just wanted to share my feedback: Direct debit was processed twice in one billing cycle. Bank overdraft fees incurred as a result. Will not be buying again.,Negative,Payment Issue,2025-01-24
FB-02103,"Honestly, Bluetooth pairing disconnects constantly after three minutes of connection on modern Android. Infinite loading spinner when trying to download the digital purchase files or license keys. Standard service, nothing extraordinary.",Negative,Technical Issue,2025-04-05
FB-02744,"Overall impression: The new website redesign is messy, cluttered, and much harder to navigate than the previous layout. Will not be buying again.",Negative,General Feedback,2026-02-23
FB-01607,Warning to potential buyers: The application requires iOS 16 or Android 12 minimum version to install. Decent enough for the price.,Neutral,Technical Issue,2025-05-10
FB-01780,Quick update on my order: Infinite loading spinner when trying to download the digital purchase files or license keys. Truly five star quality.,Negative,Technical Issue,2025-05-23
FB-02413,My honest feedback: A pre-authorization hold was placed on the card and settled upon shipment dispatch. Payment processed through the standard 3D secure verification window without errors. Average overall.,Neutral,Payment Issue,2026-03-01
FB-01308,"Here is my experience: Express next-day shipping fee paid, yet took seven business days to arrive. Terrible courier service. The shipping driver marked the package as delivered, but nothing was at my door or porch. Standard service, nothing extraordinary.",Negative,Delivery Issue,2026-01-14
FB-02789,"Honestly, Crash reporting tool automatically recovered my unsaved workspace data after my computer rebooted. Decent enough for the price.",Positive,Technical Issue,2025-02-27
FB-00576,The package arrived two days earlier than expected. Safe packaging with plenty of bubble wrap. 10/10 would recommend to anyone.,Positive,Delivery Issue,2025-02-26
FB-02114,"Customer review: Package was left out in heavy pouring rain without any protective plastic wrap. The delivery guy was extremely rude, refused to bring the heavy parcel up the elevator. Please fix this issue as soon as possible.",Negative,Delivery Issue,2025-09-02
FB-02766,"Just wanted to share my feedback: The billing department resolved my refund request within a few hours. Money back in my account! Payment process was swift, seamless, and securely authenticated with Apple Pay. Decent enough for the price.",Positive,Payment Issue,2025-10-08
FB-02821,"In my opinion, Data synchronization executes automatically at 15-minute intervals when connected to Wi-Fi. Software update prompt appeared upon launching the application as scheduled. Decent enough for the price.",Neutral,Technical Issue,2025-09-13
FB-01300,Quick update on my order: Delivered in less than 24 hours in pristine condition. Super fast and careful logistics! Seamless delivery experience. Box arrived in mint condition with zero dents or creases. Very satisfied with this purchase.,Positive,Delivery Issue,2025-04-25
FB-01675,Warning to potential buyers: Payment issue was resolved promptly and the full refund was credited back to my card without delay. One star is too generous for this.,Positive,  PAYMENT ISSUE  ,2025-05-28
FB-02081,"Quick update on my order: The delivery guy was extremely rude, refused to bring the heavy parcel up the elevator. The shipping driver marked the package as delivered, but nothing was at my door or porch. Please fix this issue as soon as possible.",Negative,Delivery Issue,2025-08-28
FB-02024,Customer review: Standard quality for the price point. Neither exceptionally good nor noticeably bad. Decent enough for the price.,Neutral,Product Issue,2025-06-19
FB-00844,"To be completely frank, Package arrived two weeks past the guaranteed delivery date. Tracking was completely frozen. Decent enough for the price.",Negative,Delivery Issue,2025-01-20
FB-01488,"To be completely frank, Password requirements require at least eight characters, one uppercase letter, and a number.",Neutral,Technical Issue,2026-01-14
FB-00270,"Honestly, The phone agent hung up on me after keeping me on hold for an hour. Unacceptable behavior. One star is too generous for this.",Negative,Service Issue,2025-04-05
FB-00630,"Honestly, Not as advertised at all. The color shown online was vibrant navy blue, but what arrived is faded grey. Please fix this issue as soon as possible.",Negative,Product Issue,2025-04-09
FB-01034,"Honestly, The invoice shows standard itemized sales tax and shipping calculation. Decent enough for the price.",Neutral,Payment Issue,2025-07-01
FB-00287,Warning to potential buyers: Carrier mishandled the parcel. The fragile sticker was completely ignored and items were shattered. Extremely disappointing experience.,Negative,Delivery Issue,2026-01-13
FB-01327,Overall impression: API documentation is clear and the integration was completely error-free and stable under load. Very satisfied with this purchase.,Positive,Technical Issue,2026-01-17
FB-02383,"Customer review: Refund was processed back to my bank account instantly. Great service and hassle free transaction! Payment process was swift, seamless, and securely authenticated with Apple Pay. Decent enough for the price.",Positive,Payment Issue,2025-08-30
FB-00301,"Quick update on my order: The loyalty rewards program has been devalued so heavily that accumulated points are virtually worthless. Standard service, nothing extraordinary.",Negative,General Feedback,2025-07-03
FB-02033,"Battery life is terrible, barely lasts 45 minutes on a full charge instead of the advertised 8 hours. Please fix this issue as soon as possible.",Negative,Product Issue,2025-07-17
FB-02294,"To be completely frank, Tracking status says delivered to resident, but security camera footage proves no driver showed up. Delivery was delayed four separate times with zero explanation or notification from the carrier. Truly five star quality.",Negative,Delivery Issue,2025-03-26
FB-01968,Here is my experience: Superb audio fidelity with deep bass and crystal clear treble. Truly noise cancelling! The screen is vibrant and crisp with zero glare. Best display I have ever purchased. Decent enough for the price.,Positive,Product Issue,2025-10-18
FB-01553,Overall impression: The application requires iOS 16 or Android 12 minimum version to install. Average overall.,Neutral,Technical Issue,2025-09-03
FB-00066,My honest feedback: Website throws a 500 internal server error whenever I attempt to update my profile information. Very satisfied with this purchase.,Negative,Technical Issue,2025-10-13
FB-02715,Here is my experience: I was double billed for a single order! Two identical charges appeared on my credit card statement. Hope management addresses this promptly.,Negative,Payment Issue,2025-03-27
FB-00891,"In my opinion, Single sign-on worked effortlessly and synchronized all my cross-platform cloud data in seconds. One star is too generous for this.",Positive,Technical Issue,2025-06-20
FB-03053,Writing this review after recent experience: The charge reflects the exact amount stated on the order summary page. Decent enough for the price.,Neutral,Payment Issue,2025-09-24
FB-02802,My honest feedback: Invoice receipt was sent instantly to my email with clear itemized taxes and discounts. Very satisfied with this purchase.,Positive,Payment Issue,2025-05-27
FB-02032,The package arrived two days earlier than expected. Safe packaging with plenty of bubble wrap. Highly recommend!,Positive,Delivery Issue,2025-04-30
FB-02711,"In my opinion, Hidden processing fees and unexpected convenience surcharges were added without disclosure at checkout. I was double billed for a single order! Two identical charges appeared on my credit card statement. Will not be buying again.",Negative,Payment Issue,2025-07-30
FB-00231,"To be completely frank, Disappointed to see prices increased across the board while portion and package sizes were reduced. Will not be buying again.",Negative,General Feedback,2025-10-20
FB-00504,Writing this review after recent experience: Contacted customer support regarding policy clarification. Representative provided the standard policy text. Please fix this issue as soon as possible.,Neutral,Service Issue,2025-02-05
FB-02423,"Honestly, Product packaging uses far too much non-recyclable plastic and styrofoam. Very eco-unfriendly. Disappointed to see prices increased across the board while portion and package sizes were reduced. Standard service, nothing extraordinary.",Negative,General Feedback,2026-03-19
FB-01601,Overall impression: Support agent was useless and refused to answer simple questions on the phone. Will see how it holds up.,Negative,Service Issue,2025-04-17
FB-01704,"Honestly, Seamless delivery experience. Box arrived in mint condition with zero dents or creases. Highly recommend!",Positive,Delivery Issue,2025-03-13
FB-02211,Warning to potential buyers: Horrible customer service. Nobody takes accountability and every department blames the other. Very satisfied with this purchase.,Negative,Service Issue,2026-01-31
FB-01005,A pre-authorization hold was placed on the card and settled upon shipment dispatch. Will see how it holds up.,Neutral,Payment Issue,2025-08-19
FB-00837,"Honestly, The commitment to eco-friendly biodegradable packaging is commendable and deeply appreciated. Highly recommend!",Positive,General Feedback,2025-08-08
FB-03195,"In my opinion, The web portal uses standard HTTPS authentication and session cookie validation. Decent enough for the price.",Neutral,Technical Issue,2025-08-16
FB-00375,Just wanted to share my feedback: The application requires iOS 16 or Android 12 minimum version to install. Data synchronization executes automatically at 15-minute intervals when connected to Wi-Fi. Very satisfied with this purchase.,Neutral,Technical Issue,2025-07-20
FB-02248,"Honestly, The fabric is luxurious, soft, and fits true to size. The stitching is impeccable. The screen is vibrant and crisp with zero glare. Best display I have ever purchased. Average overall.",Positive,Product Issue,2025-03-04
FB-02277,Just wanted to share my feedback: Session timeout occurs every two minutes while filling out the order details. Infuriating bug.,Negative,Technical Issue,2025-07-14
FB-02740,"To be completely frank, Superb audio fidelity with deep bass and crystal clear treble. Truly noise cancelling! Standard service, nothing extraordinary.",Positive,Product Issue,2025-01-30
FB-00940,"Reviewing this after one month: Agent was knowledgeable, empathetic, and replaced my lost item without any hassle or friction. Will not be buying again.",Positive,Service Issue,2026-02-04
FB-01322,Customer review: The promotional discount coupon code was accepted at checkout but the full price was charged anyway. Will not be buying again.,Negative,Payment Issue,2025-03-27
FB-02234,"Warning to potential buyers: Payment process was swift, seamless, and securely authenticated with Apple Pay. Very satisfied with this purchase.",Positive,Payment Issue,2025-01-20
FB-00752,Warning to potential buyers: Delivered in less than 24 hours in pristine condition. Super fast and careful logistics! Delivery driver followed all delivery instructions perfectly and hid the parcel behind the pillar. Will see how it holds up.,Positive,Delivery Issue,2025-07-23
FB-00100,Customer review: Shipping timeframe was within the standard five to seven day window indicated on the invoice. Decent enough for the price.,Neutral,Delivery Issue,2025-01-22
FB-02023,"Refused to honor price match policy despite valid proof submitted before the purchase. The refund was promised within 3 to 5 business days, but four weeks have passed with no money returned. Will not be buying again.",Negative,Payment Issue,2025-11-26
FB-00867,Warning to potential buyers: Representative gave contradictory information compared to what is written in your official refund policy. Will not be buying again.,Negative,Service Issue,2025-06-07
FB-00911,"To be completely frank, Payment processed through the standard 3D secure verification window without errors. Will see how it holds up.",Neutral,Payment Issue,2025-04-11
FB-02715,Here is my experience: I was double billed for a single order! Two identical charges appeared on my credit card statement. Hope management addresses this promptly.,Negative,Payment Issue,2025-03-27
FB-00530,"My honest feedback: The shipping driver marked the package as delivered, but nothing was at my door or porch. Decent enough for the price.",Negative,Delivery Issue,2025-07-25
FB-01261,Just wanted to share my feedback: Support ticket was logged under reference ID 49201 with an estimated reply time of 24 hours. Will not be buying again.,Neutral,Service Issue,2025-11-13
FB-02717,"Here is my experience: The desktop application constantly freezes during data sync, losing all unsaved customer entries. Please fix this issue as soon as possible.",Negative,Technical Issue,2025-09-25
FB-00637,"Here is my experience: Express next-day shipping fee paid, yet took seven business days to arrive. Terrible courier service. The shipping driver marked the package as delivered, but nothing was at my door or porch. Standard service, nothing extraordinary.",Negative,Delivery Issue,2025-11-10
FB-01270,"In my opinion, Agent promised a follow-up call back by 3 PM yesterday, but nobody ever bothered to call. One star is too generous for this.",Negative,Service Issue,2026-03-07
FB-00186,Quick update on my order: The package arrived two days earlier than expected. Safe packaging with plenty of bubble wrap. Seamless delivery experience. Box arrived in mint condition with zero dents or creases. Truly five star quality.,Positive,Delivery Issue,2025-10-05
FB-01403,"Here is my experience: The shipping driver marked the package as delivered, but nothing was at my door or porch. Please fix this issue as soon as possible.",Negative,Delivery Issue,2025-11-27
FB-01658,"Customer review: Superb customer service experience, polite and helpful agents. Decent enough for the price.",Positive,Service Issue,2025-03-09
FB-00932,Customer review: Bluetooth pairing disconnects constantly after three minutes of connection on modern Android. The browser extension consumes 100% CPU and causes Google Chrome to become unresponsive. Will see how it holds up.,Negative,Technical Issue,2026-01-05
FB-02477,"Warning to potential buyers: Accidental overcharge was proactively spotted and refunded by billing team before I even asked. Quick and easy payment processing, very secure and transparent billing statements. 10/10 would recommend to anyone.",Positive,Payment Issue,2025-07-22
FB-02473,"Warning to potential buyers: Excessive marketing emails and push notifications sent three times a day despite opting out. The new website redesign is messy, cluttered, and much harder to navigate than the previous layout. One star is too generous for this.",Negative,General Feedback,2025-04-01
FB-02928,"Warning to potential buyers: Excellent delivery tracking updates via SMS every step of the transit. Very impressed. Courier was polite, arrived within the designated delivery window, and handed the package directly. Will see how it holds up.",Positive,Delivery Issue,2026-01-13
FB-02582,Just wanted to share my feedback: Latest app update completely broke the biometric face ID login functionality on iOS. Search filter on the store website is completely broken; returning zero results for standard items. Please fix this issue as soon as possible.,Negative,Technical Issue,2025-09-08
FB-01274,Overall impression: Hidden processing fees and unexpected convenience surcharges were added without disclosure at checkout. Direct debit was processed twice in one billing cycle. Bank overdraft fees incurred as a result. Will not be buying again.,Negative,Payment Issue,2026-01-04
FB-02231,"Warning to potential buyers: The fabric is luxurious, soft, and fits true to size. The stitching is impeccable. Truly five star quality.",Positive,Product Issue,2025-02-26
FB-00608,Reviewing this after one month: Waited on hold for over 85 minutes only to be transferred to an automated voicemail system. Average overall.,Negative,Service Issue,2026-03-11
FB-01953,Just wanted to share my feedback: The item is functional. Dimensions match the specification sheet provided on the website. It performs the required tasks. The design is utilitarian and does what it is supposed to. Will see how it holds up.,Neutral,Product Issue,2025-04-28
FB-00152,Writing this review after recent experience: Immediate response on live chat within 30 seconds. Handled my inquiry with total professionalism. Very satisfied with this purchase.,Positive,Service Issue,2025-08-22
FB-02623,Writing this review after recent experience: Escalated to a supervisor three days ago and still waiting in total silence for an update. Average overall.,Negative,Service Issue,2025-06-16
FB-02311,Warning to potential buyers: Product catalog arrived in the mail today. Browsing through the new winter collection options. Decent enough for the price.,Neutral,General Feedback,2025-11-18
FB-00732,Just wanted to share my feedback: Superb audio fidelity with deep bass and crystal clear treble. Truly noise cancelling! Hope management addresses this promptly.,Positive,Product Issue,2026-01-05
FB-01585,"Honestly, Latest app update completely broke the biometric face ID login functionality on iOS. Will not be buying again.",Negative,Technical Issue,2025-02-01
FB-01883,Immediate response on live chat within 30 seconds. Handled my inquiry with total professionalism. Will not be buying again.,Positive,Service Issue,2025-10-13
FB-02934,Writing this review after recent experience: Support team followed up with a courtesy call the next day to confirm everything was working smoothly. One star is too generous for this.,Positive,Service Issue,2026-01-10
FB-00024,"Honestly, Standard quality for the price point. Neither exceptionally good nor noticeably bad. Average build quality. It is acceptable for occasional household use. One star is too generous for this.",Neutral,Product Issue,2025-06-21
FB-02214,Package was left out in heavy pouring rain without any protective plastic wrap. Carrier mishandled the parcel. The fragile sticker was completely ignored and items were shattered. Will not be buying again.,Negative,Delivery Issue,2025-09-19
FB-00159,"Reviewing this after one month: Customer support representative was extremely rude, dismissive, and hung up on me mid-sentence. Decent enough for the price.",Negative,Service Issue,2025-10-25
FB-00862,"Reviewing this after one month: The new website redesign is messy, cluttered, and much harder to navigate than the previous layout. Please fix this issue as soon as possible.",Negative,General Feedback,2025-02-10
FB-03190,"Writing this review after recent experience: Delivery driver followed all delivery instructions perfectly and hid the parcel behind the pillar. Standard service, nothing extraordinary.",Positive,Delivery Issue,2025-08-08
FB-00903,Horrible customer service. Nobody takes accountability and every department blames the other. Will not be buying again.,Negative,Service Issue,2025-11-29
FB-02852,My honest feedback: The product matches the specifications listed. It performs standard functions as described. Decent enough for the price.,Neutral,Product Issue,2025-02-13
FB-01231,"To be completely frank, The item is functional. Dimensions match the specification sheet provided on the website. It performs the required tasks. The design is utilitarian and does what it is supposed to.",Neutral,Product Issue,2025-03-20
FB-02431,Reviewing this after one month: Waited on hold for over 85 minutes only to be transferred to an automated voicemail system. Hope management addresses this promptly.,Negative,Service Issue,2025-04-18
FB-00445,"To be completely frank, Seamless delivery experience. Box arrived in mint condition with zero dents or creases.",Positive,Delivery Issue,2025-08-30
FB-03157,Overall impression: Seamless delivery experience. Box arrived in mint condition with zero dents or creases. One star is too generous for this.,Positive,Delivery Issue,2025-01-21
FB-00755,"Just wanted to share my feedback: Driver delivered my order to the wrong street address entirely. Neighbor had to bring it over. Carrier mishandled the parcel. The fragile sticker was completely ignored and items were shattered. Standard service, nothing extraordinary.",Negative,Delivery Issue,2025-09-08
FB-00924,"Honestly, Crash reporting tool automatically recovered my unsaved workspace data after my computer rebooted. API documentation is clear and the integration was completely error-free and stable under load. Highly recommend!",Positive,Technical Issue,2025-07-05
FB-03193,Overall impression: Package arrived two weeks past the guaranteed delivery date. Tracking was completely frozen. Carrier mishandled the parcel. The fragile sticker was completely ignored and items were shattered. Hope management addresses this promptly.,Negative,Delivery Issue,2025-08-14
FB-02269,"Quick update on my order: Customer representative Sarah was phenomenal! Patient, attentive, and solved my problem in 5 minutes. One star is too generous for this.",Positive,Service Issue,2026-01-24
FB-00312,"Overall impression: Smooth, glitch-free UI with intuitive navigation. Great performance even on older phone models. Truly five star quality.",Positive,Technical Issue,2025-10-31
FB-01376,My honest feedback: The hinge feels loose and wobbles whenever opened. Not worth half of what I paid. Truly five star quality.,Negative,Product Issue,2025-08-12
FB-00549,Just wanted to share my feedback: Invoice receipt was sent instantly to my email with clear itemized taxes and discounts. Highly recommend!,Positive,Payment Issue,2025-02-14
FB-02154,Just wanted to share my feedback: Payment issue was resolved promptly and the full refund was credited back to my card without delay. Highly recommend!,Positive,Payment Issue,2025-08-06
FB-01717,Just wanted to share my feedback: The replacement unit had the exact same defect as the first one. Terrible manufacturing batches. Please fix this issue as soon as possible.,Negative,Product Issue,2026-02-19
FB-00307,"Customer review: Courier was polite, arrived within the designated delivery window, and handed the package directly. Standard service, nothing extraordinary.",Positive,Delivery Issue,2025-03-09
FB-00288,"Honestly, Waited on hold for over 85 minutes only to be transferred to an automated voicemail system. Support rep claimed they could not locate my account despite providing the exact account ID and email. Will see how it holds up.",Negative,Service Issue,2025-08-02
FB-00695,My honest feedback: Operating hours for live phone support are Monday through Friday from 9 AM to 6 PM EST. Support ticket was logged under reference ID 49201 with an estimated reply time of 24 hours. Decent enough for the price.,Neutral,Service Issue,2025-02-21
FB-00309,Warning to potential buyers: The courier left the parcel in the designated parcel locker box. Very satisfied with this purchase.,Neutral,Delivery Issue,2025-09-20
FB-02499,"To be completely frank, Payment process was swift, seamless, and securely authenticated with Apple Pay.",Positive,Payment Issue,2025-11-23
FB-02058,My honest feedback: The loyalty rewards program has been devalued so heavily that accumulated points are virtually worthless. Will not be buying again.,Negative,General Feedback,2026-02-06
FB-00750,"In my opinion, The motor makes an alarming grinding noise when turned on. Immediate return initiated. Average overall.",Negative,Product Issue,2025-06-20
FB-02237,Customer review: Delivered in less than 24 hours in pristine condition. Super fast and careful logistics!,Positive,Delivery Issue,2025-08-04
FB-01468,Customer review: Delivered in less than 24 hours in pristine condition. Super fast and careful logistics! Delivery driver followed all delivery instructions perfectly and hid the parcel behind the pillar. Average overall.,Positive,Delivery Issue,2025-11-04
FB-01784,"Honestly, The refund was promised within 3 to 5 business days, but four weeks have passed with no money returned. My payment went through and funds were deducted from my bank, but the website shows order failed. Will see how it holds up.",Negative,Payment Issue,2025-10-31
FB-02670,"To be completely frank, Disappointed to see prices increased across the board while portion and package sizes were reduced. Will not be buying again.",Negative,General Feedback,2025-06-30
FB-00909,"In my opinion, Customer support agent took quick action and resolved my issue immediately. Great service! 10/10 would recommend to anyone.",Positive,Service Issue,2025-03-21
FB-00087,"Honestly, The motor makes an alarming grinding noise when turned on. Immediate return initiated. Average overall.",Negative,Product Issue,2025-08-13
FB-02561,"Quick update on my order: The shipping driver marked the package as delivered, but nothing was at my door or porch. Standard service, nothing extraordinary.",Negative,Delivery Issue,2025-11-05
FB-01518,Here is my experience: The delivery courier literally threw the box over my gate and crushed the contents inside. Will not be buying again.,Negative,Delivery Issue,2025-12-19
FB-02683,"Here is my experience: Courier was polite, arrived within the designated delivery window, and handed the package directly. Hope management addresses this promptly.",Positive,Delivery Issue,2025-03-06
FB-00971,"Here is my experience: Tracking status says delivered to resident, but security camera footage proves no driver showed up. Truly five star quality.",Negative,Delivery Issue,2026-03-01
FB-00014,Writing this review after recent experience: The invoice shows standard itemized sales tax and shipping calculation. Billing statement displays the company merchant name and invoice reference number. Truly five star quality.,Neutral,Payment Issue,2025-06-06
FB-00874,Overall impression: The mobile app crashes every single time I tap the checkout or view cart button. The browser extension consumes 100% CPU and causes Google Chrome to become unresponsive. One star is too generous for this.,Negative,Technical Issue,2025-09-20
FB-00809,"Reviewing this after one month: My payment went through and funds were deducted from my bank, but the website shows order failed. Very satisfied with this purchase.",Negative,Payment Issue,2025-11-14
FB-02772,"Warning to potential buyers: The delivery guy was extremely rude, refused to bring the heavy parcel up the elevator. Extremely disappointing experience.",Negative,Delivery Issue,2026-02-26
FB-00515,Overall impression: The motor makes an alarming grinding noise when turned on. Immediate return initiated. Please fix this issue as soon as possible.,Negative,Product Issue,2026-03-04
FB-02595,"Overall impression: The item is functional. Dimensions match the specification sheet provided on the website. Standard service, nothing extraordinary.",Neutral,Product Issue,2025-08-22
FB-00410,"Reviewing this after one month: Payment process was swift, seamless, and securely authenticated with Apple Pay. Decent enough for the price.",Positive,Payment Issue,2025-10-08
FB-01614,"Customer review: Superb customer service experience, polite and helpful agents. Customer support agent took quick action and resolved my issue immediately. Great service! Truly five star quality.",Positive,Service Issue,2025-08-04
FB-01338,Delivered in less than 24 hours in pristine condition. Super fast and careful logistics! The package arrived two days earlier than expected. Safe packaging with plenty of bubble wrap. 10/10 would recommend to anyone.,Positive,Delivery Issue,2025-01-24
FB-01414,"My honest feedback: The delivery guy was extremely rude, refused to bring the heavy parcel up the elevator. Package was left out in heavy pouring rain without any protective plastic wrap. Will not be buying again.",Negative,Delivery Issue,2025-12-03
FB-02437,"In my opinion, Package arrived two weeks past the guaranteed delivery date. Tracking was completely frozen. Will not be buying again.",Negative,Delivery Issue,2025-11-15
FB-01767,Warning to potential buyers: Package arrived in standard cardboard packaging with carrier shipping labels attached. The courier left the parcel in the designated parcel locker box. Will not be buying again.,Neutral,Delivery Issue,2025-09-21
FB-01448,Quick update on my order: The live chat bot is an endless loop that refuses to transfer me to a human representative. Truly five star quality.,Negative,Service Issue,2025-01-28
FB-03109,Quick update on my order: Remarkable ergonomics and silent keys. Typing all day has become significantly more comfortable.,Positive,Product Issue,2025-11-20
FB-01676,Writing this review after recent experience: Missing essential accessories from the retail box. Missing screws and power adapter. The motor makes an alarming grinding noise when turned on. Immediate return initiated. Will see how it holds up.,Negative,Product Issue,2025-10-15
FB-00383,Overall impression: The screen on this monitor has terrible backlight bleeding and dead pixels right in the center. Hardware failure after only two weeks. The buttons no longer register any clicks. Will not be buying again.,Negative,Product Issue,2026-03-05
FB-02185,Search filter on the store website is completely broken; returning zero results for standard items. Decent enough for the price.,Negative,Technical Issue,2025-12-16
FB-02358,"To be completely frank, Latest app update completely broke the biometric face ID login functionality on iOS.",Negative,Technical Issue,2025-11-24
FB-02922,Customer review: The screen on this monitor has terrible backlight bleeding and dead pixels right in the center. The sole of the running shoe detached during my second jog. Shockingly substandard durability. Please fix this issue as soon as possible.,Negative,Product Issue,2025-05-29
FB-03021,"Quick update on my order: The phone agent hung up on me after keeping me on hold for an hour. Unacceptable behavior. Standard service, nothing extraordinary.",Negative,Service Issue,2025-11-08
FB-01948,"Honestly, Refund was processed back to my bank account instantly. Great service and hassle free transaction! Decent enough for the price.",Positive,Payment Issue,2025-03-22
FB-02108,"Honestly, Physical retail store was messy, disorganized, and understaffed during peak shopping hours. Average overall.",Negative,General Feedback,2025-06-10
FB-02280,Writing this review after recent experience: Infinite loading spinner when trying to download the digital purchase files or license keys. Bluetooth pairing disconnects constantly after three minutes of connection on modern Android. Please fix this issue as soon as possible.,Negative,Technical Issue,2025-08-22
FB-01394,"In my opinion, Promotional discount coupon and reward points were applied smoothly at checkout with clear breakdown. Truly five star quality.",Positive,Payment Issue,2026-02-03
FB-00553,My honest feedback: Excessive marketing emails and push notifications sent three times a day despite opting out. Disappointed to see prices increased across the board while portion and package sizes were reduced. Truly five star quality.,Negative,General Feedback,2025-01-19
FB-01850,Warning to potential buyers: Product functions as stated in the user manual. No unexpected features or defects detected. Truly five star quality.,Neutral,Product Issue,2025-08-15
FB-00223,"To be completely frank, Data synchronization executes automatically at 15-minute intervals when connected to Wi-Fi. Decent enough for the price.",Neutral,Technical Issue,2025-09-11
FB-01830,"Honestly, Accidental overcharge was proactively spotted and refunded by billing team before I even asked.",Positive,Payment Issue,2025-08-15
FB-01097,"To be completely frank, Delivery driver followed all delivery instructions perfectly and hid the parcel behind the pillar. Average overall.",Positive,Delivery Issue,2026-02-27
FB-02793,Warning to potential buyers: The package arrived on the scheduled date within the afternoon delivery window. Please fix this issue as soon as possible.,Neutral,Delivery Issue,2025-12-16
FB-00009,Writing this review after recent experience: Billing statement displays the company merchant name and invoice reference number. Average overall.,Neutral,Payment Issue,2025-11-04
FB-01742,Overall impression: The billing department resolved my refund request within a few hours. Money back in my account! 10/10 would recommend to anyone.,Positive,Payment Issue,2025-01-20
FB-00317,Warning to potential buyers: The commitment to eco-friendly biodegradable packaging is commendable and deeply appreciated. Consistently wonderful service and quality across all my orders over the past three years. Keep it up! Truly five star quality.,Positive,General Feedback,2025-07-22
FB-01329,"Honestly, The billing department resolved my refund request within a few hours. Money back in my account! Average overall.",Positive,Payment Issue,2025-03-30
FB-00428,"My honest feedback: The browser extension consumes 100% CPU and causes Google Chrome to become unresponsive. The desktop application constantly freezes during data sync, losing all unsaved customer entries. Standard service, nothing extraordinary.",Negative,Technical Issue,2026-03-04
FB-01579,Quick update on my order: Ordered a size Large but it fits like an Extra Small. The sizing chart is completely inaccurate. One star is too generous for this.,Negative,Product Issue,2025-12-25
FB-00106,Just wanted to share my feedback: The mobile app crashes every single time I tap the checkout or view cart button. Latest app update completely broke the biometric face ID login functionality on iOS. Truly five star quality.,Negative,Technical Issue,2025-11-16
FB-02952,"To be completely frank, It would be helpful to have a physical store location opened in the downtown metropolitan area.",Neutral,General Feedback,2025-11-11
FB-00143,Reviewing this after one month: Completely dissatisfied with the build quality. The zipper got stuck immediately and broke off. The hinge feels loose and wobbles whenever opened. Not worth half of what I paid. One star is too generous for this.,Negative,Product Issue,2025-09-06
FB-00122,Writing this review after recent experience: Works straight out of the box with zero fuss. Intuitive design and rock solid performance. Truly five star quality.,Positive,Product Issue,2026-01-21
FB-02552,"Just wanted to share my feedback: Quick and easy payment processing, very secure and transparent billing statements. Promotional discount coupon and reward points were applied smoothly at checkout with clear breakdown. Will not be buying again.",Positive,Payment Issue,2026-02-01
FB-03078,"Quick update on my order: The new website redesign is messy, cluttered, and much harder to navigate than the previous layout. Physical retail store was messy, disorganized, and understaffed during peak shopping hours. Will see how it holds up.",Negative,General Feedback,2025-12-14
FB-01190,"In my opinion, Hardware failure after only two weeks. The buttons no longer register any clicks. Hope management addresses this promptly.",Negative,Product Issue,2026-01-02
FB-02130,"Just wanted to share my feedback: Courier was polite, arrived within the designated delivery window, and handed the package directly. Delivered in less than 24 hours in pristine condition. Super fast and careful logistics! Standard service, nothing extraordinary.",Positive,Delivery Issue,2025-12-07
FB-02795,Here is my experience: Data synchronization executes automatically at 15-minute intervals when connected to Wi-Fi. Very satisfied with this purchase.,Neutral,Technical Issue,2025-08-07
FB-02539,"Here is my experience: The refund was promised within 3 to 5 business days, but four weeks have passed with no money returned. Hope management addresses this promptly.",Negative,Payment Issue,2025-11-17
FB-00116,"Honestly, Contacted customer support regarding policy clarification. Representative provided the standard policy text. Very satisfied with this purchase.",Neutral,Service Issue,2025-02-22
FB-01660,Overall impression: Immediate response on live chat within 30 seconds. Handled my inquiry with total professionalism. Average overall.,Positive,Service Issue,2025-05-19
FB-01499,"In my opinion, Love shopping with this company! Always a delight, high standards, and wonderful overall experience. Great brand loyalty rewards program. Truly values recurring customers with meaningful perks. Please fix this issue as soon as possible.",Positive,General Feedback,2025-09-13
FB-02894,"The screen on this monitor has terrible backlight bleeding and dead pixels right in the center. Not as advertised at all. The color shown online was vibrant navy blue, but what arrived is faded grey. Will not be buying again.",Negative,Product Issue,2025-09-21
FB-03008,Package arrived in standard cardboard packaging with carrier shipping labels attached. Delivery took four business days as estimated during checkout. Standard transit time. Hope management addresses this promptly.,Neutral,Delivery Issue,2026-01-17
FB-03169,"Just wanted to share my feedback: Not as advertised at all. The color shown online was vibrant navy blue, but what arrived is faded grey. Very satisfied with this purchase.",Negative,Product Issue,2025-09-05
FB-01881,"The delivery guy was extremely rude, refused to bring the heavy parcel up the elevator. Will not be buying again.",Negative,Delivery Issue,2025-07-01
FB-02375,Warning to potential buyers: Payment processed through the standard 3D secure verification window without errors. Very satisfied with this purchase.,Neutral,Payment Issue,2025-12-31
FB-00673,Here is my experience: The sole of the running shoe detached during my second jog. Shockingly substandard durability. The replacement unit had the exact same defect as the first one. Terrible manufacturing batches. Average overall.,Negative,Product Issue,2026-01-05
FB-01690,Quick update on my order: Accidental overcharge was proactively spotted and refunded by billing team before I even asked. Will see how it holds up.,Positive,Payment Issue,2025-01-24
FB-02858,"The desktop application constantly freezes during data sync, losing all unsaved customer entries. One star is too generous for this.",Negative,Technical Issue,2025-08-04
FB-02000,"Honestly, Billing statement displays the company merchant name and invoice reference number. Decent enough for the price.",Neutral,Payment Issue,2025-04-23
FB-00592,"Honestly, Payment processed through the standard 3D secure verification window without errors. Standard service, nothing extraordinary.",Neutral,Payment Issue,2025-12-21
FB-01732,"Writing this review after recent experience: Payment process was swift, seamless, and securely authenticated with Apple Pay. Refund was processed back to my bank account instantly. Great service and hassle free transaction! Decent enough for the price.",Positive,Payment Issue,2025-03-24
FB-02378,My honest feedback: The courier left the parcel in the designated parcel locker box. Package arrived in standard cardboard packaging with carrier shipping labels attached. One star is too generous for this.,Neutral,Delivery Issue,2025-11-09
FB-00889,"Honestly, The refund was promised within 3 to 5 business days, but four weeks have passed with no money returned. Extremely disappointing experience.",Negative,Payment Issue,2025-09-01
FB-02054,Refund was processed back to my bank account instantly. Great service and hassle free transaction! Truly five star quality.,Positive,Payment Issue,2025-11-10
FB-01617,"Honestly, Refund was processed back to my bank account instantly. Great service and hassle free transaction! Highly recommend!",Positive,Payment Issue,2025-01-30
FB-02107,Here is my experience: Superb audio fidelity with deep bass and crystal clear treble. Truly noise cancelling! 10/10 would recommend to anyone.,Positive,Product Issue,2025-07-31
FB-00214,"In my opinion, The package arrived two days earlier than expected. Safe packaging with plenty of bubble wrap. Will not be buying again.",Positive,Delivery Issue,2025-12-20
FB-00779,Customer review: Basic entry-level unit. It comes with standard plastic casing and standard power cords. The material feels standard. Let us see how durable it proves to be over the next few months. One star is too generous for this.,Neutral,Product Issue,2025-06-11
FB-02320,Quick update on my order: Support team followed up with a courtesy call the next day to confirm everything was working smoothly. Please fix this issue as soon as possible.,Positive,Service Issue,2025-01-24
FB-01449,Just wanted to share my feedback: The screen on this monitor has terrible backlight bleeding and dead pixels right in the center. One star is too generous for this.,Negative,Product Issue,2025-10-11
FB-01963,"To be completely frank, Invoice receipt was sent instantly to my email with clear itemized taxes and discounts. Truly five star quality.",Positive,Payment Issue,2025-04-21
FB-00801,"Overall impression: The delivery guy was extremely rude, refused to bring the heavy parcel up the elevator.",Negative,Delivery Issue,2025-02-19
FB-02669,Overall impression: Great brand loyalty rewards program. Truly values recurring customers with meaningful perks. Decent enough for the price.,Positive,General Feedback,2025-03-17
FB-02837,"Writing this review after recent experience: Crash reporting tool automatically recovered my unsaved workspace data after my computer rebooted. Smooth, glitch-free UI with intuitive navigation. Great performance even on older phone models. Average overall.",Positive,Technical Issue,2025-05-19
FB-03105,Here is my experience: The package arrived on the scheduled date within the afternoon delivery window. The courier left the parcel in the designated parcel locker box.,Neutral,Delivery Issue,2025-02-03
FB-02461,Just wanted to share my feedback: Infinite loading spinner when trying to download the digital purchase files or license keys. Session timeout occurs every two minutes while filling out the order details. Infuriating bug. Average overall.,Negative,Technical Issue,2025-06-28
FB-02863,Customer review: Order has been stuck at the local sorting hub for over ten days with no scheduled delivery date. Very satisfied with this purchase.,Negative,Delivery Issue,2025-04-05
FB-02064,Operating hours for live phone support are Monday through Friday from 9 AM to 6 PM EST. Decent enough for the price.,Neutral,Service Issue,2025-01-28
FB-02916,My honest feedback: The application requires iOS 16 or Android 12 minimum version to install. Data synchronization executes automatically at 15-minute intervals when connected to Wi-Fi. Average overall.,Neutral,Technical Issue,2025-05-06
FB-01344,Overall impression: The package arrived two days earlier than expected. Safe packaging with plenty of bubble wrap. Please fix this issue as soon as possible.,Positive,Delivery Issue,2025-07-08
FB-00274,"Honestly, Refused to honor price match policy despite valid proof submitted before the purchase. The refund was promised within 3 to 5 business days, but four weeks have passed with no money returned. Will see how it holds up.",Negative,Payment Issue,2025-08-29
FB-00072,Writing this review after recent experience: Customer agent took over two hours to answer and then hung up the phone without helping. Waited on the phone for two hours and customer agent gave zero assistance. Will not be buying again.,Negative,Service Issue,2026-03-08
FB-00721,Writing this review after recent experience: Single sign-on worked effortlessly and synchronized all my cross-platform cloud data in seconds. Hope management addresses this promptly.,Positive,Technical Issue,2025-12-07
FB-01088,My honest feedback: Refund was processed back to my bank account instantly. Great service and hassle free transaction! Accidental overcharge was proactively spotted and refunded by billing team before I even asked. Please fix this issue as soon as possible.,Positive,Payment Issue,2025-06-30
FB-00395,"Just wanted to share my feedback: Waited on the phone for two hours and customer agent gave zero assistance. Agent promised a follow-up call back by 3 PM yesterday, but nobody ever bothered to call. Standard service, nothing extraordinary.",Negative,Service Issue,2025-01-23
FB-00584,"Just wanted to share my feedback: Customer representative Sarah was phenomenal! Patient, attentive, and solved my problem in 5 minutes. Will not be buying again.",Positive,Service Issue,2025-06-13
FB-01798,Writing this review after recent experience: Excellent delivery tracking updates via SMS every step of the transit. Very impressed. Average overall.,Positive,  DELIVERY ISSUE  ,2025-09-23
FB-02173,"Honestly, Seamless delivery experience. Box arrived in mint condition with zero dents or creases. 10/10 would recommend to anyone.",Positive,Delivery Issue,2025-06-11
FB-02179,"To be completely frank, Customer representative Sarah was phenomenal! Patient, attentive, and solved my problem in 5 minutes. Best support experience I have ever had. The agent went above and beyond to make things right. Please fix this issue as soon as possible.",Positive,Service Issue,2025-02-03
FB-00501,"Warning to potential buyers: Physical retail store was messy, disorganized, and understaffed during peak shopping hours. The new website redesign is messy, cluttered, and much harder to navigate than the previous layout. Please fix this issue as soon as possible.",Negative,General Feedback,2025-11-28
FB-02949,My honest feedback: Disappointed to see prices increased across the board while portion and package sizes were reduced. Will not be buying again.,Negative,General Feedback,2025-10-12
FB-02395,Writing this review after recent experience: The web portal uses standard HTTPS authentication and session cookie validation. One star is too generous for this.,Neutral,Technical Issue,2025-10-13
FB-02539,"Here is my experience: The refund was promised within 3 to 5 business days, but four weeks have passed with no money returned. Hope management addresses this promptly.",Negative,Payment Issue,2025-11-17
FB-03165,Here is my experience: Support ticket was logged under reference ID 49201 with an estimated reply time of 24 hours. Decent enough for the price.,Neutral,Service Issue,2025-07-24
FB-01733,"My honest feedback: The desktop application constantly freezes during data sync, losing all unsaved customer entries. Will not be buying again.",Negative,Technical Issue,2025-02-14
FB-01260,Writing this review after recent experience: Product functions as stated in the user manual. No unexpected features or defects detected. It performs the required tasks. The design is utilitarian and does what it is supposed to. Decent enough for the price.,Neutral,Product Issue,2026-02-07
FB-02688,"My honest feedback: Password reset emails are never received, even after checking spam folders multiple times. Hope management addresses this promptly.",Negative,Technical Issue,2026-03-10
FB-02043,Here is my experience: The package arrived two days earlier than expected. Safe packaging with plenty of bubble wrap. Hope management addresses this promptly.,Positive,Delivery Issue,2025-03-01
FB-00206,"Reviewing this after one month: Battery life is terrible, barely lasts 45 minutes on a full charge instead of the advertised 8 hours. The motor makes an alarming grinding noise when turned on. Immediate return initiated. Hope management addresses this promptly.",Negative,Product Issue,2025-07-07
FB-00734,My honest feedback: The material feels standard. Let us see how durable it proves to be over the next few months. Will see how it holds up.,Neutral,Product Issue,2025-06-06
FB-01794,"Just wanted to share my feedback: The item arrived broken and feels extremely cheap. The plastic cracked within two hours of use. The replacement unit had the exact same defect as the first one. Terrible manufacturing batches. Standard service, nothing extraordinary.",Negative,Product Issue,2025-11-28
FB-00527,Writing this review after recent experience: Hardware failure after only two weeks. The buttons no longer register any clicks. The hinge feels loose and wobbles whenever opened. Not worth half of what I paid. Will not be buying again.,Negative,Product Issue,2026-03-07
FB-01718,My honest feedback: A pre-authorization hold was placed on the card and settled upon shipment dispatch. Average overall.,Neutral,Payment Issue,2026-03-05
FB-00899,Overall impression: Seamless delivery experience. Box arrived in mint condition with zero dents or creases. Truly five star quality.,Positive,Delivery Issue,2025-06-03
FB-00378,Excessive marketing emails and push notifications sent three times a day despite opting out. Will not be buying again.,Negative,General Feedback,2025-04-04
FB-02026,"Honestly, The delivery guy was extremely rude, refused to bring the heavy parcel up the elevator. Decent enough for the price.",Negative,Delivery Issue,2025-07-11
FB-02883,Quick update on my order: Package arrived two weeks past the guaranteed delivery date. Tracking was completely frozen. Average overall.,Negative,Delivery Issue,2025-03-28
FB-01703,"Customer review: Customer representative Sarah was phenomenal! Patient, attentive, and solved my problem in 5 minutes. Average overall.",Positive,Service Issue,2025-07-20
FB-00387,"My honest feedback: Not as advertised at all. The color shown online was vibrant navy blue, but what arrived is faded grey. The item arrived broken and feels extremely cheap. The plastic cracked within two hours of use. Decent enough for the price.",Negative,Product Issue,2025-09-17
FB-00199,Writing this review after recent experience: The item arrived broken and feels extremely cheap. The plastic cracked within two hours of use. Water leaks right through the supposed waterproof seam. Ruined my electronics during light rain. Extremely disappointing experience.,Negative,Product Issue,2025-08-18
FB-01051,"Honestly, The replacement unit had the exact same defect as the first one. Terrible manufacturing batches. The motor makes an alarming grinding noise when turned on. Immediate return initiated. Will not be buying again.",Negative,Product Issue,2025-01-25
FB-00591,My honest feedback: Remarkable ergonomics and silent keys. Typing all day has become significantly more comfortable. Exceeded all my expectations. The battery lasts well over two full days of heavy use. Average overall.,Positive,Product Issue,2025-11-22
FB-00520,Just wanted to share my feedback: Representative gave contradictory information compared to what is written in your official refund policy. Will not be buying again.,Negative,Service Issue,2025-01-20
FB-03094,Just wanted to share my feedback: The charge reflects the exact amount stated on the order summary page. Decent enough for the price.,Neutral,Payment Issue,2025-02-16
FB-02959,"Just wanted to share my feedback: Outstanding build quality! Feels hefty, solid, and premium in hand. Highly recommend this brand. Hope management addresses this promptly.",Positive,Product Issue,2026-03-19
FB-00430,Here is my experience: The material feels standard. Let us see how durable it proves to be over the next few months. Average overall.,Neutral,Product Issue,2025-08-13
FB-01084,Quick update on my order: The charge reflects the exact amount stated on the order summary page. Hope management addresses this promptly.,Neutral,Payment Issue,2025-10-24
FB-00208,Just wanted to share my feedback: Product catalog arrived in the mail today. Browsing through the new winter collection options. Truly five star quality.,Neutral,General Feedback,2025-04-27
FB-00492,Warning to potential buyers: The headphones produce constant static noise in the left ear cup. Unusable for work calls. Hardware failure after only two weeks. The buttons no longer register any clicks. Average overall.,Negative,Product Issue,2025-05-02
FB-03144,Quick update on my order: Single sign-on worked effortlessly and synchronized all my cross-platform cloud data in seconds. Hope management addresses this promptly.,Positive,Technical Issue,2025-02-06
FB-03129,Customer review: Representative gave contradictory information compared to what is written in your official refund policy. Received generic copy-paste canned responses that did not even address the issue I described. Average overall.,Negative,Service Issue,2025-03-17
FB-00793,Reviewing this after one month: The blender blades became dull after blending soft fruits twice. Terrible motor vibration. Will see how it holds up.,Negative,Product Issue,2025-09-17
FB-02682,"To be completely frank, Crash reporting tool automatically recovered my unsaved workspace data after my computer rebooted. Standard service, nothing extraordinary.",Positive,Technical Issue,2026-03-06
FB-01187,"Honestly, Bluetooth pairing disconnects constantly after three minutes of connection on modern Android. Will not be buying again.",Negative,Technical Issue,2025-04-23
FB-01186,"Writing this review after recent experience: Customer representative Sarah was phenomenal! Patient, attentive, and solved my problem in 5 minutes. Best support experience I have ever had. The agent went above and beyond to make things right. 10/10 would recommend to anyone.",Positive,Service Issue,2025-12-30
FB-01875,"In my opinion, Works straight out of the box with zero fuss. Intuitive design and rock solid performance. The knife set is razor sharp right out of the box and balances comfortably in hand. Please fix this issue as soon as possible.",Positive,Product Issue,2026-03-03
FB-02079,Customer review: Billing statement displays the company merchant name and invoice reference number. Payment processed through the standard 3D secure verification window without errors. Average overall.,Neutral,Payment Issue,2025-01-29
FB-01591,"Just wanted to share my feedback: Invoice receipt was sent instantly to my email with clear itemized taxes and discounts. Quick and easy payment processing, very secure and transparent billing statements. Average overall.",Positive,Payment Issue,2025-11-17
FB-02404,"My honest feedback: Superb customer service experience, polite and helpful agents. Truly five star quality.",Positive,Service Issue,2026-02-01
FB-02349,Here is my experience: The stitching on the jacket came undone after the very first gentle wash. Very poor quality control. The blender blades became dull after blending soft fruits twice. Terrible motor vibration. One star is too generous for this.,Negative,Product Issue,2025-10-29
FB-01411,Just wanted to share my feedback: Delivery was delayed four separate times with zero explanation or notification from the carrier. Will not be buying again.,Negative,Delivery Issue,2025-06-23
FB-01477,"To be completely frank, The knife set is razor sharp right out of the box and balances comfortably in hand. Superb audio fidelity with deep bass and crystal clear treble. Truly noise cancelling! Truly five star quality.",Positive,Product Issue,2026-03-11
FB-00084,Reviewing this after one month: Representative confirmed receipt of documents and forwarded them to the review department. Very satisfied with this purchase.,Neutral,Service Issue,2025-02-04
FB-02550,"Customer review: Tracking status says delivered to resident, but security camera footage proves no driver showed up. The delivery guy was extremely rude, refused to bring the heavy parcel up the elevator. Will not be buying again.",Negative,Delivery Issue,2026-03-07
FB-02409,Quick update on my order: The live chat bot is an endless loop that refuses to transfer me to a human representative. Please fix this issue as soon as possible.,Negative,Service Issue,2025-05-11
FB-00021,Quick update on my order: Feedback regarding the store hours: extending Sunday opening hours to 8 PM would be beneficial. Please fix this issue as soon as possible.,Neutral,General Feedback,2025-12-09
FB-01629,"To be completely frank, The commitment to eco-friendly biodegradable packaging is commendable and deeply appreciated. Love shopping with this company! Always a delight, high standards, and wonderful overall experience. Will not be buying again.",Positive,General Feedback,2025-10-06
FB-01801,Customer review: The screen is vibrant and crisp with zero glare. Best display I have ever purchased. 10/10 would recommend to anyone.,Positive,Product Issue,2025-11-14
FB-01840,"Writing this review after recent experience: Courier was polite, arrived within the designated delivery window, and handed the package directly. Will not be buying again.",Positive,Delivery Issue,2025-05-21
FB-01406,"Honestly, Remarkable ergonomics and silent keys. Typing all day has become significantly more comfortable. Will see how it holds up.",Positive,  PRODUCT ISSUE  ,2025-03-24
FB-02470,Reviewing this after one month: Crash reporting tool automatically recovered my unsaved workspace data after my computer rebooted. Truly five star quality.,Positive,Technical Issue,2026-03-10
FB-01563,Customer review: Billing statement displays the company merchant name and invoice reference number. Average overall.,Neutral,Payment Issue,2026-02-01
FB-01237,Quick update on my order: The delivery courier literally threw the box over my gate and crushed the contents inside. Hope management addresses this promptly.,Negative,Delivery Issue,2025-02-13
FB-02895,"Honestly, Representative gave contradictory information compared to what is written in your official refund policy. Support agent closed my ticket without providing any resolution or response to my question. Decent enough for the price.",Negative,Service Issue,2025-10-20
FB-02150,Reviewing this after one month: Accidental overcharge was proactively spotted and refunded by billing team before I even asked. Average overall.,Positive,Payment Issue,2025-02-12
FB-00974,"Customer review: Express next-day shipping fee paid, yet took seven business days to arrive. Terrible courier service. One star is too generous for this.",Negative,Delivery Issue,2025-05-04
FB-03011,"Here is my experience: Agent promised a follow-up call back by 3 PM yesterday, but nobody ever bothered to call. Representative gave contradictory information compared to what is written in your official refund policy. Will not be buying again.",Negative,Service Issue,2025-01-21
FB-00884,"In my opinion, Product smells strongly of harsh chemicals and the material feels flimsy and brittle. The device overheats within ten minutes of normal usage. Severe fire hazard in my opinion. Hope management addresses this promptly.",Negative,Product Issue,2025-10-07
FB-01099,"In my opinion, Representative confirmed receipt of documents and forwarded them to the review department. Average overall.",Neutral,Service Issue,2026-02-02
FB-00157,"Honestly, Payment issue was resolved promptly and the full refund was credited back to my card without delay. Hope management addresses this promptly.",Positive,Payment Issue,2025-09-06
FB-02454,"Here is my experience: Courier was polite, arrived within the designated delivery window, and handed the package directly. Will see how it holds up.",Positive,Delivery Issue,2025-11-03
FB-00887,Here is my experience: The device overheats within ten minutes of normal usage. Severe fire hazard in my opinion. Product smells strongly of harsh chemicals and the material feels flimsy and brittle. Hope management addresses this promptly.,Negative,Product Issue,2025-12-23
FB-02006,"Honestly, The commitment to eco-friendly biodegradable packaging is commendable and deeply appreciated. 10/10 would recommend to anyone.",Positive,General Feedback,2025-10-10
FB-03146,"To be completely frank, Superb customer service experience, polite and helpful agents. Standard service, nothing extraordinary.",Positive,Service Issue,2025-02-24
FB-01513,"Quick update on my order: Support team followed up with a courtesy call the next day to confirm everything was working smoothly. Customer representative Sarah was phenomenal! Patient, attentive, and solved my problem in 5 minutes. Truly five star quality.",Positive,Service Issue,2025-11-04
FB-02667,"Quick update on my order: Payment process was swift, seamless, and securely authenticated with Apple Pay. Accidental overcharge was proactively spotted and refunded by billing team before I even asked. Very satisfied with this purchase.",Positive,Payment Issue,2025-05-09
FB-01766,Warning to potential buyers: The package arrived two days earlier than expected. Safe packaging with plenty of bubble wrap. Hope management addresses this promptly.,Positive,Delivery Issue,2025-07-30
FB-02726,Here is my experience: Single sign-on worked effortlessly and synchronized all my cross-platform cloud data in seconds. The latest software update fixed all previous bugs. The app is lightning fast and responsive now! 10/10 would recommend to anyone.,Positive,Technical Issue,2025-08-25
FB-02091,My honest feedback: It would be helpful to have a physical store location opened in the downtown metropolitan area. Very satisfied with this purchase.,Neutral,General Feedback,2025-03-29
FB-01736,Quick update on my order: The package arrived two days earlier than expected. Safe packaging with plenty of bubble wrap. Hope management addresses this promptly.,Positive,Delivery Issue,2025-10-15
FB-01454,Reviewing this after one month: The product matches the specifications listed. It performs standard functions as described. Very satisfied with this purchase.,Neutral,Product Issue,2025-03-02
FB-01506,"To be completely frank, Support team followed up with a courtesy call the next day to confirm everything was working smoothly. Average overall.",Positive,Service Issue,2025-10-27
FB-01927,Overall impression: Average build quality. It is acceptable for occasional household use. Standard quality for the price point. Neither exceptionally good nor noticeably bad. One star is too generous for this.,Neutral,Product Issue,2025-03-09
FB-02910,Overall impression: It would be helpful to have a physical store location opened in the downtown metropolitan area. Survey response regarding brand awareness: learned about your products through an online podcast ad. One star is too generous for this.,Neutral,General Feedback,2025-06-04
FB-00459,"To be completely frank, Agent promised a follow-up call back by 3 PM yesterday, but nobody ever bothered to call. One star is too generous for this.",Negative,Service Issue,2025-07-22
FB-02391,"Honestly, The replacement unit had the exact same defect as the first one. Terrible manufacturing batches. Standard service, nothing extraordinary.",Negative,Product Issue,2025-05-11
FB-00079,Quick update on my order: The promotional discount coupon code was accepted at checkout but the full price was charged anyway. Decent enough for the price.,Negative,Payment Issue,2025-05-04
FB-03131,Warning to potential buyers: Support team followed up with a courtesy call the next day to confirm everything was working smoothly. Average overall.,Positive,Service Issue,2025-11-08
FB-01057,"Customer review: API documentation is clear and the integration was completely error-free and stable under load. Smooth, glitch-free UI with intuitive navigation. Great performance even on older phone models. Please fix this issue as soon as possible.",Positive,Technical Issue,2025-03-09
FB-00907,"To be completely frank, Refused to honor price match policy despite valid proof submitted before the purchase. Standard service, nothing extraordinary.",Negative,Payment Issue,2025-10-21
FB-01845,Warning to potential buyers: Basic entry-level unit. It comes with standard plastic casing and standard power cords. Will see how it holds up.,Neutral,Product Issue,2025-07-07
FB-02960,Here is my experience: Software update prompt appeared upon launching the application as scheduled. Hope management addresses this promptly.,Neutral,Technical Issue,2025-01-20
FB-02898,Writing this review after recent experience: Product packaging uses far too much non-recyclable plastic and styrofoam. Very eco-unfriendly. Please fix this issue as soon as possible.,Negative,General Feedback,2025-06-13
FB-00381,"In my opinion, Consistently wonderful service and quality across all my orders over the past three years. Keep it up! Great brand loyalty rewards program. Truly values recurring customers with meaningful perks. Very satisfied with this purchase.",Positive,General Feedback,2025-10-02
FB-00948,Package was left out in heavy pouring rain without any protective plastic wrap. Carrier mishandled the parcel. The fragile sticker was completely ignored and items were shattered.,Negative,Delivery Issue,2025-04-14
FB-02011,Reviewing this after one month: Accidental overcharge was proactively spotted and refunded by billing team before I even asked. Invoice receipt was sent instantly to my email with clear itemized taxes and discounts. Please fix this issue as soon as possible.,Positive,Payment Issue,2025-09-18
FB-02167,"Honestly, Product catalog arrived in the mail today. Browsing through the new winter collection options. Feedback regarding the store hours: extending Sunday opening hours to 8 PM would be beneficial. Decent enough for the price.",Neutral,General Feedback,2026-02-13
FB-00716,"Here is my experience: High quality product that matches the photos and descriptions perfectly. Very pleased. Standard service, nothing extraordinary.",Positive,Product Issue,2026-03-06
FB-02836,Reviewing this after one month: Water leaks right through the supposed waterproof seam. Ruined my electronics during light rain. Will not be buying again.,Negative,Product Issue,2025-07-20
FB-00687,Here is my experience: It would be helpful to have a physical store location opened in the downtown metropolitan area. Product catalog arrived in the mail today. Browsing through the new winter collection options. Decent enough for the price.,Neutral,General Feedback,2025-02-07
FB-02759,Quick update on my order: Waited on hold for over 85 minutes only to be transferred to an automated voicemail system. One star is too generous for this.,Negative,Service Issue,2026-02-06
FB-01294,Customer review: Carrier mishandled the parcel. The fragile sticker was completely ignored and items were shattered. Decent enough for the price.,Negative,Delivery Issue,2025-11-03
FB-00306,Warning to potential buyers: The latest software update fixed all previous bugs. The app is lightning fast and responsive now! Crash reporting tool automatically recovered my unsaved workspace data after my computer rebooted. Truly five star quality.,Positive,Technical Issue,2026-01-02
FB-00210,"Writing this review after recent experience: Hidden processing fees and unexpected convenience surcharges were added without disclosure at checkout. The refund was promised within 3 to 5 business days, but four weeks have passed with no money returned. Extremely disappointing experience.",Negative,Payment Issue,2025-05-23
FB-01753,"In my opinion, The stitching on the jacket came undone after the very first gentle wash. Very poor quality control.",Negative,Product Issue,2025-11-21
FB-02393,"Crash reporting tool automatically recovered my unsaved workspace data after my computer rebooted. Smooth, glitch-free UI with intuitive navigation. Great performance even on older phone models. Truly five star quality.",Positive,Technical Issue,2025-09-28
FB-03198,"To be completely frank, The item is functional. Dimensions match the specification sheet provided on the website. Product functions as stated in the user manual. No unexpected features or defects detected. Will not be buying again.",Neutral,Product Issue,2025-05-13
FB-01815,"Honestly, Tracking updates were logged at each regional distribution center as expected. Will not be buying again.",Neutral,Delivery Issue,2025-07-05
FB-00886,"Quick update on my order: Outstanding build quality! Feels hefty, solid, and premium in hand. Highly recommend this brand. Very satisfied with this purchase.",Positive,Product Issue,2026-01-27
FB-02088,"Customer review: Completely dissatisfied with the build quality. The zipper got stuck immediately and broke off. Standard service, nothing extraordinary.",Negative,Product Issue,2025-03-24
FB-00918,Overall impression: The hinge feels loose and wobbles whenever opened. Not worth half of what I paid. One star is too generous for this.,Negative,Product Issue,2025-10-28
FB-01961,Quick update on my order: Website throws a 500 internal server error whenever I attempt to update my profile information. Will not be buying again.,Negative,Technical Issue,2025-11-02
FB-01955,Here is my experience: A pre-authorization hold was placed on the card and settled upon shipment dispatch. Decent enough for the price.,Neutral,Payment Issue,2025-09-25
FB-00192,Quick update on my order: Escalated to a supervisor three days ago and still waiting in total silence for an update. Will not be buying again.,Negative,Service Issue,2025-04-11
FB-02944,Writing this review after recent experience: Exceeded all my expectations. The battery lasts well over two full days of heavy use. Very satisfied with this purchase.,Positive,Product Issue,2025-09-11
FB-02197,Just wanted to share my feedback: The invoice shows standard itemized sales tax and shipping calculation. A pre-authorization hold was placed on the card and settled upon shipment dispatch.,Neutral,Payment Issue,2026-01-08
FB-01266,Just wanted to share my feedback: The billing department resolved my refund request within a few hours. Money back in my account! 10/10 would recommend to anyone.,Positive,Payment Issue,2025-03-30
FB-00484,"Just wanted to share my feedback: Top tier craftsmanship. Everything feels durable, well-finished, and built to last years. Truly five star quality.",Positive,Product Issue,2025-01-19
FB-00916,Here is my experience: Hardware failure after only two weeks. The buttons no longer register any clicks. Will not be buying again.,Negative,Product Issue,2026-03-03
FB-02794,Here is my experience: The loyalty rewards program has been devalued so heavily that accumulated points are virtually worthless. Average overall.,Negative,General Feedback,2025-06-18
FB-00278,"My honest feedback: Love shopping with this company! Always a delight, high standards, and wonderful overall experience. Highly recommend!",Positive,General Feedback,2025-12-28
FB-00989,Customer review: The browser extension consumes 100% CPU and causes Google Chrome to become unresponsive. One star is too generous for this.,Negative,Technical Issue,2025-02-05
FB-01715,"My honest feedback: Refund was processed back to my bank account instantly. Great service and hassle free transaction! Quick and easy payment processing, very secure and transparent billing statements. Standard service, nothing extraordinary.",Positive,Payment Issue,2025-11-12
FB-01246,Just wanted to share my feedback: The latest software update fixed all previous bugs. The app is lightning fast and responsive now! Very satisfied with this purchase.,Positive,Technical Issue,2025-03-29
FB-01914,"Writing this review after recent experience: Not as advertised at all. The color shown online was vibrant navy blue, but what arrived is faded grey. One star is too generous for this.",Negative,Product Issue,2025-08-09
FB-00572,Overall impression: The courier left the parcel in the designated parcel locker box. Delivery took four business days as estimated during checkout. Standard transit time. Will not be buying again.,Neutral,Delivery Issue,2025-07-14
FB-01436,Here is my experience: Order has been stuck at the local sorting hub for over ten days with no scheduled delivery date. Delivery was delayed four separate times with zero explanation or notification from the carrier. Average overall.,Negative,Delivery Issue,2025-04-23
FB-00994,Reviewing this after one month: The application requires iOS 16 or Android 12 minimum version to install. Decent enough for the price.,Neutral,Technical Issue,2025-06-22
FB-01657,"To be completely frank, Billing statement displays the company merchant name and invoice reference number. One star is too generous for this.",Neutral,Payment Issue,2026-01-04
FB-01653,"To be completely frank, Delivery took four business days as estimated during checkout. Standard transit time. The package arrived on the scheduled date within the afternoon delivery window. Decent enough for the price.",Neutral,Delivery Issue,2025-10-01
FB-00586,"Reviewing this after one month: Courier was polite, arrived within the designated delivery window, and handed the package directly. Seamless delivery experience. Box arrived in mint condition with zero dents or creases. Highly recommend!",Positive,Delivery Issue,2025-08-18
FB-03160,Quick update on my order: Disappointed to see prices increased across the board while portion and package sizes were reduced. Product packaging uses far too much non-recyclable plastic and styrofoam. Very eco-unfriendly. Truly five star quality.,Negative,General Feedback,2025-11-26
FB-02271,My honest feedback: Accidental overcharge was proactively spotted and refunded by billing team before I even asked. The billing department resolved my refund request within a few hours. Money back in my account! Will not be buying again.,Positive,Payment Issue,2025-12-04
FB-01128,The delivery courier literally threw the box over my gate and crushed the contents inside. Package arrived two weeks past the guaranteed delivery date. Tracking was completely frozen. Will not be buying again.,Negative,Delivery Issue,2025-11-20
FB-01350,Customer review: Delivered in less than 24 hours in pristine condition. Super fast and careful logistics! Excellent delivery tracking updates via SMS every step of the transit. Very impressed. Will see how it holds up.,Positive,Delivery Issue,2025-12-07
FB-01008,Customer review: Seamless delivery experience. Box arrived in mint condition with zero dents or creases. Please fix this issue as soon as possible.,Positive,Delivery Issue,2025-04-14
FB-00675,Overall impression: The package arrived two days earlier than expected. Safe packaging with plenty of bubble wrap. 10/10 would recommend to anyone.,Positive,Delivery Issue,2025-09-03
FB-01989,Here is my experience: Disappointed to see prices increased across the board while portion and package sizes were reduced. Will see how it holds up.,Negative,General Feedback,2025-05-31
FB-00856,My honest feedback: Works straight out of the box with zero fuss. Intuitive design and rock solid performance. 10/10 would recommend to anyone.,Positive,Product Issue,2026-02-04
FB-00448,Just wanted to share my feedback: Defective unit received. It refuses to power on even after charging overnight with the original cable. Truly five star quality.,Negative,Product Issue,2026-01-12
FB-02632,Customer review: Support ticket was logged under reference ID 49201 with an estimated reply time of 24 hours. Automated chat system provided links to the relevant knowledge base articles for my query. Truly five star quality.,Neutral,Service Issue,2026-03-01
FB-01962,Overall impression: Refused to honor price match policy despite valid proof submitted before the purchase.,Negative,Payment Issue,2025-08-04
FB-02119,"In my opinion, Password reset emails are never received, even after checking spam folders multiple times. Truly five star quality.",Negative,Technical Issue,2026-02-26
FB-03173,Data synchronization executes automatically at 15-minute intervals when connected to Wi-Fi. Decent enough for the price.,Neutral,Technical Issue,2025-11-03
FB-02876,"To be completely frank, Superb customer service experience, polite and helpful agents. Standard service, nothing extraordinary.",  positive  ,Service Issue,2025-09-14
FB-02871,"In my opinion, Customer support agent took quick action and resolved my issue immediately. Great service! Very satisfied with this purchase.",Positive,Service Issue,2026-01-05
FB-02015,Overall impression: The package arrived on the scheduled date within the afternoon delivery window. Decent enough for the price.,Neutral,Delivery Issue,2025-07-22
FB-02872,"To be completely frank, The delivery guy was extremely rude, refused to bring the heavy parcel up the elevator. Extremely disappointing experience.",Negative,Delivery Issue,2025-11-04
FB-02678,Here is my experience: Promotional discount coupon and reward points were applied smoothly at checkout with clear breakdown.,Positive,Payment Issue,2025-10-05
FB-01248,"Just wanted to share my feedback: Infinite loading spinner when trying to download the digital purchase files or license keys. Standard service, nothing extraordinary.",Negative,Technical Issue,2025-05-17
FB-00295,Writing this review after recent experience: Representative gave contradictory information compared to what is written in your official refund policy. Escalated to a supervisor three days ago and still waiting in total silence for an update. Will not be buying again.,Negative,Service Issue,2025-06-10
FB-01548,Shipping timeframe was within the standard five to seven day window indicated on the invoice. Delivery took four business days as estimated during checkout. Standard transit time. Please fix this issue as soon as possible.,Neutral,Delivery Issue,2025-02-06
FB-00589,Writing this review after recent experience: The latest software update fixed all previous bugs. The app is lightning fast and responsive now! Truly five star quality.,Positive,Technical Issue,2025-07-17
FB-01282,"Honestly, Outstanding build quality! Feels hefty, solid, and premium in hand. Highly recommend this brand. 10/10 would recommend to anyone.",Positive,Product Issue,2026-03-05
FB-02754,Here is my experience: The hinge feels loose and wobbles whenever opened. Not worth half of what I paid. Will see how it holds up.,Negative,Product Issue,2025-05-26
FB-02090,Just wanted to share my feedback: Product packaging uses far too much non-recyclable plastic and styrofoam. Very eco-unfriendly. Truly five star quality.,Negative,General Feedback,2025-02-22
FB-03052,My honest feedback: Driver delivered my order to the wrong street address entirely. Neighbor had to bring it over. Please fix this issue as soon as possible.,Negative,Delivery Issue,2025-08-03
FB-02347,"Warning to potential buyers: It performs the required tasks. The design is utilitarian and does what it is supposed to. Standard service, nothing extraordinary.",Neutral,Product Issue,2025-12-23
FB-02950,Overall impression: Support rep claimed they could not locate my account despite providing the exact account ID and email. Support agent was useless and refused to answer simple questions on the phone. Decent enough for the price.,Negative,Service Issue,2025-12-27
FB-02430,Here is my experience: The blender blades became dull after blending soft fruits twice. Terrible motor vibration. Ordered a size Large but it fits like an Extra Small. The sizing chart is completely inaccurate. Average overall.,Negative,Product Issue,2025-07-16
FB-01418,"Just wanted to share my feedback: The shipping driver marked the package as delivered, but nothing was at my door or porch. Hope management addresses this promptly.",Negative,Delivery Issue,2026-03-03
FB-00426,"Honestly, Unable to remove my expired credit card from the saved billing wallet. Security concern! Please fix this issue as soon as possible.",Negative,Payment Issue,2026-01-21
FB-00535,Customer review: Website throws a 500 internal server error whenever I attempt to update my profile information. Will not be buying again.,Negative,Technical Issue,2025-12-25
FB-01055,"Overall impression: Excessive marketing emails and push notifications sent three times a day despite opting out. The new website redesign is messy, cluttered, and much harder to navigate than the previous layout. Will not be buying again.",Negative,General Feedback,2026-01-16
FB-02441,"To be completely frank, Delivery driver followed all delivery instructions perfectly and hid the parcel behind the pillar. Delivered in less than 24 hours in pristine condition. Super fast and careful logistics! Very satisfied with this purchase.",Positive,Delivery Issue,2025-05-16
FB-03049,"Customer review: Outstanding build quality! Feels hefty, solid, and premium in hand. Highly recommend this brand. One star is too generous for this.",Positive,Product Issue,2025-09-08
FB-03119,Quick update on my order: Automated chat system provided links to the relevant knowledge base articles for my query. Decent enough for the price.,Neutral,Service Issue,2025-07-03
FB-00133,"In my opinion, The replacement unit had the exact same defect as the first one. Terrible manufacturing batches. Decent enough for the price.",Negative,Product Issue,2025-02-24
FB-00007,Reviewing this after one month: Delivery was delayed four separate times with zero explanation or notification from the carrier. Will not be buying again.,Negative,Delivery Issue,2026-02-25
FB-02862,Quick update on my order: Package was left out in heavy pouring rain without any protective plastic wrap. Hope management addresses this promptly.,Negative,Delivery Issue,2025-06-17
FB-00422,The product matches the specifications listed. It performs standard functions as described. Decent enough for the price.,Neutral,Product Issue,2026-01-10
FB-02859,Customer review: Invoice receipt was sent instantly to my email with clear itemized taxes and discounts.,Positive,Payment Issue,2025-06-26
FB-02808,"Just wanted to share my feedback: Delivery driver followed all delivery instructions perfectly and hid the parcel behind the pillar. Courier was polite, arrived within the designated delivery window, and handed the package directly. One star is too generous for this.",Positive,Delivery Issue,2026-01-13
FB-02226,Warning to potential buyers: Billing statement displays the company merchant name and invoice reference number. The invoice shows standard itemized sales tax and shipping calculation. Decent enough for the price.,Neutral,Payment Issue,2026-02-07
FB-01369,Warning to potential buyers: The latest software update fixed all previous bugs. The app is lightning fast and responsive now! Average overall.,Positive,Technical Issue,2025-03-24
FB-00557,"Just wanted to share my feedback: Software update prompt appeared upon launching the application as scheduled. Standard service, nothing extraordinary.",Neutral,Technical Issue,2025-09-23
FB-02203,"Here is my experience: The new user interface layout is modern, clean, visually appealing, and very easy on the eyes. Will see how it holds up.",Positive,General Feedback,2026-01-07
FB-02417,My honest feedback: Support agent was useless and refused to answer simple questions on the phone. One star is too generous for this.,Negative,Service Issue,2025-05-17
FB-03180,Quick update on my order: Payment processed through the standard 3D secure verification window without errors.,Neutral,Payment Issue,2025-11-05
FB-01790,"Honestly, The screen is vibrant and crisp with zero glare. Best display I have ever purchased. 10/10 would recommend to anyone.",Positive,Product Issue,2025-02-02
FB-00571,"To be completely frank, The live chat bot is an endless loop that refuses to transfer me to a human representative. Will not be buying again.",Negative,Service Issue,2025-12-08
FB-00353,"To be completely frank, The payment gateway crashed during verification, resulting in pending holds on my debit card. Unable to remove my expired credit card from the saved billing wallet. Security concern! One star is too generous for this.",Negative,Payment Issue,2025-06-18
FB-00092,Here is my experience: API documentation is clear and the integration was completely error-free and stable under load. Hope management addresses this promptly.,Positive,Technical Issue,2025-07-25
FB-02289,Reviewing this after one month: The phone agent hung up on me after keeping me on hold for an hour. Unacceptable behavior. Will not be buying again.,Negative,Service Issue,2025-04-29
FB-02725,Package arrived in standard cardboard packaging with carrier shipping labels attached. Hope management addresses this promptly.,Neutral,Delivery Issue,2025-03-26
FB-01171,Here is my experience: Great brand loyalty rewards program. Truly values recurring customers with meaningful perks. Truly five star quality.,Positive,General Feedback,2025-05-11
FB-01757,"In my opinion, Refund was processed back to my bank account instantly. Great service and hassle free transaction! Truly five star quality.",Positive,Payment Issue,2026-02-12
FB-01286,My honest feedback: Website throws a 500 internal server error whenever I attempt to update my profile information. Latest app update completely broke the biometric face ID login functionality on iOS. Decent enough for the price.,Negative,Technical Issue,2025-11-18
FB-02543,"Reviewing this after one month: The payment gateway crashed during verification, resulting in pending holds on my debit card. Standard service, nothing extraordinary.",Negative,Payment Issue,2025-06-25
FB-01731,"To be completely frank, Tracking status says delivered to resident, but security camera footage proves no driver showed up. Please fix this issue as soon as possible.",Negative,Delivery Issue,2025-08-29
FB-01707,Just wanted to share my feedback: Automated chat system provided links to the relevant knowledge base articles for my query. Operating hours for live phone support are Monday through Friday from 9 AM to 6 PM EST. Decent enough for the price.,Neutral,Service Issue,2025-04-28
FB-01592,Overall impression: The product matches the specifications listed. It performs standard functions as described. The item is functional. Dimensions match the specification sheet provided on the website. Decent enough for the price.,Neutral,Product Issue,2025-01-26
FB-01743,Warning to potential buyers: Product catalog arrived in the mail today. Browsing through the new winter collection options. I would suggest adding more color options and sizes to your seasonal catalog in future releases. Truly five star quality.,Neutral,General Feedback,2025-01-20
FB-00698,"Honestly, Delivery driver followed all delivery instructions perfectly and hid the parcel behind the pillar. Highly recommend!",Positive,Delivery Issue,2025-08-14
FB-03115,"To be completely frank, Crash reporting tool automatically recovered my unsaved workspace data after my computer rebooted.",Positive,Technical Issue,2025-09-17
FB-00349,Overall impression: Refund was processed back to my bank account instantly. Great service and hassle free transaction! Average overall.,Positive,Payment Issue,2025-01-25
FB-02833,"Reviewing this after one month: Contacted customer support regarding policy clarification. Representative provided the standard policy text. Standard service, nothing extraordinary.",Neutral,Service Issue,2025-08-30
FB-02873,Customer review: High quality product that matches the photos and descriptions perfectly. Very pleased. Exceeded all my expectations. The battery lasts well over two full days of heavy use.,Positive,Product Issue,2025-01-29
FB-02615,"Customer review: The payment gateway crashed during verification, resulting in pending holds on my debit card. Hope management addresses this promptly.",Negative,Payment Issue,2025-08-25
FB-02338,"Customer review: Not as advertised at all. The color shown online was vibrant navy blue, but what arrived is faded grey. Extremely disappointing experience.",Negative,Product Issue,2025-03-15
FB-01138,Reviewing this after one month: Session timeout occurs every two minutes while filling out the order details. Infuriating bug. Infinite loading spinner when trying to download the digital purchase files or license keys. Very satisfied with this purchase.,Negative,Technical Issue,2025-07-15
FB-02070,"Honestly, The package arrived two days earlier than expected. Safe packaging with plenty of bubble wrap. 10/10 would recommend to anyone.",Positive,Delivery Issue,2025-09-21
FB-01826,The application requires iOS 16 or Android 12 minimum version to install. Data synchronization executes automatically at 15-minute intervals when connected to Wi-Fi. Will see how it holds up.,Neutral,Technical Issue,2025-04-01
FB-03048,"To be completely frank, Infinite loading spinner when trying to download the digital purchase files or license keys. Website throws a 500 internal server error whenever I attempt to update my profile information.",Negative,Technical Issue,2025-12-29
FB-03032,"Battery life is terrible, barely lasts 45 minutes on a full charge instead of the advertised 8 hours. Very satisfied with this purchase.",Negative,Product Issue,2025-02-12
FB-01712,"Customer review: The desktop application constantly freezes during data sync, losing all unsaved customer entries. Very satisfied with this purchase.",Negative,Technical Issue,2025-09-21
FB-01340,"Honestly, The mobile app crashes every single time I tap the checkout or view cart button. Standard service, nothing extraordinary.",Negative,Technical Issue,2025-10-04
FB-02679,"In my opinion, High quality product that matches the photos and descriptions perfectly. Very pleased. Very satisfied with this purchase.",Positive,Product Issue,2025-11-17
FB-00454,"Writing this review after recent experience: The payment gateway crashed during verification, resulting in pending holds on my debit card. The checkout page applied an unauthorized recurring subscription charge without my explicit consent. Will see how it holds up.",Negative,Payment Issue,2025-04-24
FB-00914,"Quick update on my order: Physical retail store was messy, disorganized, and understaffed during peak shopping hours. Standard service, nothing extraordinary.",Negative,General Feedback,2025-08-02
FB-02175,Reviewing this after one month: The blender blades became dull after blending soft fruits twice. Terrible motor vibration. Missing essential accessories from the retail box. Missing screws and power adapter. Extremely disappointing experience.,Negative,Product Issue,2025-09-30
FB-01200,Quick update on my order: Carrier mishandled the parcel. The fragile sticker was completely ignored and items were shattered. Very satisfied with this purchase.,Negative,Delivery Issue,2025-10-26
FB-01275,The promotional discount coupon code was accepted at checkout but the full price was charged anyway. Very satisfied with this purchase.,Negative,Payment Issue,2025-05-24
FB-02109,"Writing this review after recent experience: The fabric is luxurious, soft, and fits true to size. The stitching is impeccable. Remarkable ergonomics and silent keys. Typing all day has become significantly more comfortable. One star is too generous for this.",Positive,Product Issue,2025-08-26
FB-00038,Customer review: Refused to honor price match policy despite valid proof submitted before the purchase. Will not be buying again.,Negative,Payment Issue,2025-12-13
FB-00975,"In my opinion, Single sign-on worked effortlessly and synchronized all my cross-platform cloud data in seconds. Smooth, glitch-free UI with intuitive navigation. Great performance even on older phone models. Standard service, nothing extraordinary.",Positive,Technical Issue,2025-07-21
FB-02979,"To be completely frank, The live chat bot is an endless loop that refuses to transfer me to a human representative. Will not be buying again.",Negative,Service Issue,2025-04-13
FB-00984,Overall impression: The screen is vibrant and crisp with zero glare. Best display I have ever purchased. One star is too generous for this.,Positive,Product Issue,2025-04-28
FB-01250,Overall impression: Disappointed to see prices increased across the board while portion and package sizes were reduced. Will see how it holds up.,Negative,General Feedback,2025-04-06
FB-02169,Overall impression: Product smells strongly of harsh chemicals and the material feels flimsy and brittle. Will not be buying again.,Negative,Product Issue,2025-09-20
FB-01419,"To be completely frank, Product smells strongly of harsh chemicals and the material feels flimsy and brittle. Average overall.",Negative,Product Issue,2025-03-04
FB-01285,"Honestly, Best support experience I have ever had. The agent went above and beyond to make things right. Support team followed up with a courtesy call the next day to confirm everything was working smoothly.",Positive,Service Issue,2025-01-19
FB-02182,"Writing this review after recent experience: Customer representative Sarah was phenomenal! Patient, attentive, and solved my problem in 5 minutes. Immediate response on live chat within 30 seconds. Handled my inquiry with total professionalism. Truly five star quality.",Positive,Service Issue,2026-02-07
FB-00040,Quick update on my order: The hinge feels loose and wobbles whenever opened. Not worth half of what I paid. Will not be buying again.,Negative,Product Issue,2026-02-19
FB-01487,Here is my experience: Defective unit received. It refuses to power on even after charging overnight with the original cable. The motor makes an alarming grinding noise when turned on. Immediate return initiated. Will not be buying again.,Negative,Product Issue,2025-10-17
FB-02067,Warning to potential buyers: Payment processed through the standard 3D secure verification window without errors. Decent enough for the price.,Neutral,Payment Issue,2025-11-13
FB-00170,"In my opinion, Escalated to a supervisor three days ago and still waiting in total silence for an update. Waited on hold for over 85 minutes only to be transferred to an automated voicemail system. Standard service, nothing extraordinary.",Negative,Service Issue,2025-07-26
FB-01356,"To be completely frank, The fabric is luxurious, soft, and fits true to size. The stitching is impeccable. Will not be buying again.",Positive,Product Issue,2025-12-22
FB-00738,Quick update on my order: Consistently wonderful service and quality across all my orders over the past three years. Keep it up! Highly recommend!,Positive,General Feedback,2025-02-14
FB-01831,"Reviewing this after one month: Refused to honor price match policy despite valid proof submitted before the purchase. Standard service, nothing extraordinary.",Negative,Payment Issue,2025-06-13
FB-02902,"Just wanted to share my feedback: The outer shipping carton was completely soaked, torn open, and taped haphazardly by the courier. Will not be buying again.",Negative,Delivery Issue,2025-08-03
FB-01673,"Warning to potential buyers: Love shopping with this company! Always a delight, high standards, and wonderful overall experience. Hope management addresses this promptly.",Positive,General Feedback,2025-01-29
FB-01565,Writing this review after recent experience: The knife set is razor sharp right out of the box and balances comfortably in hand. Truly five star quality.,Positive,Product Issue,2025-10-03
FB-02831,Warning to potential buyers: Superb audio fidelity with deep bass and crystal clear treble. Truly noise cancelling! The screen is vibrant and crisp with zero glare. Best display I have ever purchased. Truly five star quality.,Positive,Product Issue,2025-06-14
FB-00635,Overall impression: Carrier mishandled the parcel. The fragile sticker was completely ignored and items were shattered. Truly five star quality.,Negative,Delivery Issue,2025-12-11
FB-02848,"Honestly, The sole of the running shoe detached during my second jog. Shockingly substandard durability.",Negative,Product Issue,2026-03-05
FB-02139,"To be completely frank, The item arrived broken and feels extremely cheap. The plastic cracked within two hours of use. Truly five star quality.",Negative,Product Issue,2025-10-07
FB-01641,Writing this review after recent experience: Product catalog arrived in the mail today. Browsing through the new winter collection options. Survey response regarding brand awareness: learned about your products through an online podcast ad. Will not be buying again.,Neutral,General Feedback,2025-10-29
FB-01291,Quick update on my order: Missing essential accessories from the retail box. Missing screws and power adapter. Please fix this issue as soon as possible.,Negative,Product Issue,2025-07-13
FB-02516,"Reviewing this after one month: Customer agent took over two hours to answer and then hung up the phone without helping. Agent promised a follow-up call back by 3 PM yesterday, but nobody ever bothered to call. Very satisfied with this purchase.",Negative,Service Issue,2025-10-31
FB-01381,Overall impression: Defective unit received. It refuses to power on even after charging overnight with the original cable. Product smells strongly of harsh chemicals and the material feels flimsy and brittle.,Negative,Product Issue,2025-04-14
FB-00580,Warning to potential buyers: Delivery took four business days as estimated during checkout. Standard transit time. Shipping timeframe was within the standard five to seven day window indicated on the invoice. One star is too generous for this.,Neutral,Delivery Issue,2025-12-14
FB-00329,"Reviewing this after one month: Consistently wonderful service and quality across all my orders over the past three years. Keep it up! The new user interface layout is modern, clean, visually appealing, and very easy on the eyes. Hope management addresses this promptly.",Positive,General Feedback,2026-02-17
FB-03139,"Customer review: Agent was knowledgeable, empathetic, and replaced my lost item without any hassle or friction. Decent enough for the price.",Positive,Service Issue,2025-04-28
FB-00893,"Customer review: Physical retail store was messy, disorganized, and understaffed during peak shopping hours. Excessive marketing emails and push notifications sent three times a day despite opting out. Hope management addresses this promptly.",Negative,General Feedback,2025-11-26
FB-01144,My honest feedback: High quality product that matches the photos and descriptions perfectly. Very pleased. Please fix this issue as soon as possible.,Positive,Product Issue,2025-04-18
FB-00781,Writing this review after recent experience: Single sign-on worked effortlessly and synchronized all my cross-platform cloud data in seconds. The latest software update fixed all previous bugs. The app is lightning fast and responsive now! Will not be buying again.,Positive,Technical Issue,2025-07-15
FB-00160,"In my opinion, Superb customer service experience, polite and helpful agents. Hope management addresses this promptly.",Positive,Service Issue,2025-05-07
FB-02528,"Reviewing this after one month: Support agent closed my ticket without providing any resolution or response to my question. Standard service, nothing extraordinary.",Negative,Service Issue,2025-06-23
FB-01946,Here is my experience: The screen is vibrant and crisp with zero glare. Best display I have ever purchased. One star is too generous for this.,Positive,Product Issue,2025-02-08
FB-02659,My honest feedback: Unable to remove my expired credit card from the saved billing wallet. Security concern! Will see how it holds up.,Negative,Payment Issue,2025-12-25
FB-00062,"To be completely frank, The new website redesign is messy, cluttered, and much harder to navigate than the previous layout. Physical retail store was messy, disorganized, and understaffed during peak shopping hours. Please fix this issue as soon as possible.",Negative,General Feedback,2025-11-05
FB-00850,"To be completely frank, The fabric is luxurious, soft, and fits true to size. The stitching is impeccable. Superb audio fidelity with deep bass and crystal clear treble. Truly noise cancelling! One star is too generous for this.",Positive,Product Issue,2025-03-21
FB-02415,Just wanted to share my feedback: Product functions as stated in the user manual. No unexpected features or defects detected. The product matches the specifications listed. It performs standard functions as described.,Neutral,Product Issue,2026-02-10
FB-03108,"Honestly, The screen on this monitor has terrible backlight bleeding and dead pixels right in the center. Will not be buying again.",Negative,Product Issue,2026-02-05
FB-01895,"In my opinion, Basic entry-level unit. It comes with standard plastic casing and standard power cords. It performs the required tasks. The design is utilitarian and does what it is supposed to. Very satisfied with this purchase.",Neutral,Product Issue,2026-01-25
FB-01597,"To be completely frank, The outer shipping carton was completely soaked, torn open, and taped haphazardly by the courier. Will not be buying again.",Negative,Delivery Issue,2025-12-06
FB-01044,"To be completely frank, Support agent was useless and refused to answer simple questions on the phone. Truly five star quality.",Negative,Service Issue,2025-10-16
FB-02685,"To be completely frank, Immediate response on live chat within 30 seconds. Handled my inquiry with total professionalism. Customer support agent took quick action and resolved my issue immediately. Great service! Hope management addresses this promptly.",Positive,Service Issue,2025-12-25
FB-01545,Shipping timeframe was within the standard five to seven day window indicated on the invoice. The courier left the parcel in the designated parcel locker box.,Neutral,Delivery Issue,2025-10-10
FB-02149,Just wanted to share my feedback: Delivery was delayed four separate times with zero explanation or notification from the carrier. Carrier mishandled the parcel. The fragile sticker was completely ignored and items were shattered. Will not be buying again.,Negative,Delivery Issue,2025-03-15
FB-01905,Support agent closed my ticket without providing any resolution or response to my question. Horrible customer service. Nobody takes accountability and every department blames the other. Decent enough for the price.,Negative,Service Issue,2025-10-05
FB-01071,"Customer review: Support team followed up with a courtesy call the next day to confirm everything was working smoothly. Agent was knowledgeable, empathetic, and replaced my lost item without any hassle or friction. Decent enough for the price.",Positive,Service Issue,2026-03-02
FB-00054,"Overall impression: The screen is vibrant and crisp with zero glare. Best display I have ever purchased. Standard service, nothing extraordinary.",Positive,Product Issue,2026-02-28
FB-02627,Warning to potential buyers: Customer support agent took quick action and resolved my issue immediately. Great service! Highly recommend!,Positive,Service Issue,2025-11-20
FB-00259,Customer review: Support agent closed my ticket without providing any resolution or response to my question. Will not be buying again.,Negative,Service Issue,2025-02-05
FB-00506,Warning to potential buyers: The application requires iOS 16 or Android 12 minimum version to install. Please fix this issue as soon as possible.,Neutral,Technical Issue,2025-06-05
FB-00753,Customer review: Unable to remove my expired credit card from the saved billing wallet. Security concern! Will see how it holds up.,Negative,Payment Issue,2026-03-16
FB-02178,Operating hours for live phone support are Monday through Friday from 9 AM to 6 PM EST. One star is too generous for this.,Neutral,Service Issue,2026-01-14
FB-00218,My honest feedback: Package arrived two weeks past the guaranteed delivery date. Tracking was completely frozen. Will not be buying again.,Negative,Delivery Issue,2025-04-24
FB-00825,My honest feedback: The application requires iOS 16 or Android 12 minimum version to install. Hope management addresses this promptly.,Neutral,Technical Issue,2026-01-02
FB-02976,Here is my experience: Direct debit was processed twice in one billing cycle. Bank overdraft fees incurred as a result. Will not be buying again.,Negative,Payment Issue,2025-03-07
FB-01458,"Writing this review after recent experience: The delivery courier literally threw the box over my gate and crushed the contents inside. Carrier mishandled the parcel. The fragile sticker was completely ignored and items were shattered. Standard service, nothing extraordinary.",Negative,Delivery Issue,2025-06-17
FB-02972,"To be completely frank, Seamless delivery experience. Box arrived in mint condition with zero dents or creases. Decent enough for the price.",Positive,Delivery Issue,2025-12-13
FB-01390,"In my opinion, The delivery courier literally threw the box over my gate and crushed the contents inside. Express next-day shipping fee paid, yet took seven business days to arrive. Terrible courier service. Standard service, nothing extraordinary.",Negative,Delivery Issue,2025-03-27
FB-02692,Writing this review after recent experience: Unable to remove my expired credit card from the saved billing wallet. Security concern! Decent enough for the price.,  negative  ,Payment Issue,2025-03-23
FB-01267,"Honestly, High quality product that matches the photos and descriptions perfectly. Very pleased. The knife set is razor sharp right out of the box and balances comfortably in hand. Will not be buying again.",Positive,Product Issue,2025-04-08
FB-02699,My honest feedback: Contacted customer support regarding policy clarification. Representative provided the standard policy text. Representative confirmed receipt of documents and forwarded them to the review department. Hope management addresses this promptly.,Neutral,Service Issue,2025-09-03
FB-02010,Quick update on my order: Waited on hold for over 85 minutes only to be transferred to an automated voicemail system. Received generic copy-paste canned responses that did not even address the issue I described. Please fix this issue as soon as possible.,Negative,Service Issue,2025-03-15
FB-01599,Website throws a 500 internal server error whenever I attempt to update my profile information. Truly five star quality.,Negative,Technical Issue,2025-03-10
FB-02210,"Here is my experience: Password requirements require at least eight characters, one uppercase letter, and a number. Hope management addresses this promptly.",Neutral,Technical Issue,2025-01-28
FB-01608,Writing this review after recent experience: Invoice receipt was sent instantly to my email with clear itemized taxes and discounts. Please fix this issue as soon as possible.,Positive,Payment Issue,2026-03-05
FB-01930,Just wanted to share my feedback: Bluetooth pairing disconnects constantly after three minutes of connection on modern Android. Decent enough for the price.,Negative,Technical Issue,2025-02-26
FB-00772,"Overall impression: Quick and easy payment processing, very secure and transparent billing statements. Invoice receipt was sent instantly to my email with clear itemized taxes and discounts. Average overall.",Positive,Payment Issue,2025-02-26
FB-03014,"Overall impression: High quality product that matches the photos and descriptions perfectly. Very pleased. Standard service, nothing extraordinary.",Positive,Product Issue,2025-11-27
FB-02966,Just wanted to share my feedback: Superb audio fidelity with deep bass and crystal clear treble. Truly noise cancelling! Decent enough for the price.,Positive,Product Issue,2026-03-13
FB-01177,"In my opinion, The knife set is razor sharp right out of the box and balances comfortably in hand. Average overall.",Positive,Product Issue,2025-03-09
FB-02886,"Writing this review after recent experience: Outstanding build quality! Feels hefty, solid, and premium in hand. Highly recommend this brand. Standard service, nothing extraordinary.",Positive,Product Issue,2025-02-07
FB-01086,My honest feedback: Excessive marketing emails and push notifications sent three times a day despite opting out. The loyalty rewards program has been devalued so heavily that accumulated points are virtually worthless. Will not be buying again.,Negative,General Feedback,2025-06-03
FB-02464,"Reviewing this after one month: The shipping driver marked the package as delivered, but nothing was at my door or porch. Package arrived two weeks past the guaranteed delivery date. Tracking was completely frozen. Decent enough for the price.",Negative,Delivery Issue,2025-06-25
FB-01810,Writing this review after recent experience: Refused to honor price match policy despite valid proof submitted before the purchase. Direct debit was processed twice in one billing cycle. Bank overdraft fees incurred as a result. Will not be buying again.,Negative,Payment Issue,2025-06-19
FB-01326,"Honestly, The outer shipping carton was completely soaked, torn open, and taped haphazardly by the courier. Truly five star quality.",Negative,Delivery Issue,2025-03-14
FB-02286,"Warning to potential buyers: The new website redesign is messy, cluttered, and much harder to navigate than the previous layout. The loyalty rewards program has been devalued so heavily that accumulated points are virtually worthless. Standard service, nothing extraordinary.",Negative,General Feedback,2025-04-05
FB-01886,"Overall impression: The shipping driver marked the package as delivered, but nothing was at my door or porch. Will not be buying again.",Negative,Delivery Issue,2026-03-18
FB-02013,"Overall impression: Unable to remove my expired credit card from the saved billing wallet. Security concern! The payment gateway crashed during verification, resulting in pending holds on my debit card. Extremely disappointing experience.",Negative,Payment Issue,2025-08-28
FB-01937,"Reviewing this after one month: Promotional discount coupon and reward points were applied smoothly at checkout with clear breakdown. Standard service, nothing extraordinary.",Positive,Payment Issue,2025-11-18
FB-01404,Writing this review after recent experience: High quality product that matches the photos and descriptions perfectly. Very pleased. The screen is vibrant and crisp with zero glare. Best display I have ever purchased. Decent enough for the price.,Positive,Product Issue,2025-04-06
FB-02351,Customer review: Support team followed up with a courtesy call the next day to confirm everything was working smoothly. Immediate response on live chat within 30 seconds. Handled my inquiry with total professionalism. Very satisfied with this purchase.,Positive,Service Issue,2025-02-04
FB-02373,"Overall impression: The new website redesign is messy, cluttered, and much harder to navigate than the previous layout. Will not be buying again.",Negative,General Feedback,2025-05-09
FB-02014,"Honestly, The new user interface layout is modern, clean, visually appealing, and very easy on the eyes. Truly five star quality.",Positive,General Feedback,2025-04-21
FB-01164,"In my opinion, Product packaging uses far too much non-recyclable plastic and styrofoam. Very eco-unfriendly. Extremely disappointing experience.",Negative,General Feedback,2025-02-02
FB-00964,"Reviewing this after one month: Top tier craftsmanship. Everything feels durable, well-finished, and built to last years. Average overall.",Positive,Product Issue,2025-08-27
FB-03118,"My honest feedback: The desktop application constantly freezes during data sync, losing all unsaved customer entries. Infinite loading spinner when trying to download the digital purchase files or license keys. Will see how it holds up.",Negative,Technical Issue,2025-08-06
FB-01957,The web portal uses standard HTTPS authentication and session cookie validation. Data synchronization executes automatically at 15-minute intervals when connected to Wi-Fi. Average overall.,Neutral,Technical Issue,2026-02-15
FB-00399,"Reviewing this after one month: Consistently wonderful service and quality across all my orders over the past three years. Keep it up! Love shopping with this company! Always a delight, high standards, and wonderful overall experience. Decent enough for the price.",Positive,General Feedback,2025-03-23
FB-00585,"In my opinion, Tracking status says delivered to resident, but security camera footage proves no driver showed up.",Negative,Delivery Issue,2025-10-17
FB-00949,Here is my experience: Delivery driver followed all delivery instructions perfectly and hid the parcel behind the pillar.,Positive,Delivery Issue,2025-06-30
FB-00705,Writing this review after recent experience: Basic entry-level unit. It comes with standard plastic casing and standard power cords. The item is functional. Dimensions match the specification sheet provided on the website. Decent enough for the price.,Neutral,Product Issue,2026-02-08
FB-00432,"My honest feedback: Courier was polite, arrived within the designated delivery window, and handed the package directly. Delivery driver followed all delivery instructions perfectly and hid the parcel behind the pillar. Please fix this issue as soon as possible.",Positive,Delivery Issue,2025-11-04
FB-01689,"Honestly, The invoice shows standard itemized sales tax and shipping calculation. Will see how it holds up.",Neutral,Payment Issue,2025-08-25
FB-00293,"In my opinion, Works straight out of the box with zero fuss. Intuitive design and rock solid performance. Average overall.",Positive,Product Issue,2025-07-23
FB-00146,"In my opinion, The commitment to eco-friendly biodegradable packaging is commendable and deeply appreciated. Highly recommend!",Positive,General Feedback,2026-02-10
FB-00324,"Writing this review after recent experience: Agent was knowledgeable, empathetic, and replaced my lost item without any hassle or friction. One star is too generous for this.",Positive,Service Issue,2026-01-22
FB-02784,"To be completely frank, The replacement unit had the exact same defect as the first one. Terrible manufacturing batches. Standard service, nothing extraordinary.",Negative,Product Issue,2025-12-06
FB-02275,My honest feedback: Refund was processed back to my bank account instantly. Great service and hassle free transaction! Truly five star quality.,Positive,Payment Issue,2025-07-21
FB-01166,"In my opinion, The headphones produce constant static noise in the left ear cup. Unusable for work calls. Standard service, nothing extraordinary.",Negative,  PRODUCT ISSUE  ,2025-02-09
FB-01453,Just wanted to share my feedback: A pre-authorization hold was placed on the card and settled upon shipment dispatch.,Neutral,Payment Issue,2025-05-09
FB-00003,Just wanted to share my feedback: Water leaks right through the supposed waterproof seam. Ruined my electronics during light rain. The motor makes an alarming grinding noise when turned on. Immediate return initiated. Hope management addresses this promptly.,Negative,Product Issue,2025-08-03
FB-01713,Customer review: Delivery took four business days as estimated during checkout. Standard transit time. Decent enough for the price.,Neutral,Delivery Issue,2025-05-04
FB-00577,"Writing this review after recent experience: Customer support agent took quick action and resolved my issue immediately. Great service! Superb customer service experience, polite and helpful agents. Hope management addresses this promptly.",Positive,Service Issue,2025-03-30
FB-02479,It performs the required tasks. The design is utilitarian and does what it is supposed to. Hope management addresses this promptly.,Neutral,Product Issue,2025-07-24
FB-00340,Customer review: I would suggest adding more color options and sizes to your seasonal catalog in future releases.,Neutral,General Feedback,2025-10-25
FB-01383,"Warning to potential buyers: Physical retail store was messy, disorganized, and understaffed during peak shopping hours. Please fix this issue as soon as possible.",Negative,General Feedback,2025-08-13
FB-01870,"Overall impression: The delivery guy was extremely rude, refused to bring the heavy parcel up the elevator. Average overall.",Negative,Delivery Issue,2025-06-26
FB-00926,"Reviewing this after one month: The fabric is luxurious, soft, and fits true to size. The stitching is impeccable. Highly recommend!",Positive,Product Issue,2025-04-17
FB-00266,"Overall impression: Not as advertised at all. The color shown online was vibrant navy blue, but what arrived is faded grey. Will not be buying again.",Negative,Product Issue,2025-05-31
FB-00377,The charge reflects the exact amount stated on the order summary page. Hope management addresses this promptly.,Neutral,Payment Issue,2025-12-02
FB-02598,"Honestly, The new user interface layout is modern, clean, visually appealing, and very easy on the eyes. Great brand loyalty rewards program. Truly values recurring customers with meaningful perks. Hope management addresses this promptly.",Positive,General Feedback,2025-12-09
FB-01772,Customer review: Billing statement displays the company merchant name and invoice reference number.,Neutral,Payment Issue,2025-12-25
FB-01464,My honest feedback: The stitching on the jacket came undone after the very first gentle wash. Very poor quality control. Hope management addresses this promptly.,Negative,Product Issue,2025-07-23
FB-00272,Quick update on my order: Support ticket was logged under reference ID 49201 with an estimated reply time of 24 hours. Hope management addresses this promptly.,Neutral,Service Issue,2026-01-17
FB-00697,"Honestly, The item arrived broken and feels extremely cheap. The plastic cracked within two hours of use. Very satisfied with this purchase.",Negative,Product Issue,2026-03-17
FB-03196,Just wanted to share my feedback: Payment processed through the standard 3D secure verification window without errors. The charge reflects the exact amount stated on the order summary page. Decent enough for the price.,Neutral,Payment Issue,2025-02-10
FB-00245,"Quick update on my order: The screen is vibrant and crisp with zero glare. Best display I have ever purchased. The fabric is luxurious, soft, and fits true to size. The stitching is impeccable. Truly five star quality.",Positive,Product Issue,2025-05-13
FB-03025,"Reviewing this after one month: Package arrived in standard cardboard packaging with carrier shipping labels attached. Standard service, nothing extraordinary.",Neutral,Delivery Issue,2025-04-14
FB-00477,Customer review: Package was left out in heavy pouring rain without any protective plastic wrap. One star is too generous for this.,Negative,Delivery Issue,2025-02-16
FB-02162,"Quick update on my order: Best support experience I have ever had. The agent went above and beyond to make things right. Customer representative Sarah was phenomenal! Patient, attentive, and solved my problem in 5 minutes. Please fix this issue as soon as possible.",Positive,Service Issue,2025-08-23
FB-02346,Warning to potential buyers: High quality product that matches the photos and descriptions perfectly. Very pleased. Truly five star quality.,Positive,Product Issue,2025-12-19
FB-00814,My honest feedback: The item is functional. Dimensions match the specification sheet provided on the website.,Neutral,Product Issue,2025-09-26
FB-01972,Quick update on my order: Delivery took four business days as estimated during checkout. Standard transit time. Package arrived in standard cardboard packaging with carrier shipping labels attached. Will see how it holds up.,Neutral,Delivery Issue,2025-05-04
FB-02284,"In my opinion, Agent was knowledgeable, empathetic, and replaced my lost item without any hassle or friction. Customer representative Sarah was phenomenal! Patient, attentive, and solved my problem in 5 minutes. Highly recommend!",Positive,Service Issue,2026-02-09
FB-02729,"To be completely frank, The package arrived two days earlier than expected. Safe packaging with plenty of bubble wrap. Delivered in less than 24 hours in pristine condition. Super fast and careful logistics! Standard service, nothing extraordinary.",Positive,Delivery Issue,2025-01-30
FB-02994,Customer review: Seamless delivery experience. Box arrived in mint condition with zero dents or creases. Please fix this issue as soon as possible.,Positive,Delivery Issue,2025-08-21
FB-03174,Here is my experience: Crash reporting tool automatically recovered my unsaved workspace data after my computer rebooted. Will see how it holds up.,Positive,Technical Issue,2026-02-16
FB-01165,Reviewing this after one month: Delivered in less than 24 hours in pristine condition. Super fast and careful logistics! The package arrived two days earlier than expected. Safe packaging with plenty of bubble wrap. Hope management addresses this promptly.,Positive,Delivery Issue,2026-03-07
FB-01805,Overall impression: Refund was processed back to my bank account instantly. Great service and hassle free transaction! Decent enough for the price.,Positive,Payment Issue,2025-08-15
FB-02340,Just wanted to share my feedback: Accidental overcharge was proactively spotted and refunded by billing team before I even asked. 10/10 would recommend to anyone.,Positive,Payment Issue,2026-02-24
FB-00251,"Warning to potential buyers: Not as advertised at all. The color shown online was vibrant navy blue, but what arrived is faded grey. The item arrived broken and feels extremely cheap. The plastic cracked within two hours of use. One star is too generous for this.",Negative,Product Issue,2026-02-14
FB-00414,Writing this review after recent experience: The mobile app crashes every single time I tap the checkout or view cart button. Decent enough for the price.,Negative,Technical Issue,2025-05-21
FB-00546,"Customer review: The new user interface layout is modern, clean, visually appealing, and very easy on the eyes. One star is too generous for this.",Positive,General Feedback,2025-01-22
FB-01194,"In my opinion, Driver delivered my order to the wrong street address entirely. Neighbor had to bring it over. Package arrived two weeks past the guaranteed delivery date. Tracking was completely frozen. Average overall.",Negative,Delivery Issue,2026-01-02
FB-00739,"Reviewing this after one month: Courier was polite, arrived within the designated delivery window, and handed the package directly. Decent enough for the price.",Positive,Delivery Issue,2026-02-08
FB-00311,Reviewing this after one month: Invoice receipt was sent instantly to my email with clear itemized taxes and discounts. Hope management addresses this promptly.,Positive,Payment Issue,2025-04-01
FB-02482,Writing this review after recent experience: Works straight out of the box with zero fuss. Intuitive design and rock solid performance. Will not be buying again.,Positive,Product Issue,2025-09-27
FB-00894,Just wanted to share my feedback: Average build quality. It is acceptable for occasional household use. Decent enough for the price.,Neutral,Product Issue,2025-03-27
FB-01132,"Reviewing this after one month: Quick and easy payment processing, very secure and transparent billing statements. Promotional discount coupon and reward points were applied smoothly at checkout with clear breakdown. Very satisfied with this purchase.",Positive,Payment Issue,2025-08-11
FB-01450,"Honestly, Waited on hold for over 85 minutes only to be transferred to an automated voicemail system. Will not be buying again.",Negative,Service Issue,2025-05-30
FB-03124,My honest feedback: The loyalty rewards program has been devalued so heavily that accumulated points are virtually worthless. Will not be buying again.,Negative,General Feedback,2025-08-01
FB-00016,"Honestly, Great brand loyalty rewards program. Truly values recurring customers with meaningful perks. Love shopping with this company! Always a delight, high standards, and wonderful overall experience. Highly recommend!",Positive,General Feedback,2025-05-03
FB-02158,Overall impression: The mobile app crashes every single time I tap the checkout or view cart button. Will not be buying again.,Negative,Technical Issue,2026-02-05
FB-00722,"Honestly, Automated chat system provided links to the relevant knowledge base articles for my query. Contacted customer support regarding policy clarification. Representative provided the standard policy text. Will not be buying again.",Neutral,Service Issue,2025-04-08
FB-01421,"Honestly, API documentation is clear and the integration was completely error-free and stable under load. Will not be buying again.",Positive,Technical Issue,2026-02-06
FB-02832,"My honest feedback: Accidental overcharge was proactively spotted and refunded by billing team before I even asked. Payment process was swift, seamless, and securely authenticated with Apple Pay.",Positive,Payment Issue,2026-03-02
FB-00982,"My honest feedback: Tracking status says delivered to resident, but security camera footage proves no driver showed up. Hope management addresses this promptly.",Negative,Delivery Issue,2025-09-30
FB-02270,"My honest feedback: Payment processed through the standard 3D secure verification window without errors. A pre-authorization hold was placed on the card and settled upon shipment dispatch. Standard service, nothing extraordinary.",Neutral,Payment Issue,2025-12-03
FB-01540,"Here is my experience: Excellent delivery tracking updates via SMS every step of the transit. Very impressed. Seamless delivery experience. Box arrived in mint condition with zero dents or creases. Standard service, nothing extraordinary.",Positive,Delivery Issue,2026-02-09
FB-02722,Bluetooth pairing disconnects constantly after three minutes of connection on modern Android. Will not be buying again.,Negative,Technical Issue,2025-05-18
FB-01551,Reviewing this after one month: The hinge feels loose and wobbles whenever opened. Not worth half of what I paid. Please fix this issue as soon as possible.,Negative,Product Issue,2025-04-21
FB-03051,Customer review: API documentation is clear and the integration was completely error-free and stable under load. Truly five star quality.,Positive,Technical Issue,2025-10-15
FB-00364,"Tracking status says delivered to resident, but security camera footage proves no driver showed up. Will see how it holds up.",Negative,Delivery Issue,2025-06-10
FB-00983,Customer review: Completely dissatisfied with the build quality. The zipper got stuck immediately and broke off. The stitching on the jacket came undone after the very first gentle wash. Very poor quality control. Decent enough for the price.,Negative,Product Issue,2025-08-18
FB-00183,"My payment went through and funds were deducted from my bank, but the website shows order failed. Truly five star quality.",Negative,Payment Issue,2025-02-12
FB-00986,Customer review: Received generic copy-paste canned responses that did not even address the issue I described. Will see how it holds up.,Negative,Service Issue,2026-03-13
FB-03101,"Customer review: The refund was promised within 3 to 5 business days, but four weeks have passed with no money returned. Average overall.",Negative,Payment Issue,2025-04-29
FB-01195,Just wanted to share my feedback: Consistently wonderful service and quality across all my orders over the past three years. Keep it up! Truly five star quality.,Positive,General Feedback,2025-04-06
FB-02060,Here is my experience: API documentation is clear and the integration was completely error-free and stable under load. Truly five star quality.,Positive,Technical Issue,2025-05-14
FB-02891,"My honest feedback: The payment gateway crashed during verification, resulting in pending holds on my debit card. The promotional discount coupon code was accepted at checkout but the full price was charged anyway. Decent enough for the price.",Negative,Payment Issue,2025-02-21
FB-01122,Customer review: The sole of the running shoe detached during my second jog. Shockingly substandard durability. Will not be buying again.,Negative,Product Issue,2025-11-26
FB-02416,"Just wanted to share my feedback: Superb customer service experience, polite and helpful agents.",Positive,Service Issue,2025-07-07
FB-00188,Overall impression: Customer support agent took quick action and resolved my issue immediately. Great service! Very satisfied with this purchase.,Positive,Service Issue,2025-03-16
FB-00620,Warning to potential buyers: The replacement unit had the exact same defect as the first one. Terrible manufacturing batches. Very satisfied with this purchase.,Negative,Product Issue,2025-09-05
FB-01898,The invoice shows standard itemized sales tax and shipping calculation. Will see how it holds up.,Neutral,Payment Issue,2025-08-15
FB-01176,Reviewing this after one month: Consistently wonderful service and quality across all my orders over the past three years. Keep it up! Average overall.,Positive,General Feedback,2025-07-24
FB-01183,"Reviewing this after one month: Support rep claimed they could not locate my account despite providing the exact account ID and email. Support agent closed my ticket without providing any resolution or response to my question. Standard service, nothing extraordinary.",Negative,Service Issue,2025-06-30
FB-02565,"Reviewing this after one month: Top tier craftsmanship. Everything feels durable, well-finished, and built to last years.",Positive,Product Issue,2025-05-14
FB-02372,Writing this review after recent experience: Support team followed up with a courtesy call the next day to confirm everything was working smoothly. Decent enough for the price.,Positive,Service Issue,2025-12-26
FB-00615,"Writing this review after recent experience: The package arrived two days earlier than expected. Safe packaging with plenty of bubble wrap. Courier was polite, arrived within the designated delivery window, and handed the package directly. Decent enough for the price.",Positive,Delivery Issue,2025-01-22
FB-01514,"Honestly, The latest software update fixed all previous bugs. The app is lightning fast and responsive now! API documentation is clear and the integration was completely error-free and stable under load. Very satisfied with this purchase.",Positive,Technical Issue,2025-08-20
FB-01467,Delivery took four business days as estimated during checkout. Standard transit time. The courier left the parcel in the designated parcel locker box. Decent enough for the price.,Neutral,Delivery Issue,2025-08-30
FB-00402,"Just wanted to share my feedback: The delivery guy was extremely rude, refused to bring the heavy parcel up the elevator. Very satisfied with this purchase.",Negative,Delivery Issue,2025-07-04
FB-00995,Here is my experience: Missing essential accessories from the retail box. Missing screws and power adapter. Very satisfied with this purchase.,Negative,Product Issue,2025-05-30
FB-00935,Overall impression: Latest app update completely broke the biometric face ID login functionality on iOS. Infinite loading spinner when trying to download the digital purchase files or license keys. Will not be buying again.,Negative,Technical Issue,2025-11-10
FB-00372,"To be completely frank, Support agent was useless and refused to answer simple questions on the phone. Will not be buying again.",Negative,Service Issue,2026-01-30
FB-03163,"In my opinion, The billing department resolved my refund request within a few hours. Money back in my account! Truly five star quality.",Positive,Payment Issue,2025-09-12
FB-02335,Writing this review after recent experience: The knife set is razor sharp right out of the box and balances comfortably in hand. High quality product that matches the photos and descriptions perfectly. Very pleased. Hope management addresses this promptly.,Positive,Product Issue,2025-10-11
FB-00594,"In my opinion, The product matches the specifications listed. It performs standard functions as described. The item is functional. Dimensions match the specification sheet provided on the website. Average overall.",Neutral,Product Issue,2025-12-23
FB-02135,"Warning to potential buyers: The new user interface layout is modern, clean, visually appealing, and very easy on the eyes. Decent enough for the price.",Positive,General Feedback,2025-12-08
FB-00727,Customer review: Waited on hold for over 85 minutes only to be transferred to an automated voicemail system. Will not be buying again.,Negative,Service Issue,2025-04-02
FB-00827,Just wanted to share my feedback: Representative gave contradictory information compared to what is written in your official refund policy. Support agent closed my ticket without providing any resolution or response to my question. Will see how it holds up.,Negative,Service Issue,2025-05-15
FB-02419,Warning to potential buyers: Representative confirmed receipt of documents and forwarded them to the review department. Decent enough for the price.,Neutral,Service Issue,2025-06-14
FB-02196,Warning to potential buyers: The sole of the running shoe detached during my second jog. Shockingly substandard durability. One star is too generous for this.,Negative,Product Issue,2025-08-26
FB-00688,My honest feedback: Direct debit was processed twice in one billing cycle. Bank overdraft fees incurred as a result. Will not be buying again.,Negative,Payment Issue,2025-03-15
FB-02624,Quick update on my order: Carrier mishandled the parcel. The fragile sticker was completely ignored and items were shattered. Will see how it holds up.,Negative,Delivery Issue,2025-04-23
FB-00137,"Just wanted to share my feedback: Refused to honor price match policy despite valid proof submitted before the purchase. Standard service, nothing extraordinary.",Negative,Payment Issue,2025-07-16
FB-02634,Infinite loading spinner when trying to download the digital purchase files or license keys. Latest app update completely broke the biometric face ID login functionality on iOS. Average overall.,Negative,Technical Issue,2025-09-17
FB-00629,Reviewing this after one month: Automated chat system provided links to the relevant knowledge base articles for my query. Contacted customer support regarding policy clarification. Representative provided the standard policy text. One star is too generous for this.,Neutral,Service Issue,2025-10-20
FB-00335,"To be completely frank, It performs the required tasks. The design is utilitarian and does what it is supposed to. Decent enough for the price.",Neutral,Product Issue,2025-10-04
FB-01806,Writing this review after recent experience: Tracking updates were logged at each regional distribution center as expected. Decent enough for the price.,Neutral,Delivery Issue,2025-04-29
FB-00391,"To be completely frank, It would be helpful to have a physical store location opened in the downtown metropolitan area. Average overall.",Neutral,General Feedback,2025-09-07
FB-02488,Writing this review after recent experience: Works straight out of the box with zero fuss. Intuitive design and rock solid performance. The screen is vibrant and crisp with zero glare. Best display I have ever purchased. Highly recommend!,Positive,Product Issue,2025-01-23
FB-01110,Product packaging uses far too much non-recyclable plastic and styrofoam. Very eco-unfriendly. Will see how it holds up.,Negative,General Feedback,2026-02-07
FB-02038,"Honestly, The commitment to eco-friendly biodegradable packaging is commendable and deeply appreciated. Will not be buying again.",Positive,General Feedback,2025-06-12
FB-01818,"Honestly, The outer shipping carton was completely soaked, torn open, and taped haphazardly by the courier. Tracking status says delivered to resident, but security camera footage proves no driver showed up. Will see how it holds up.",Negative,Delivery Issue,2025-04-19
FB-02901,Warning to potential buyers: The commitment to eco-friendly biodegradable packaging is commendable and deeply appreciated. 10/10 would recommend to anyone.,Positive,General Feedback,2026-02-21
FB-00711,"Honestly, Delivered in less than 24 hours in pristine condition. Super fast and careful logistics! Will not be buying again.",Positive,Delivery Issue,2025-06-12
FB-01040,Warning to potential buyers: The package arrived two days earlier than expected. Safe packaging with plenty of bubble wrap. One star is too generous for this.,Positive,Delivery Issue,2025-07-15
FB-02121,Search filter on the store website is completely broken; returning zero results for standard items.,Negative,Technical Issue,2025-09-06
FB-02580,Reviewing this after one month: Contacted customer support regarding policy clarification. Representative provided the standard policy text. Please fix this issue as soon as possible.,Neutral,Service Issue,2025-05-12
FB-02790,"To be completely frank, The application requires iOS 16 or Android 12 minimum version to install. Truly five star quality.",  neutral  ,Technical Issue,2025-11-08
FB-01562,My honest feedback: Support rep claimed they could not locate my account despite providing the exact account ID and email. Waited on hold for over 85 minutes only to be transferred to an automated voicemail system. Extremely disappointing experience.,Negative,Service Issue,2025-12-29
FB-02219,Overall impression: The knife set is razor sharp right out of the box and balances comfortably in hand. Remarkable ergonomics and silent keys. Typing all day has become significantly more comfortable. Highly recommend!,Positive,Product Issue,2025-08-04
FB-02964,It performs the required tasks. The design is utilitarian and does what it is supposed to. Product functions as stated in the user manual. No unexpected features or defects detected. Will see how it holds up.,Neutral,Product Issue,2025-11-14
FB-01595,Quick update on my order: Product packaging uses far too much non-recyclable plastic and styrofoam. Very eco-unfriendly. The loyalty rewards program has been devalued so heavily that accumulated points are virtually worthless. Will not be buying again.,Negative,General Feedback,2025-08-09
FB-03060,"Quick update on my order: Top tier craftsmanship. Everything feels durable, well-finished, and built to last years. Please fix this issue as soon as possible.",Positive,Product Issue,2025-06-07
FB-02712,"Honestly, Latest app update completely broke the biometric face ID login functionality on iOS. Will not be buying again.",Negative,Technical Issue,2025-02-22
FB-01113,"Customer review: Express next-day shipping fee paid, yet took seven business days to arrive. Terrible courier service. Truly five star quality.",Negative,Delivery Issue,2026-03-06
FB-00466,"Reviewing this after one month: Single sign-on worked effortlessly and synchronized all my cross-platform cloud data in seconds. Smooth, glitch-free UI with intuitive navigation. Great performance even on older phone models.",Positive,Technical Issue,2025-12-27
FB-01561,"In my opinion, The charge reflects the exact amount stated on the order summary page.",Neutral,Payment Issue,2025-03-06
FB-01224,"Honestly, The promotional discount coupon code was accepted at checkout but the full price was charged anyway. Average overall.",Negative,Payment Issue,2025-06-07
FB-02160,Warning to potential buyers: Software update prompt appeared upon launching the application as scheduled. Please fix this issue as soon as possible.,Neutral,Technical Issue,2025-10-10
FB-03189,Writing this review after recent experience: Crash reporting tool automatically recovered my unsaved workspace data after my computer rebooted.,Positive,Technical Issue,2025-09-18
FB-02527,"To be completely frank, Latest app update completely broke the biometric face ID login functionality on iOS.",Negative,Technical Issue,2025-11-16
FB-01509,Just wanted to share my feedback: The latest software update fixed all previous bugs. The app is lightning fast and responsive now! Truly five star quality.,Positive,Technical Issue,2026-03-10
FB-01751,"Honestly, Customer representative Sarah was phenomenal! Patient, attentive, and solved my problem in 5 minutes. Will see how it holds up.",Positive,Service Issue,2025-05-12
FB-01105,"Overall impression: Order has been stuck at the local sorting hub for over ten days with no scheduled delivery date. The outer shipping carton was completely soaked, torn open, and taped haphazardly by the courier. Will not be buying again.",Negative,Delivery Issue,2025-09-16
FB-00661,"Reviewing this after one month: The latest software update fixed all previous bugs. The app is lightning fast and responsive now! Smooth, glitch-free UI with intuitive navigation. Great performance even on older phone models. Please fix this issue as soon as possible.",Positive,Technical Issue,2025-07-14
FB-02888,"My honest feedback: Delivered in less than 24 hours in pristine condition. Super fast and careful logistics! Courier was polite, arrived within the designated delivery window, and handed the package directly. Truly five star quality.",Positive,Delivery Issue,2025-01-20
FB-00339,Reviewing this after one month: Exceeded all my expectations. The battery lasts well over two full days of heavy use. The knife set is razor sharp right out of the box and balances comfortably in hand. Will not be buying again.,Positive,Product Issue,2025-06-16
FB-00216,"To be completely frank, Data synchronization executes automatically at 15-minute intervals when connected to Wi-Fi. Software update prompt appeared upon launching the application as scheduled. Decent enough for the price.",Neutral,Technical Issue,2026-02-14
FB-01616,The screen on this monitor has terrible backlight bleeding and dead pixels right in the center. Very satisfied with this purchase.,Negative,Product Issue,2025-11-11
FB-01342,"In my opinion, Top tier craftsmanship. Everything feels durable, well-finished, and built to last years. High quality product that matches the photos and descriptions perfectly. Very pleased. 10/10 would recommend to anyone.",Positive,Product Issue,2026-03-14
FB-02706,"In my opinion, Website throws a 500 internal server error whenever I attempt to update my profile information. Password reset emails are never received, even after checking spam folders multiple times. Truly five star quality.",Negative,Technical Issue,2025-07-28
FB-02536,My honest feedback: Infinite loading spinner when trying to download the digital purchase files or license keys. The mobile app crashes every single time I tap the checkout or view cart button. Hope management addresses this promptly.,Negative,Technical Issue,2025-12-06
FB-03016,"Quick update on my order: The new website redesign is messy, cluttered, and much harder to navigate than the previous layout. Decent enough for the price.",Negative,General Feedback,2026-02-25
FB-01847,"Here is my experience: Tracking updates were logged at each regional distribution center as expected. Standard service, nothing extraordinary.",Neutral,Delivery Issue,2025-12-01
FB-01593,Writing this review after recent experience: Hidden processing fees and unexpected convenience surcharges were added without disclosure at checkout. Unable to remove my expired credit card from the saved billing wallet. Security concern! Very satisfied with this purchase.,Negative,Payment Issue,2025-09-01
FB-02096,Warning to potential buyers: Support team followed up with a courtesy call the next day to confirm everything was working smoothly. Will not be buying again.,Positive,Service Issue,2026-01-31
FB-01980,Reviewing this after one month: Seamless delivery experience. Box arrived in mint condition with zero dents or creases. 10/10 would recommend to anyone.,Positive,Delivery Issue,2025-08-02
FB-02714,Warning to potential buyers: The charge reflects the exact amount stated on the order summary page. Decent enough for the price.,Neutral,Payment Issue,2026-01-03
FB-00817,"In my opinion, The browser extension consumes 100% CPU and causes Google Chrome to become unresponsive. Very satisfied with this purchase.",Negative,Technical Issue,2026-02-26
FB-01068,"In my opinion, Courier was polite, arrived within the designated delivery window, and handed the package directly. Delivered in less than 24 hours in pristine condition. Super fast and careful logistics! One star is too generous for this.",Positive,Delivery Issue,2025-06-27
FB-02309,"Honestly, The checkout page applied an unauthorized recurring subscription charge without my explicit consent. Truly five star quality.",Negative,Payment Issue,2025-07-13
FB-00275,"Just wanted to share my feedback: Excessive marketing emails and push notifications sent three times a day despite opting out. Standard service, nothing extraordinary.",Negative,General Feedback,2025-05-30
FB-02421,"In my opinion, Missing essential accessories from the retail box. Missing screws and power adapter. The device overheats within ten minutes of normal usage. Severe fire hazard in my opinion. Will see how it holds up.",Negative,Product Issue,2025-08-20
FB-00866,"Overall impression: Love shopping with this company! Always a delight, high standards, and wonderful overall experience. Will not be buying again.",Positive,General Feedback,2025-03-08
FB-00102,Warning to potential buyers: The replacement unit had the exact same defect as the first one. Terrible manufacturing batches.,Negative,Product Issue,2025-07-10
FB-01502,Reviewing this after one month: Standard quality for the price point. Neither exceptionally good nor noticeably bad. Decent enough for the price.,Neutral,Product Issue,2025-04-20
FB-02319,Water leaks right through the supposed waterproof seam. Ruined my electronics during light rain. Will not be buying again.,Negative,Product Issue,2025-12-14
FB-00172,Warning to potential buyers: Remarkable ergonomics and silent keys. Typing all day has become significantly more comfortable. High quality product that matches the photos and descriptions perfectly. Very pleased. Average overall.,Positive,Product Issue,2025-03-05
FB-00108,Writing this review after recent experience: Unable to remove my expired credit card from the saved billing wallet. Security concern! The promotional discount coupon code was accepted at checkout but the full price was charged anyway. Will not be buying again.,Negative,Payment Issue,2025-03-16
FB-03184,Waited on hold for over 85 minutes only to be transferred to an automated voicemail system. Very satisfied with this purchase.,Negative,Service Issue,2025-06-17
FB-01522,Reviewing this after one month: Best support experience I have ever had. The agent went above and beyond to make things right. One star is too generous for this.,Positive,Service Issue,2025-02-11
FB-00193,Reviewing this after one month: Hardware failure after only two weeks. The buttons no longer register any clicks.,Negative,Product Issue,2025-10-24
FB-01827,Warning to potential buyers: Item feels like a counterfeit knockoff. Materials are noticeably different from authentic retail stores. Average overall.,Negative,Product Issue,2025-11-20
FB-02374,My honest feedback: Session timeout occurs every two minutes while filling out the order details. Infuriating bug. Please fix this issue as soon as possible.,Negative,Technical Issue,2025-06-08
FB-02163,My honest feedback: Item feels like a counterfeit knockoff. Materials are noticeably different from authentic retail stores. Truly five star quality.,Negative,Product Issue,2025-11-13
FB-00042,Shipping timeframe was within the standard five to seven day window indicated on the invoice. Package arrived in standard cardboard packaging with carrier shipping labels attached. Please fix this issue as soon as possible.,Neutral,Delivery Issue,2026-02-07
FB-02933,"Writing this review after recent experience: Physical retail store was messy, disorganized, and understaffed during peak shopping hours.",Negative,General Feedback,2026-01-02
FB-00171,"Great brand loyalty rewards program. Truly values recurring customers with meaningful perks. Love shopping with this company! Always a delight, high standards, and wonderful overall experience. Will see how it holds up.",Positive,General Feedback,2025-07-11
FB-02716,Overall impression: Automated chat system provided links to the relevant knowledge base articles for my query. Will not be buying again.,Neutral,Service Issue,2025-01-30
FB-02819,"Honestly, Representative gave contradictory information compared to what is written in your official refund policy. Support agent was useless and refused to answer simple questions on the phone. Will not be buying again.",Negative,Service Issue,2026-02-21
FB-02769,"Just wanted to share my feedback: Password reset emails are never received, even after checking spam folders multiple times. Very satisfied with this purchase.",Negative,Technical Issue,2025-07-05
FB-01041,Quick update on my order: Delivery took four business days as estimated during checkout. Standard transit time. Tracking updates were logged at each regional distribution center as expected. Hope management addresses this promptly.,Neutral,Delivery Issue,2025-01-19
FB-00296,"My honest feedback: Package was left out in heavy pouring rain without any protective plastic wrap. Standard service, nothing extraordinary.",Negative,Delivery Issue,2025-05-05
FB-00713,Quick update on my order: I was double billed for a single order! Two identical charges appeared on my credit card statement. Unable to remove my expired credit card from the saved billing wallet. Security concern! Will not be buying again.,Negative,Payment Issue,2025-06-07
FB-00073,"In my opinion, Standard quality for the price point. Neither exceptionally good nor noticeably bad. Please fix this issue as soon as possible.",Neutral,Product Issue,2025-12-11
FB-01525,"In my opinion, Driver delivered my order to the wrong street address entirely. Neighbor had to bring it over. Will not be buying again.",Negative,Delivery Issue,2026-01-09
FB-02447,Delivered in less than 24 hours in pristine condition. Super fast and careful logistics! Seamless delivery experience. Box arrived in mint condition with zero dents or creases. Will not be buying again.,Positive,Delivery Issue,2025-07-19
FB-02755,"Honestly, Quick and easy payment processing, very secure and transparent billing statements. Truly five star quality.",Positive,Payment Issue,2025-01-23
FB-03099,"To be completely frank, The application requires iOS 16 or Android 12 minimum version to install. Software update prompt appeared upon launching the application as scheduled. Average overall.",Neutral,Technical Issue,2025-02-05
FB-00482,Customer review: The phone agent hung up on me after keeping me on hold for an hour. Unacceptable behavior. Truly five star quality.,Negative,Service Issue,2026-02-05
FB-02390,"Just wanted to share my feedback: Password requirements require at least eight characters, one uppercase letter, and a number. Standard service, nothing extraordinary.",Neutral,Technical Issue,2025-07-12
FB-01531,"Just wanted to share my feedback: The fabric is luxurious, soft, and fits true to size. The stitching is impeccable. Superb audio fidelity with deep bass and crystal clear treble. Truly noise cancelling! Truly five star quality.",Positive,Product Issue,2026-03-07
FB-02746,Quick update on my order: Bluetooth pairing disconnects constantly after three minutes of connection on modern Android. Will not be buying again.,Negative,Technical Issue,2025-01-24
FB-01873,"Honestly, Product packaging uses far too much non-recyclable plastic and styrofoam. Very eco-unfriendly. Very satisfied with this purchase.",Negative,General Feedback,2025-02-18
FB-01515,"To be completely frank, The product matches the specifications listed. It performs standard functions as described. Average build quality. It is acceptable for occasional household use. Decent enough for the price.",Neutral,Product Issue,2025-04-19
FB-03181,"Overall impression: Courier was polite, arrived within the designated delivery window, and handed the package directly. Seamless delivery experience. Box arrived in mint condition with zero dents or creases. Truly five star quality.",Positive,Delivery Issue,2026-03-15
FB-01763,Here is my experience: Superb audio fidelity with deep bass and crystal clear treble. Truly noise cancelling! Average overall.,Positive,Product Issue,2025-06-13
FB-01491,"To be completely frank, Refused to honor price match policy despite valid proof submitted before the purchase. Please fix this issue as soon as possible.",Negative,Payment Issue,2025-10-31
FB-01172,Quick update on my order: Survey response regarding brand awareness: learned about your products through an online podcast ad. I would suggest adding more color options and sizes to your seasonal catalog in future releases.,Neutral,General Feedback,2025-08-16
FB-02638,"In my opinion, Courier was polite, arrived within the designated delivery window, and handed the package directly. The package arrived two days earlier than expected. Safe packaging with plenty of bubble wrap. Highly recommend!",Positive,Delivery Issue,2025-04-05
FB-02092,Quick update on my order: Crash reporting tool automatically recovered my unsaved workspace data after my computer rebooted. Truly five star quality.,Positive,Technical Issue,2026-01-06
FB-02733,Overall impression: Delivered in less than 24 hours in pristine condition. Super fast and careful logistics! Truly five star quality.,Positive,Delivery Issue,2025-04-11
FB-03126,"To be completely frank, Tracking updates were logged at each regional distribution center as expected. One star is too generous for this.",Neutral,Delivery Issue,2025-05-15
FB-02388,Reviewing this after one month: Product packaging uses far too much non-recyclable plastic and styrofoam. Very eco-unfriendly. Will not be buying again.,Negative,General Feedback,2025-04-13
FB-02476,Warning to potential buyers: Search filter on the store website is completely broken; returning zero results for standard items. Will not be buying again.,Negative,Technical Issue,2025-09-07
FB-00406,Quick update on my order: Delivery driver followed all delivery instructions perfectly and hid the parcel behind the pillar. Seamless delivery experience. Box arrived in mint condition with zero dents or creases. Please fix this issue as soon as possible.,Positive,Delivery Issue,2025-04-02
FB-00758,My honest feedback: High quality product that matches the photos and descriptions perfectly. Very pleased. Truly five star quality.,Positive,Product Issue,2025-05-06
FB-02164,"Honestly, Disappointed to see prices increased across the board while portion and package sizes were reduced. One star is too generous for this.",Negative,General Feedback,2026-02-28
FB-02355,"Honestly, Not as advertised at all. The color shown online was vibrant navy blue, but what arrived is faded grey. Please fix this issue as soon as possible.",Negative,Product Issue,2025-08-21
FB-02118,"In my opinion, The product matches the specifications listed. It performs standard functions as described. Standard service, nothing extraordinary.",Neutral,Product Issue,2025-08-10
FB-00098,"Honestly, Payment issue was resolved promptly and the full refund was credited back to my card without delay. Truly five star quality.",Positive,Payment Issue,2025-09-16
FB-01334,"To be completely frank, Smooth, glitch-free UI with intuitive navigation. Great performance even on older phone models. API documentation is clear and the integration was completely error-free and stable under load. Hope management addresses this promptly.",Positive,Technical Issue,2025-03-20
FB-03090,"To be completely frank, Support agent was useless and refused to answer simple questions on the phone. Hope management addresses this promptly.",Negative,Service Issue,2025-12-08
FB-00744,"In my opinion, The item is functional. Dimensions match the specification sheet provided on the website. Will see how it holds up.",  neutral  ,Product Issue,2025-03-05
FB-00807,My honest feedback: Completely dissatisfied with the build quality. The zipper got stuck immediately and broke off. Will not be buying again.,Negative,Product Issue,2025-08-28
FB-03096,Reviewing this after one month: The package arrived two days earlier than expected. Safe packaging with plenty of bubble wrap. Please fix this issue as soon as possible.,Positive,Delivery Issue,2025-06-09
FB-02128,"Honestly, Defective unit received. It refuses to power on even after charging overnight with the original cable. The hinge feels loose and wobbles whenever opened. Not worth half of what I paid. Will not be buying again.",Negative,Product Issue,2025-06-19
FB-02689,Overall impression: Invoice receipt was sent instantly to my email with clear itemized taxes and discounts. Decent enough for the price.,Positive,Payment Issue,2025-05-12
FB-01536,"In my opinion, The live chat bot is an endless loop that refuses to transfer me to a human representative. Customer support representative was extremely rude, dismissive, and hung up on me mid-sentence.",Negative,Service Issue,2025-05-15
FB-02209,"To be completely frank, Hidden processing fees and unexpected convenience surcharges were added without disclosure at checkout. Will not be buying again.",Negative,Payment Issue,2025-02-13
FB-02272,"Honestly, The screen on this monitor has terrible backlight bleeding and dead pixels right in the center. Item feels like a counterfeit knockoff. Materials are noticeably different from authentic retail stores. Extremely disappointing experience.",Negative,Product Issue,2025-09-18
FB-02742,"To be completely frank, The screen on this monitor has terrible backlight bleeding and dead pixels right in the center. Truly five star quality.",Negative,Product Issue,2025-07-20
FB-00149,Writing this review after recent experience: Support rep claimed they could not locate my account despite providing the exact account ID and email. Waited on hold for over 85 minutes only to be transferred to an automated voicemail system. Average overall.,Negative,Service Issue,2025-04-04
FB-00029,Warning to potential buyers: Completely dissatisfied with the build quality. The zipper got stuck immediately and broke off. The screen on this monitor has terrible backlight bleeding and dead pixels right in the center. Will not be buying again.,Negative,Product Issue,2025-06-30
FB-02213,"My honest feedback: Tracking status says delivered to resident, but security camera footage proves no driver showed up. Truly five star quality.",Negative,Delivery Issue,2026-01-06
FB-02131,"Physical retail store was messy, disorganized, and understaffed during peak shopping hours. Product packaging uses far too much non-recyclable plastic and styrofoam. Very eco-unfriendly. Decent enough for the price.",Negative,General Feedback,2025-07-18
FB-01316,"Package was left out in heavy pouring rain without any protective plastic wrap. The delivery guy was extremely rude, refused to bring the heavy parcel up the elevator. Will not be buying again.",Negative,Delivery Issue,2025-10-04
FB-00693,"Warning to potential buyers: Payment issue was resolved promptly and the full refund was credited back to my card without delay. Standard service, nothing extraordinary.",Positive,Payment Issue,2026-02-26
FB-00819,My honest feedback: The charge reflects the exact amount stated on the order summary page. Average overall.,Neutral,Payment Issue,2025-04-17
FB-01729,Overall impression: Data synchronization executes automatically at 15-minute intervals when connected to Wi-Fi.,Neutral,Technical Issue,2025-03-17
FB-01387,"In my opinion, Support team followed up with a courtesy call the next day to confirm everything was working smoothly. Standard service, nothing extraordinary.",Positive,Service Issue,2025-07-20
FB-01846,Just wanted to share my feedback: Support team followed up with a courtesy call the next day to confirm everything was working smoothly. Truly five star quality.,Positive,Service Issue,2025-07-21
FB-02459,"In my opinion, Love shopping with this company! Always a delight, high standards, and wonderful overall experience. Hope management addresses this promptly.",Positive,General Feedback,2025-03-18
FB-02216,"Here is my experience: The desktop application constantly freezes during data sync, losing all unsaved customer entries. Please fix this issue as soon as possible.",Negative,Technical Issue,2026-01-18
FB-01600,"My honest feedback: Not as advertised at all. The color shown online was vibrant navy blue, but what arrived is faded grey. The headphones produce constant static noise in the left ear cup. Unusable for work calls. Hope management addresses this promptly.",Negative,Product Issue,2025-06-19
FB-02541,Reviewing this after one month: Excellent delivery tracking updates via SMS every step of the transit. Very impressed. Will not be buying again.,Positive,Delivery Issue,2026-02-06
FB-02643,Overall impression: The device overheats within ten minutes of normal usage. Severe fire hazard in my opinion. Average overall.,Negative,Product Issue,2025-09-12
FB-00702,Customer review: Website throws a 500 internal server error whenever I attempt to update my profile information. One star is too generous for this.,Negative,Technical Issue,2025-03-27
FB-01500,Just wanted to share my feedback: Shipping timeframe was within the standard five to seven day window indicated on the invoice. Delivery took four business days as estimated during checkout. Standard transit time. Please fix this issue as soon as possible.,Neutral,Delivery Issue,2025-10-21
FB-02857,"Warning to potential buyers: Delivered in less than 24 hours in pristine condition. Super fast and careful logistics! Courier was polite, arrived within the designated delivery window, and handed the package directly. Will see how it holds up.",Positive,Delivery Issue,2026-02-04
FB-00922,Reviewing this after one month: The loyalty rewards program has been devalued so heavily that accumulated points are virtually worthless. Product packaging uses far too much non-recyclable plastic and styrofoam. Very eco-unfriendly. Will see how it holds up.,Negative,General Feedback,2025-03-13
FB-01425,Quick update on my order: Bluetooth pairing disconnects constantly after three minutes of connection on modern Android. Decent enough for the price.,Negative,Technical Issue,2026-02-16
FB-01709,Writing this review after recent experience: Remarkable ergonomics and silent keys. Typing all day has become significantly more comfortable. Will not be buying again.,Positive,Product Issue,2025-05-26
FB-00906,Reviewing this after one month: Order has been stuck at the local sorting hub for over ten days with no scheduled delivery date. Driver delivered my order to the wrong street address entirely. Neighbor had to bring it over. Will not be buying again.,Negative,Delivery Issue,2026-02-03
FB-00455,My honest feedback: The replacement unit had the exact same defect as the first one. Terrible manufacturing batches. One star is too generous for this.,Negative,Product Issue,2025-04-01
FB-02245,My honest feedback: Software update prompt appeared upon launching the application as scheduled. Decent enough for the price.,Neutral,Technical Issue,2025-09-06
FB-02041,"To be completely frank, The hinge feels loose and wobbles whenever opened. Not worth half of what I paid. Please fix this issue as soon as possible.",Negative,Product Issue,2025-06-22
FB-02260,"To be completely frank, The payment gateway crashed during verification, resulting in pending holds on my debit card. The promotional discount coupon code was accepted at checkout but the full price was charged anyway. Will not be buying again.",Negative,Payment Issue,2025-09-18
FB-02483,"Overall impression: The new website redesign is messy, cluttered, and much harder to navigate than the previous layout. Please fix this issue as soon as possible.",Negative,General Feedback,2025-06-19
FB-00610,"In my opinion, Excessive marketing emails and push notifications sent three times a day despite opting out. Average overall.",Negative,General Feedback,2025-07-30
FB-00168,"In my opinion, Delivery driver followed all delivery instructions perfectly and hid the parcel behind the pillar. Will see how it holds up.",Positive,Delivery Issue,2025-05-25
FB-00731,"In my opinion, The package arrived two days earlier than expected. Safe packaging with plenty of bubble wrap. Hope management addresses this promptly.",Positive,Delivery Issue,2025-01-28
FB-02867,"To be completely frank, Escalated to a supervisor three days ago and still waiting in total silence for an update. Extremely disappointing experience.",Negative,Service Issue,2026-03-13
FB-02915,Here is my experience: Hidden processing fees and unexpected convenience surcharges were added without disclosure at checkout. Average overall.,Negative,Payment Issue,2025-09-14
FB-01623,Here is my experience: Exceeded all my expectations. The battery lasts well over two full days of heavy use. Superb audio fidelity with deep bass and crystal clear treble. Truly noise cancelling! 10/10 would recommend to anyone.,Positive,Product Issue,2025-05-22
FB-00588,Quick update on my order: Superb audio fidelity with deep bass and crystal clear treble. Truly noise cancelling! Hope management addresses this promptly.,Positive,Product Issue,2025-09-18
FB-01402,Just wanted to share my feedback: Remarkable ergonomics and silent keys. Typing all day has become significantly more comfortable. The knife set is razor sharp right out of the box and balances comfortably in hand. 10/10 would recommend to anyone.,Positive,Product Issue,2025-02-19
FB-01701,Quick update on my order: Crash reporting tool automatically recovered my unsaved workspace data after my computer rebooted. Will see how it holds up.,Positive,Technical Issue,2026-01-13
FB-02549,"In my opinion, Delivered in less than 24 hours in pristine condition. Super fast and careful logistics! One star is too generous for this.",Positive,Delivery Issue,2025-05-30
FB-01380,Warning to potential buyers: The knife set is razor sharp right out of the box and balances comfortably in hand. Exceeded all my expectations. The battery lasts well over two full days of heavy use.,Positive,Product Issue,2025-05-25
FB-02331,Just wanted to share my feedback: Received generic copy-paste canned responses that did not even address the issue I described. Waited on hold for over 85 minutes only to be transferred to an automated voicemail system. Truly five star quality.,Negative,Service Issue,2025-08-05
FB-02258,Here is my experience: Refund was processed back to my bank account instantly. Great service and hassle free transaction! Truly five star quality.,Positive,Payment Issue,2025-09-11
FB-00442,Customer review: Customer support agent took quick action and resolved my issue immediately. Great service!,Positive,Service Issue,2026-01-16
FB-02052,"Overall impression: Express next-day shipping fee paid, yet took seven business days to arrive. Terrible courier service. The delivery courier literally threw the box over my gate and crushed the contents inside. Average overall.",Negative,Delivery Issue,2025-05-18
FB-01302,"Writing this review after recent experience: Top tier craftsmanship. Everything feels durable, well-finished, and built to last years. The screen is vibrant and crisp with zero glare. Best display I have ever purchased. Truly five star quality.",Positive,Product Issue,2025-05-15
FB-02731,"Overall impression: Best support experience I have ever had. The agent went above and beyond to make things right. Superb customer service experience, polite and helpful agents. Truly five star quality.",Positive,Service Issue,2025-06-10
FB-01305,Writing this review after recent experience: The stitching on the jacket came undone after the very first gentle wash. Very poor quality control. Hope management addresses this promptly.,Negative,Product Issue,2025-03-15
FB-00237,Overall impression: Survey response regarding brand awareness: learned about your products through an online podcast ad. Decent enough for the price.,Neutral,General Feedback,2025-07-06
FB-00521,"Overall impression: Billing statement displays the company merchant name and invoice reference number. The charge reflects the exact amount stated on the order summary page. Standard service, nothing extraordinary.",Neutral,Payment Issue,2026-03-03
FB-00736,Warning to potential buyers: The package arrived on the scheduled date within the afternoon delivery window. Will see how it holds up.,Neutral,Delivery Issue,2025-09-17
FB-00215,"Overall impression: Physical retail store was messy, disorganized, and understaffed during peak shopping hours. Please fix this issue as soon as possible.",Negative,General Feedback,2025-08-03
FB-00593,Warning to potential buyers: Automated chat system provided links to the relevant knowledge base articles for my query. Decent enough for the price.,Neutral,Service Issue,2025-03-07
FB-01304,Here is my experience: Excellent delivery tracking updates via SMS every step of the transit. Very impressed. One star is too generous for this.,Positive,Delivery Issue,2025-04-19
FB-01388,Warning to potential buyers: I was double billed for a single order! Two identical charges appeared on my credit card statement.,Negative,Payment Issue,2025-04-30
FB-02104,"Reviewing this after one month: Excessive marketing emails and push notifications sent three times a day despite opting out. Physical retail store was messy, disorganized, and understaffed during peak shopping hours. Standard service, nothing extraordinary.",Negative,General Feedback,2025-02-18
FB-02401,"Overall impression: Outstanding build quality! Feels hefty, solid, and premium in hand. Highly recommend this brand. Will see how it holds up.",Positive,Product Issue,2025-09-02
FB-02999,"In my opinion, Superb customer service experience, polite and helpful agents. Decent enough for the price.",Positive,Service Issue,2026-02-24
FB-00905,Writing this review after recent experience: Direct debit was processed twice in one billing cycle. Bank overdraft fees incurred as a result. Average overall.,Negative,Payment Issue,2025-10-09
FB-02899,Quick update on my order: Missing essential accessories from the retail box. Missing screws and power adapter. Very satisfied with this purchase.,Negative,Product Issue,2025-12-11
FB-01280,The product matches the specifications listed. It performs standard functions as described. Average overall.,Neutral,Product Issue,2025-11-26
FB-02583,"Overall impression: Tracking status says delivered to resident, but security camera footage proves no driver showed up. Express next-day shipping fee paid, yet took seven business days to arrive. Terrible courier service. Extremely disappointing experience.",Negative,Delivery Issue,2026-01-29
FB-03092,Writing this review after recent experience: Accidental overcharge was proactively spotted and refunded by billing team before I even asked.,Positive,Payment Issue,2025-11-28
FB-02568,Here is my experience: Escalated to a supervisor three days ago and still waiting in total silence for an update. Average overall.,Negative,Service Issue,2025-08-17
FB-02652,The sole of the running shoe detached during my second jog. Shockingly substandard durability.,Negative,Product Issue,2025-05-07
FB-02562,The package arrived on the scheduled date within the afternoon delivery window. Package arrived in standard cardboard packaging with carrier shipping labels attached. One star is too generous for this.,Neutral,Delivery Issue,2025-06-23
FB-00707,Customer review: The commitment to eco-friendly biodegradable packaging is commendable and deeply appreciated.,Positive,General Feedback,2025-12-07
FB-02841,"In my opinion, Missing essential accessories from the retail box. Missing screws and power adapter. Will not be buying again.",Negative,Product Issue,2025-11-11
FB-00746,"Honestly, Payment issue was resolved promptly and the full refund was credited back to my card without delay. Will not be buying again.",Positive,Payment Issue,2025-11-06
FB-01940,"Warning to potential buyers: The new website redesign is messy, cluttered, and much harder to navigate than the previous layout. Standard service, nothing extraordinary.",Negative,General Feedback,2025-12-29
FB-02124,My honest feedback: Superb audio fidelity with deep bass and crystal clear treble. Truly noise cancelling! Truly five star quality.,Positive,Product Issue,2025-04-06
FB-00514,"Reviewing this after one month: Battery life is terrible, barely lasts 45 minutes on a full charge instead of the advertised 8 hours. Truly five star quality.",Negative,Product Issue,2025-10-21
FB-00082,Just wanted to share my feedback: Package arrived two weeks past the guaranteed delivery date. Tracking was completely frozen. Package was left out in heavy pouring rain without any protective plastic wrap. One star is too generous for this.,Negative,Delivery Issue,2025-05-25
FB-01309,Warning to potential buyers: Package was left out in heavy pouring rain without any protective plastic wrap. Will not be buying again.,Negative,Delivery Issue,2025-11-25
FB-02684,Overall impression: Delivered in less than 24 hours in pristine condition. Super fast and careful logistics! 10/10 would recommend to anyone.,Positive,Delivery Issue,2025-04-18
FB-00915,Here is my experience: Excellent delivery tracking updates via SMS every step of the transit. Very impressed. Decent enough for the price.,Positive,Delivery Issue,2025-03-11
FB-02968,Reviewing this after one month: I was double billed for a single order! Two identical charges appeared on my credit card statement. Extremely disappointing experience.,Negative,Payment Issue,2026-01-01
FB-00775,"My honest feedback: Refused to honor price match policy despite valid proof submitted before the purchase. Unable to remove my expired credit card from the saved billing wallet. Security concern! Standard service, nothing extraordinary.",Negative,Payment Issue,2025-01-19
FB-00330,"Quick update on my order: Password reset emails are never received, even after checking spam folders multiple times. Truly five star quality.",Negative,Technical Issue,2025-02-19
FB-02055,Overall impression: The motor makes an alarming grinding noise when turned on. Immediate return initiated. Item feels like a counterfeit knockoff. Materials are noticeably different from authentic retail stores. Will see how it holds up.,Negative,Product Issue,2025-11-25
FB-02002,Just wanted to share my feedback: The product matches the specifications listed. It performs standard functions as described. It performs the required tasks. The design is utilitarian and does what it is supposed to. Decent enough for the price.,Neutral,Product Issue,2025-11-08
FB-00944,Just wanted to share my feedback: Delivered in less than 24 hours in pristine condition. Super fast and careful logistics! The package arrived two days earlier than expected. Safe packaging with plenty of bubble wrap. Truly five star quality.,Positive,Delivery Issue,2025-10-01
FB-00823,Reviewing this after one month: The device overheats within ten minutes of normal usage. Severe fire hazard in my opinion. Will not be buying again.,Negative,Product Issue,2026-03-11
FB-00910,"Customer review: Express next-day shipping fee paid, yet took seven business days to arrive. Terrible courier service. The shipping driver marked the package as delivered, but nothing was at my door or porch. Will not be buying again.",Negative,Delivery Issue,2025-12-14
FB-00182,Overall impression: Delivered in less than 24 hours in pristine condition. Super fast and careful logistics! 10/10 would recommend to anyone.,Positive,Delivery Issue,2025-07-01
FB-00165,My honest feedback: The courier left the parcel in the designated parcel locker box. Truly five star quality.,Neutral,Delivery Issue,2025-09-28
FB-01524,Warning to potential buyers: The item is functional. Dimensions match the specification sheet provided on the website. Decent enough for the price.,Neutral,Product Issue,2025-07-10
FB-00452,"To be completely frank, Ordered a size Large but it fits like an Extra Small. The sizing chart is completely inaccurate. Extremely disappointing experience.",Negative,Product Issue,2025-05-09
FB-01312,Just wanted to share my feedback: Search filter on the store website is completely broken; returning zero results for standard items. Extremely disappointing experience.,Negative,Technical Issue,2025-12-06
FB-01112,Quick update on my order: Support ticket was logged under reference ID 49201 with an estimated reply time of 24 hours. Will not be buying again.,Neutral,Service Issue,2025-09-21
FB-01288,"To be completely frank, Best support experience I have ever had. The agent went above and beyond to make things right. One star is too generous for this.",Positive,Service Issue,2025-12-13
FB-00328,Customer review: Delivery driver followed all delivery instructions perfectly and hid the parcel behind the pillar. One star is too generous for this.,Positive,Delivery Issue,2025-11-04
FB-01791,Warning to potential buyers: The screen on this monitor has terrible backlight bleeding and dead pixels right in the center. Water leaks right through the supposed waterproof seam. Ruined my electronics during light rain. Will see how it holds up.,Negative,Product Issue,2025-07-31
FB-02856,Just wanted to share my feedback: Tracking updates were logged at each regional distribution center as expected. The package arrived on the scheduled date within the afternoon delivery window. Decent enough for the price.,Neutral,Delivery Issue,2025-04-12
FB-02008,"Support team followed up with a courtesy call the next day to confirm everything was working smoothly. Agent was knowledgeable, empathetic, and replaced my lost item without any hassle or friction. Decent enough for the price.",Positive,Service Issue,2025-03-05
FB-01859,"Reviewing this after one month: Superb customer service experience, polite and helpful agents. Agent was knowledgeable, empathetic, and replaced my lost item without any hassle or friction.",Positive,Service Issue,2025-10-01
FB-00313,"Just wanted to share my feedback: Express next-day shipping fee paid, yet took seven business days to arrive. Terrible courier service. Standard service, nothing extraordinary.",Negative,Delivery Issue,2025-09-25
FB-00833,Here is my experience: Works straight out of the box with zero fuss. Intuitive design and rock solid performance. Please fix this issue as soon as possible.,Positive,Product Issue,2025-05-11
FB-01202,My honest feedback: Average build quality. It is acceptable for occasional household use. Product functions as stated in the user manual. No unexpected features or defects detected. Truly five star quality.,Neutral,Product Issue,2025-08-16
FB-02611,Overall impression: Direct debit was processed twice in one billing cycle. Bank overdraft fees incurred as a result. Extremely disappointing experience.,Negative,Payment Issue,2025-01-21
FB-02707,"Overall impression: The shipping driver marked the package as delivered, but nothing was at my door or porch. Order has been stuck at the local sorting hub for over ten days with no scheduled delivery date. Truly five star quality.",Negative,Delivery Issue,2025-04-10
FB-02502,"Honestly, Standard quality for the price point. Neither exceptionally good nor noticeably bad. The material feels standard. Let us see how durable it proves to be over the next few months. Decent enough for the price.",Neutral,Product Issue,2025-06-25
FB-01482,"My honest feedback: The replacement unit had the exact same defect as the first one. Terrible manufacturing batches. Battery life is terrible, barely lasts 45 minutes on a full charge instead of the advertised 8 hours. Decent enough for the price.",Negative,Product Issue,2025-09-15
FB-00778,"Writing this review after recent experience: Top tier craftsmanship. Everything feels durable, well-finished, and built to last years. 10/10 would recommend to anyone.",Positive,Product Issue,2025-03-16
FB-00800,"Honestly, A pre-authorization hold was placed on the card and settled upon shipment dispatch. Please fix this issue as soon as possible.",Neutral,Payment Issue,2025-04-26
FB-00055,Warning to potential buyers: Best support experience I have ever had. The agent went above and beyond to make things right. One star is too generous for this.,  positive  ,Service Issue,2025-06-07
FB-01921,My honest feedback: The checkout page applied an unauthorized recurring subscription charge without my explicit consent. Extremely disappointing experience.,Negative,Payment Issue,2026-03-04
FB-02780,Quick update on my order: The loyalty rewards program has been devalued so heavily that accumulated points are virtually worthless. Truly five star quality.,Negative,General Feedback,2025-07-07
FB-02324,"The knife set is razor sharp right out of the box and balances comfortably in hand. Outstanding build quality! Feels hefty, solid, and premium in hand. Highly recommend this brand. Will not be buying again.",Positive,Product Issue,2025-09-29
FB-01702,"Honestly, Search filter on the store website is completely broken; returning zero results for standard items. The browser extension consumes 100% CPU and causes Google Chrome to become unresponsive.",Negative,Technical Issue,2026-03-05
FB-03018,"Honestly, Support ticket was logged under reference ID 49201 with an estimated reply time of 24 hours.",Neutral,Service Issue,2025-07-12
FB-00988,I would suggest adding more color options and sizes to your seasonal catalog in future releases.,Neutral,General Feedback,2025-07-23
FB-02322,"Honestly, The device overheats within ten minutes of normal usage. Severe fire hazard in my opinion. Battery life is terrible, barely lasts 45 minutes on a full charge instead of the advertised 8 hours. Will not be buying again.",Negative,Product Issue,2025-02-24
FB-01395,Just wanted to share my feedback: The product matches the specifications listed. It performs standard functions as described. It performs the required tasks. The design is utilitarian and does what it is supposed to. One star is too generous for this.,Neutral,Product Issue,2025-10-28
FB-00769,"Reviewing this after one month: Customer representative Sarah was phenomenal! Patient, attentive, and solved my problem in 5 minutes. Decent enough for the price.",Positive,Service Issue,2025-04-02
FB-02853,"Just wanted to share my feedback: Support ticket was logged under reference ID 49201 with an estimated reply time of 24 hours. Representative confirmed receipt of documents and forwarded them to the review department. Standard service, nothing extraordinary.",Neutral,Service Issue,2025-05-23
FB-00286,Warning to potential buyers: Item feels like a counterfeit knockoff. Materials are noticeably different from authentic retail stores. Please fix this issue as soon as possible.,Negative,Product Issue,2026-01-06
FB-02838,"My honest feedback: The hinge feels loose and wobbles whenever opened. Not worth half of what I paid. Standard service, nothing extraordinary.",Negative,Product Issue,2025-06-18
FB-00429,"Honestly, Delivered in less than 24 hours in pristine condition. Super fast and careful logistics! One star is too generous for this.",Positive,Delivery Issue,2025-01-29
FB-02080,Here is my experience: Superb audio fidelity with deep bass and crystal clear treble. Truly noise cancelling! Decent enough for the price.,Positive,Product Issue,2025-08-08
FB-00723,"Quick update on my order: The new website redesign is messy, cluttered, and much harder to navigate than the previous layout.",Negative,General Feedback,2025-07-17
FB-00952,Just wanted to share my feedback: Hidden processing fees and unexpected convenience surcharges were added without disclosure at checkout. The promotional discount coupon code was accepted at checkout but the full price was charged anyway.,Negative,Payment Issue,2025-05-01
FB-00990,Reviewing this after one month: API documentation is clear and the integration was completely error-free and stable under load. The latest software update fixed all previous bugs. The app is lightning fast and responsive now! Truly five star quality.,Positive,Technical Issue,2025-08-24
FB-03003,"In my opinion, The product matches the specifications listed. It performs standard functions as described. Truly five star quality.",Neutral,Product Issue,2025-09-19
FB-02489,"Writing this review after recent experience: Battery life is terrible, barely lasts 45 minutes on a full charge instead of the advertised 8 hours. The headphones produce constant static noise in the left ear cup. Unusable for work calls. Will not be buying again.",Negative,Product Issue,2025-10-20
FB-00327,"To be completely frank, Excellent delivery tracking updates via SMS every step of the transit. Very impressed. Highly recommend!",Positive,Delivery Issue,2025-07-19
FB-01384,Writing this review after recent experience: Delivery was delayed four separate times with zero explanation or notification from the carrier. Will not be buying again.,Negative,Delivery Issue,2025-04-14
FB-01725,"In my opinion, Waited on the phone for two hours and customer agent gave zero assistance. Truly five star quality.",Negative,Service Issue,2026-03-11
FB-01087,"In my opinion, Received generic copy-paste canned responses that did not even address the issue I described. Waited on hold for over 85 minutes only to be transferred to an automated voicemail system. Standard service, nothing extraordinary.",Negative,Service Issue,2025-10-17
FB-00342,"In my opinion, Physical retail store was messy, disorganized, and understaffed during peak shopping hours. Average overall.",Negative,General Feedback,2025-06-17
FB-00148,Warning to potential buyers: Operating hours for live phone support are Monday through Friday from 9 AM to 6 PM EST. Average overall.,Neutral,Service Issue,2025-03-18
FB-02518,Warning to potential buyers: Payment processed through the standard 3D secure verification window without errors. Will see how it holds up.,Neutral,Payment Issue,2025-01-24
FB-01108,Customer review: Product packaging uses far too much non-recyclable plastic and styrofoam. Very eco-unfriendly. Disappointed to see prices increased across the board while portion and package sizes were reduced. Extremely disappointing experience.,Negative,General Feedback,2026-03-16
FB-00849,Just wanted to share my feedback: Disappointed to see prices increased across the board while portion and package sizes were reduced.,Negative,General Feedback,2025-02-20
FB-00967,"Here is my experience: Express next-day shipping fee paid, yet took seven business days to arrive. Terrible courier service. Tracking status says delivered to resident, but security camera footage proves no driver showed up.",Negative,Delivery Issue,2026-01-11
FB-02651,"Customer review: The desktop application constantly freezes during data sync, losing all unsaved customer entries. Truly five star quality.",Negative,Technical Issue,2025-06-25
FB-00662,"Honestly, Product packaging uses far too much non-recyclable plastic and styrofoam. Very eco-unfriendly. Will see how it holds up.",Negative,General Feedback,2025-05-07
FB-01003,"Honestly, I would suggest adding more color options and sizes to your seasonal catalog in future releases. Product catalog arrived in the mail today. Browsing through the new winter collection options. Will not be buying again.",Neutral,General Feedback,2025-09-01
FB-02520,Here is my experience: The knife set is razor sharp right out of the box and balances comfortably in hand. Very satisfied with this purchase.,Positive,Product Issue,2025-07-28
FB-02708,"The knife set is razor sharp right out of the box and balances comfortably in hand. The fabric is luxurious, soft, and fits true to size. The stitching is impeccable. Will not be buying again.",Positive,Product Issue,2025-05-08
FB-02855,Warning to potential buyers: The checkout page applied an unauthorized recurring subscription charge without my explicit consent. Hidden processing fees and unexpected convenience surcharges were added without disclosure at checkout. Truly five star quality.,Negative,Payment Issue,2025-05-23
FB-01880,"Overall impression: The browser extension consumes 100% CPU and causes Google Chrome to become unresponsive. The desktop application constantly freezes during data sync, losing all unsaved customer entries. Very satisfied with this purchase.",Negative,Technical Issue,2026-01-24
FB-03029,"Overall impression: Customer representative Sarah was phenomenal! Patient, attentive, and solved my problem in 5 minutes. Superb customer service experience, polite and helpful agents. Decent enough for the price.",Positive,Service Issue,2025-10-30
FB-01204,Customer review: Seamless delivery experience. Box arrived in mint condition with zero dents or creases. Will see how it holds up.,Positive,Delivery Issue,2025-05-31
FB-01991,Overall impression: The charge reflects the exact amount stated on the order summary page. Billing statement displays the company merchant name and invoice reference number. Truly five star quality.,Neutral,Payment Issue,2025-03-21
FB-00025,"To be completely frank, Support team followed up with a courtesy call the next day to confirm everything was working smoothly. Will see how it holds up.",Positive,Service Issue,2025-06-23
FB-03022,"My honest feedback: Agent promised a follow-up call back by 3 PM yesterday, but nobody ever bothered to call. Will not be buying again.",Negative,Service Issue,2026-01-05
FB-02186,Here is my experience: Accidental overcharge was proactively spotted and refunded by billing team before I even asked. Refund was processed back to my bank account instantly. Great service and hassle free transaction! Hope management addresses this promptly.,Positive,Payment Issue,2025-03-27
FB-02686,"Quick update on my order: Tracking status says delivered to resident, but security camera footage proves no driver showed up. Hope management addresses this promptly.",Negative,Delivery Issue,2025-10-08
FB-02478,Horrible customer service. Nobody takes accountability and every department blames the other. Escalated to a supervisor three days ago and still waiting in total silence for an update. Truly five star quality.,Negative,Service Issue,2026-02-09
FB-00876,"Reviewing this after one month: Direct debit was processed twice in one billing cycle. Bank overdraft fees incurred as a result. The promotional discount coupon code was accepted at checkout but the full price was charged anyway. Standard service, nothing extraordinary.",Negative,Payment Issue,2025-10-10
FB-02897,The item is functional. Dimensions match the specification sheet provided on the website. Decent enough for the price.,Neutral,Product Issue,2025-11-01
FB-00939,Delivered in less than 24 hours in pristine condition. Super fast and careful logistics! Please fix this issue as soon as possible.,Positive,Delivery Issue,2025-04-18
FB-02697,Reviewing this after one month: Carrier mishandled the parcel. The fragile sticker was completely ignored and items were shattered. Will not be buying again.,Negative,Delivery Issue,2025-04-13
FB-03194,My honest feedback: Package arrived two weeks past the guaranteed delivery date. Tracking was completely frozen. Delivery was delayed four separate times with zero explanation or notification from the carrier. Will see how it holds up.,Negative,Delivery Issue,2026-01-12
FB-00386,Reviewing this after one month: Waited on hold for over 85 minutes only to be transferred to an automated voicemail system. Horrible customer service. Nobody takes accountability and every department blames the other. One star is too generous for this.,Negative,Service Issue,2025-04-30
FB-02472,Here is my experience: Support rep claimed they could not locate my account despite providing the exact account ID and email. One star is too generous for this.,Negative,Service Issue,2025-06-22
FB-02698,"Overall impression: Payment issue was resolved promptly and the full refund was credited back to my card without delay. Standard service, nothing extraordinary.",Positive,Payment Issue,2025-03-01
FB-02368,My honest feedback: Carrier mishandled the parcel. The fragile sticker was completely ignored and items were shattered. Will not be buying again.,Negative,Delivery Issue,2026-01-07
FB-02252,"Here is my experience: The shipping driver marked the package as delivered, but nothing was at my door or porch.",Negative,Delivery Issue,2025-04-18
FB-00937,"In my opinion, The checkout page applied an unauthorized recurring subscription charge without my explicit consent. I was double billed for a single order! Two identical charges appeared on my credit card statement.",Negative,Payment Issue,2025-01-19
FB-03088,"The fabric is luxurious, soft, and fits true to size. The stitching is impeccable. The knife set is razor sharp right out of the box and balances comfortably in hand. Highly recommend!",Positive,Product Issue,2025-12-28
FB-03142,"Honestly, My payment went through and funds were deducted from my bank, but the website shows order failed. The checkout page applied an unauthorized recurring subscription charge without my explicit consent. Please fix this issue as soon as possible.",Negative,Payment Issue,2026-01-07
FB-01333,Just wanted to share my feedback: The latest software update fixed all previous bugs. The app is lightning fast and responsive now! Highly recommend!,Positive,Technical Issue,2026-02-09
FB-01935,"In my opinion, Courier was polite, arrived within the designated delivery window, and handed the package directly. Seamless delivery experience. Box arrived in mint condition with zero dents or creases. Decent enough for the price.",Positive,Delivery Issue,2025-04-04
FB-00936,"Here is my experience: The desktop application constantly freezes during data sync, losing all unsaved customer entries. One star is too generous for this.",Negative,Technical Issue,2025-12-11
FB-00567,"To be completely frank, Refused to honor price match policy despite valid proof submitted before the purchase. Average overall.",Negative,Payment Issue,2025-09-30
FB-01855,Customer review: Operating hours for live phone support are Monday through Friday from 9 AM to 6 PM EST. Decent enough for the price.,Neutral,Service Issue,2025-07-21
FB-02610,Warning to potential buyers: Hardware failure after only two weeks. The buttons no longer register any clicks. The motor makes an alarming grinding noise when turned on. Immediate return initiated. Truly five star quality.,Negative,Product Issue,2025-01-20
FB-01646,"Just wanted to share my feedback: The browser extension consumes 100% CPU and causes Google Chrome to become unresponsive. The desktop application constantly freezes during data sync, losing all unsaved customer entries. Will not be buying again.",Negative,Technical Issue,2025-05-20
FB-02285,Reviewing this after one month: The item arrived broken and feels extremely cheap. The plastic cracked within two hours of use. One star is too generous for this.,Negative,Product Issue,2025-04-20
FB-01793,"In my opinion, The hinge feels loose and wobbles whenever opened. Not worth half of what I paid. The motor makes an alarming grinding noise when turned on. Immediate return initiated. Standard service, nothing extraordinary.",Negative,Product Issue,2025-05-04
FB-01431,Here is my experience: Carrier mishandled the parcel. The fragile sticker was completely ignored and items were shattered. Delivery was delayed four separate times with zero explanation or notification from the carrier. Very satisfied with this purchase.,Negative,Delivery Issue,2025-07-02
FB-02500,Just wanted to share my feedback: Website throws a 500 internal server error whenever I attempt to update my profile information. Average overall.,Negative,Technical Issue,2025-05-27
FB-01014,Warning to potential buyers: Completely dissatisfied with the build quality. The zipper got stuck immediately and broke off. Will not be buying again.,Negative,Product Issue,2025-09-11
FB-01929,"In my opinion, The delivery courier literally threw the box over my gate and crushed the contents inside. Average overall.",Negative,Delivery Issue,2025-02-23
FB-02425,"Honestly, Express next-day shipping fee paid, yet took seven business days to arrive. Terrible courier service. Decent enough for the price.",Negative,Delivery Issue,2025-04-12
FB-00127,"In my opinion, The product matches the specifications listed. It performs standard functions as described. Standard service, nothing extraordinary.",Neutral,Product Issue,2025-11-03
FB-02257,"Warning to potential buyers: Agent promised a follow-up call back by 3 PM yesterday, but nobody ever bothered to call. Truly five star quality.",Negative,Service Issue,2025-06-11
FB-01348,"Quick update on my order: The delivery guy was extremely rude, refused to bring the heavy parcel up the elevator. Average overall.",Negative,Delivery Issue,2025-03-06
FB-00356,Warning to potential buyers: Delivered in less than 24 hours in pristine condition. Super fast and careful logistics! Will not be buying again.,Positive,Delivery Issue,2025-06-19
FB-00828,"Here is my experience: Tracking status says delivered to resident, but security camera footage proves no driver showed up. Very satisfied with this purchase.",Negative,Delivery Issue,2025-04-04
FB-01640,"Writing this review after recent experience: Bluetooth pairing disconnects constantly after three minutes of connection on modern Android. Password reset emails are never received, even after checking spam folders multiple times. Will not be buying again.",Negative,Technical Issue,2025-09-04
FB-00985,Writing this review after recent experience: Product catalog arrived in the mail today. Browsing through the new winter collection options. Will not be buying again.,Neutral,General Feedback,2025-08-22
FB-02189,"Quick update on my order: Top tier craftsmanship. Everything feels durable, well-finished, and built to last years.",Positive,Product Issue,2025-04-19
FB-00363,Writing this review after recent experience: Support agent was useless and refused to answer simple questions on the phone. Will not be buying again.,Negative,Service Issue,2025-10-11
FB-00346,Here is my experience: Exceeded all my expectations. The battery lasts well over two full days of heavy use. High quality product that matches the photos and descriptions perfectly. Very pleased. One star is too generous for this.,Positive,Product Issue,2026-03-12
FB-02291,"Quick update on my order: Top tier craftsmanship. Everything feels durable, well-finished, and built to last years. Hope management addresses this promptly.",Positive,Product Issue,2026-01-09
FB-02846,Quick update on my order: I was double billed for a single order! Two identical charges appeared on my credit card statement. Hope management addresses this promptly.,Negative,Payment Issue,2025-12-25
FB-00712,Writing this review after recent experience: Shipping timeframe was within the standard five to seven day window indicated on the invoice. Tracking updates were logged at each regional distribution center as expected. Please fix this issue as soon as possible.,Neutral,Delivery Issue,2025-12-11
FB-02223,Just wanted to share my feedback: Excellent delivery tracking updates via SMS every step of the transit. Very impressed. Highly recommend!,Positive,Delivery Issue,2025-10-04
FB-00011,"In my opinion, Missing essential accessories from the retail box. Missing screws and power adapter. Truly five star quality.",Negative,Product Issue,2025-06-08
FB-02961,"Honestly, Driver delivered my order to the wrong street address entirely. Neighbor had to bring it over. Please fix this issue as soon as possible.",Negative,Delivery Issue,2025-06-18
FB-02117,"Outstanding build quality! Feels hefty, solid, and premium in hand. Highly recommend this brand. Will see how it holds up.",Positive,Product Issue,2025-09-04
FB-01835,"The fabric is luxurious, soft, and fits true to size. The stitching is impeccable. Remarkable ergonomics and silent keys. Typing all day has become significantly more comfortable. 10/10 would recommend to anyone.",Positive,Product Issue,2025-08-19
FB-00794,"My honest feedback: Physical retail store was messy, disorganized, and understaffed during peak shopping hours. The new website redesign is messy, cluttered, and much harder to navigate than the previous layout. Please fix this issue as soon as possible.",Negative,General Feedback,2026-03-12
FB-02973,"Honestly, The fabric is luxurious, soft, and fits true to size. The stitching is impeccable. Will not be buying again.",Positive,Product Issue,2025-10-20
FB-00095,"Reviewing this after one month: Product packaging uses far too much non-recyclable plastic and styrofoam. Very eco-unfriendly. Excessive marketing emails and push notifications sent three times a day despite opting out. Standard service, nothing extraordinary.",Negative,General Feedback,2025-05-03
FB-00130,"My honest feedback: The shipping driver marked the package as delivered, but nothing was at my door or porch. Express next-day shipping fee paid, yet took seven business days to arrive. Terrible courier service. Average overall.",Negative,Delivery Issue,2025-08-27
FB-02414,Escalated to a supervisor three days ago and still waiting in total silence for an update. The live chat bot is an endless loop that refuses to transfer me to a human representative. Very satisfied with this purchase.,Negative,Service Issue,2025-11-23
FB-03121,"In my opinion, Representative gave contradictory information compared to what is written in your official refund policy. Will not be buying again.",Negative,Service Issue,2026-02-12
FB-01901,"Honestly, The blender blades became dull after blending soft fruits twice. Terrible motor vibration. Will not be buying again.",Negative,Product Issue,2026-03-17
FB-02576,"Just wanted to share my feedback: The refund was promised within 3 to 5 business days, but four weeks have passed with no money returned.",  negative  ,Payment Issue,2025-04-26
FB-01933,"In my opinion, The payment gateway crashed during verification, resulting in pending holds on my debit card.",Negative,Payment Issue,2025-05-08
FB-02315,"Honestly, The delivery guy was extremely rude, refused to bring the heavy parcel up the elevator. Truly five star quality.",Negative,Delivery Issue,2025-03-15
FB-01866,Writing this review after recent experience: Single sign-on worked effortlessly and synchronized all my cross-platform cloud data in seconds. Average overall.,Positive,Technical Issue,2025-09-10
FB-01659,Warning to potential buyers: Order has been stuck at the local sorting hub for over ten days with no scheduled delivery date. Decent enough for the price.,Negative,Delivery Issue,2026-03-14
FB-00517,"Reviewing this after one month: Smooth, glitch-free UI with intuitive navigation. Great performance even on older phone models. The latest software update fixed all previous bugs. The app is lightning fast and responsive now! Average overall.",Positive,Technical Issue,2025-04-27
FB-01858,Support team followed up with a courtesy call the next day to confirm everything was working smoothly. 10/10 would recommend to anyone.,Positive,Service Issue,2026-01-30
FB-01278,Customer review: Carrier mishandled the parcel. The fragile sticker was completely ignored and items were shattered. Please fix this issue as soon as possible.,Negative,Delivery Issue,2025-03-31
FB-00951,"Reviewing this after one month: Customer support representative was extremely rude, dismissive, and hung up on me mid-sentence. Standard service, nothing extraordinary.",Negative,Service Issue,2025-02-14
FB-01121,"To be completely frank, Delivered in less than 24 hours in pristine condition. Super fast and careful logistics! Please fix this issue as soon as possible.",Positive,Delivery Issue,2026-01-19
FB-02205,"Honestly, The replacement unit had the exact same defect as the first one. Terrible manufacturing batches. Please fix this issue as soon as possible.",Negative,Product Issue,2026-01-13
FB-00420,Just wanted to share my feedback: The checkout page applied an unauthorized recurring subscription charge without my explicit consent. Will not be buying again.,Negative,Payment Issue,2025-07-14
FB-00923,"To be completely frank, Customer support agent took quick action and resolved my issue immediately. Great service! Please fix this issue as soon as possible.",Positive,Service Issue,2026-02-22
FB-02371,Escalated to a supervisor three days ago and still waiting in total silence for an update. Received generic copy-paste canned responses that did not even address the issue I described. Will not be buying again.,Negative,Service Issue,2025-12-27
FB-00478,It performs the required tasks. The design is utilitarian and does what it is supposed to. Average build quality. It is acceptable for occasional household use. Hope management addresses this promptly.,Neutral,Product Issue,2025-06-16
FB-02036,Customer review: The courier left the parcel in the designated parcel locker box. Average overall.,Neutral,Delivery Issue,2026-01-30
FB-02348,"Customer support representative was extremely rude, dismissive, and hung up on me mid-sentence. Extremely disappointing experience.",Negative,Service Issue,2026-01-10
FB-01693,"In my opinion, The delivery guy was extremely rude, refused to bring the heavy parcel up the elevator. Will see how it holds up.",Negative,Delivery Issue,2025-09-01
FB-02384,"Warning to potential buyers: My payment went through and funds were deducted from my bank, but the website shows order failed. The checkout page applied an unauthorized recurring subscription charge without my explicit consent. Will not be buying again.",Negative,Payment Issue,2025-05-18
FB-01472,"Just wanted to share my feedback: My payment went through and funds were deducted from my bank, but the website shows order failed. The payment gateway crashed during verification, resulting in pending holds on my debit card. Please fix this issue as soon as possible.",Negative,Payment Issue,2025-03-08
FB-01203,"My honest feedback: Love shopping with this company! Always a delight, high standards, and wonderful overall experience. Average overall.",Positive,General Feedback,2025-07-04
FB-01670,Order has been stuck at the local sorting hub for over ten days with no scheduled delivery date. Will see how it holds up.,Negative,Delivery Issue,2026-01-09
FB-02984,"In my opinion, Payment processed through the standard 3D secure verification window without errors. Decent enough for the price.",Neutral,Payment Issue,2025-12-08
FB-01971,"Quick update on my order: Password reset emails are never received, even after checking spam folders multiple times. Bluetooth pairing disconnects constantly after three minutes of connection on modern Android. Will see how it holds up.",Negative,Technical Issue,2025-04-24
FB-02152,Quick update on my order: Single sign-on worked effortlessly and synchronized all my cross-platform cloud data in seconds. Average overall.,Positive,Technical Issue,2025-08-01
FB-00821,"Customer review: Product packaging uses far too much non-recyclable plastic and styrofoam. Very eco-unfriendly. The loyalty rewards program has been devalued so heavily that accumulated points are virtually worthless. Standard service, nothing extraordinary.",Negative,General Feedback,2025-05-19
FB-01998,"Honestly, Support agent was useless and refused to answer simple questions on the phone. Please fix this issue as soon as possible.",Negative,Service Issue,2025-07-24
FB-03081,Writing this review after recent experience: The stitching on the jacket came undone after the very first gentle wash. Very poor quality control. Missing essential accessories from the retail box. Missing screws and power adapter. Will see how it holds up.,Negative,Product Issue,2025-07-29
FB-01249,"Honestly, Seamless delivery experience. Box arrived in mint condition with zero dents or creases. Decent enough for the price.",Positive,Delivery Issue,2025-09-12
FB-02367,"To be completely frank, The motor makes an alarming grinding noise when turned on. Immediate return initiated. Standard service, nothing extraordinary.",Negative,Product Issue,2025-09-08
FB-02861,Here is my experience: The blender blades became dull after blending soft fruits twice. Terrible motor vibration. Please fix this issue as soon as possible.,Negative,Product Issue,2025-05-06
FB-02191,Just wanted to share my feedback: The charge reflects the exact amount stated on the order summary page. Will not be buying again.,Neutral,Payment Issue,2025-04-09
FB-02810,Infinite loading spinner when trying to download the digital purchase files or license keys. The mobile app crashes every single time I tap the checkout or view cart button. Truly five star quality.,Negative,Technical Issue,2025-04-09
FB-01047,Hardware failure after only two weeks. The buttons no longer register any clicks. Defective unit received. It refuses to power on even after charging overnight with the original cable. One star is too generous for this.,Negative,Product Issue,2025-04-17
FB-01889,Warning to potential buyers: The stitching on the jacket came undone after the very first gentle wash. Very poor quality control. Will see how it holds up.,Negative,Product Issue,2025-01-25
FB-00616,Waited on hold for over 85 minutes only to be transferred to an automated voicemail system. Average overall.,Negative,Service Issue,2025-04-10
FB-01319,My honest feedback: Search filter on the store website is completely broken; returning zero results for standard items. Please fix this issue as soon as possible.,Negative,Technical Issue,2025-12-07
FB-03098,Overall impression: The screen is vibrant and crisp with zero glare. Best display I have ever purchased. Please fix this issue as soon as possible.,Positive,Product Issue,2025-01-30
FB-02137,"Honestly, High quality product that matches the photos and descriptions perfectly. Very pleased. Remarkable ergonomics and silent keys. Typing all day has become significantly more comfortable. Standard service, nothing extraordinary.",Positive,Product Issue,2025-11-15
FB-02646,Writing this review after recent experience: Latest app update completely broke the biometric face ID login functionality on iOS.,Negative,Technical Issue,2025-12-11
FB-01773,Customer review: Remarkable ergonomics and silent keys. Typing all day has become significantly more comfortable. Truly five star quality.,Positive,Product Issue,2026-01-28
FB-00230,"To be completely frank, Infinite loading spinner when trying to download the digital purchase files or license keys. Latest app update completely broke the biometric face ID login functionality on iOS. Hope management addresses this promptly.",Negative,Technical Issue,2025-09-27
FB-00132,Quick update on my order: Package arrived two weeks past the guaranteed delivery date. Tracking was completely frozen. Decent enough for the price.,Negative,Delivery Issue,2025-08-21
FB-00078,"To be completely frank, Bluetooth pairing disconnects constantly after three minutes of connection on modern Android. Truly five star quality.",Negative,Technical Issue,2025-07-20
FB-02053,Quick update on my order: The promotional discount coupon code was accepted at checkout but the full price was charged anyway. Truly five star quality.,Negative,Payment Issue,2025-05-12
FB-00725,"To be completely frank, The commitment to eco-friendly biodegradable packaging is commendable and deeply appreciated.",Positive,General Feedback,2025-06-24
FB-01315,My honest feedback: Single sign-on worked effortlessly and synchronized all my cross-platform cloud data in seconds. Crash reporting tool automatically recovered my unsaved workspace data after my computer rebooted. Hope management addresses this promptly.,Positive,Technical Issue,2025-11-21
FB-01852,Warning to potential buyers: Ordered a size Large but it fits like an Extra Small. The sizing chart is completely inaccurate. The device overheats within ten minutes of normal usage. Severe fire hazard in my opinion. Will not be buying again.,Negative,Product Issue,2025-09-13
FB-02474,"To be completely frank, Agent promised a follow-up call back by 3 PM yesterday, but nobody ever bothered to call. Received generic copy-paste canned responses that did not even address the issue I described. Will not be buying again.",Negative,Service Issue,2025-03-10
FB-02675,Warning to potential buyers: Seamless delivery experience. Box arrived in mint condition with zero dents or creases.,Positive,Delivery Issue,2025-06-21
FB-01373,Quick update on my order: Immediate response on live chat within 30 seconds. Handled my inquiry with total professionalism. Average overall.,Positive,Service Issue,2025-09-06
FB-01856,Bluetooth pairing disconnects constantly after three minutes of connection on modern Android. Will not be buying again.,Negative,Technical Issue,2026-03-06
FB-01320,Customer review: The promotional discount coupon code was accepted at checkout but the full price was charged anyway. The checkout page applied an unauthorized recurring subscription charge without my explicit consent. Will not be buying again.,Negative,Payment Issue,2025-01-22
FB-03087,"Writing this review after recent experience: The loyalty rewards program has been devalued so heavily that accumulated points are virtually worthless. Physical retail store was messy, disorganized, and understaffed during peak shopping hours.",Negative,General Feedback,2025-10-17
FB-02341,"Quick update on my order: Best support experience I have ever had. The agent went above and beyond to make things right. Superb customer service experience, polite and helpful agents.",Positive,Service Issue,2025-11-12
FB-00376,"In my opinion, The fabric is luxurious, soft, and fits true to size. The stitching is impeccable. High quality product that matches the photos and descriptions perfectly. Very pleased. One star is too generous for this.",Positive,Product Issue,2025-10-02
FB-01909,"Customer support representative was extremely rude, dismissive, and hung up on me mid-sentence. Representative gave contradictory information compared to what is written in your official refund policy. Will not be buying again.",Negative,Service Issue,2025-05-13
FB-00334,Warning to potential buyers: Support team followed up with a courtesy call the next day to confirm everything was working smoothly. Will not be buying again.,Positive,Service Issue,2025-06-05
FB-02429,Overall impression: Hidden processing fees and unexpected convenience surcharges were added without disclosure at checkout. Unable to remove my expired credit card from the saved billing wallet. Security concern! One star is too generous for this.,Negative,Payment Issue,2025-08-11
FB-02741,Just wanted to share my feedback: The loyalty rewards program has been devalued so heavily that accumulated points are virtually worthless. Extremely disappointing experience.,Negative,General Feedback,2025-01-23
FB-01605,Just wanted to share my feedback: Order has been stuck at the local sorting hub for over ten days with no scheduled delivery date. Carrier mishandled the parcel. The fragile sticker was completely ignored and items were shattered. Extremely disappointing experience.,Negative,Delivery Issue,2025-10-11
FB-01119,Quick update on my order: It would be helpful to have a physical store location opened in the downtown metropolitan area. I would suggest adding more color options and sizes to your seasonal catalog in future releases. Average overall.,Neutral,General Feedback,2025-05-11
FB-03040,"Honestly, Delivered in less than 24 hours in pristine condition. Super fast and careful logistics! Courier was polite, arrived within the designated delivery window, and handed the package directly. Highly recommend!",Positive,Delivery Issue,2025-03-12
FB-01944,Reviewing this after one month: API documentation is clear and the integration was completely error-free and stable under load. One star is too generous for this.,Positive,Technical Issue,2026-02-28
FB-02439,"To be completely frank, The new user interface layout is modern, clean, visually appealing, and very easy on the eyes. Will see how it holds up.",Positive,General Feedback,2025-09-27
FB-02713,"In my opinion, Customer representative Sarah was phenomenal! Patient, attentive, and solved my problem in 5 minutes. Customer support agent took quick action and resolved my issue immediately. Great service! Truly five star quality.",Positive,Service Issue,2025-05-04
FB-01343,My honest feedback: The delivery courier literally threw the box over my gate and crushed the contents inside. Average overall.,Negative,Delivery Issue,2025-05-05
FB-00321,"To be completely frank, Password requirements require at least eight characters, one uppercase letter, and a number.",Neutral,Technical Issue,2025-08-29
FB-01620,"Just wanted to share my feedback: My payment went through and funds were deducted from my bank, but the website shows order failed. Will see how it holds up.",Negative,Payment Issue,2025-05-16
FB-02631,Quick update on my order: A pre-authorization hold was placed on the card and settled upon shipment dispatch. Decent enough for the price.,Neutral,Payment Issue,2025-03-18
FB-02061,"Here is my experience: The invoice shows standard itemized sales tax and shipping calculation. The charge reflects the exact amount stated on the order summary page. Standard service, nothing extraordinary.",Neutral,Payment Issue,2025-02-07
FB-02220,Warning to potential buyers: Search filter on the store website is completely broken; returning zero results for standard items. Will not be buying again.,Negative,Technical Issue,2025-10-31
FB-01674,"Honestly, The browser extension consumes 100% CPU and causes Google Chrome to become unresponsive. Will see how it holds up.",Negative,Technical Issue,2025-10-17
FB-01943,Customer review: Water leaks right through the supposed waterproof seam. Ruined my electronics during light rain. Decent enough for the price.,Negative,Product Issue,2025-01-21
FB-00261,"To be completely frank, The screen is vibrant and crisp with zero glare. Best display I have ever purchased. High quality product that matches the photos and descriptions perfectly. Very pleased. Truly five star quality.",Positive,Product Issue,2025-08-05
FB-03063,My honest feedback: Delivered in less than 24 hours in pristine condition. Super fast and careful logistics! Please fix this issue as soon as possible.,Positive,Delivery Issue,2026-01-17
FB-02040,Writing this review after recent experience: It performs the required tasks. The design is utilitarian and does what it is supposed to. Basic entry-level unit. It comes with standard plastic casing and standard power cords. One star is too generous for this.,Neutral,Product Issue,2026-03-12
FB-00690,Quick update on my order: Remarkable ergonomics and silent keys. Typing all day has become significantly more comfortable. Average overall.,Positive,Product Issue,2025-08-18
FB-00902,"In my opinion, Support team followed up with a courtesy call the next day to confirm everything was working smoothly. Customer representative Sarah was phenomenal! Patient, attentive, and solved my problem in 5 minutes. Standard service, nothing extraordinary.",Positive,Service Issue,2025-05-19
FB-02027,"Overall impression: Password requirements require at least eight characters, one uppercase letter, and a number. Software update prompt appeared upon launching the application as scheduled. Decent enough for the price.",Neutral,Technical Issue,2025-11-25
FB-00139,Just wanted to share my feedback: Automated chat system provided links to the relevant knowledge base articles for my query. Decent enough for the price.,Neutral,Service Issue,2025-02-10
FB-01918,"Reviewing this after one month: Top tier craftsmanship. Everything feels durable, well-finished, and built to last years. The screen is vibrant and crisp with zero glare. Best display I have ever purchased. Truly five star quality.",Positive,Product Issue,2025-05-13
FB-01829,"Overall impression: The new website redesign is messy, cluttered, and much harder to navigate than the previous layout.",Negative,General Feedback,2025-12-28
FB-01574,Quick update on my order: Driver delivered my order to the wrong street address entirely. Neighbor had to bring it over. One star is too generous for this.,Negative,Delivery Issue,2025-05-19
FB-00320,Writing this review after recent experience: Delivered in less than 24 hours in pristine condition. Super fast and careful logistics! Very satisfied with this purchase.,Positive,Delivery Issue,2025-03-07
FB-00654,"Just wanted to share my feedback: The delivery guy was extremely rude, refused to bring the heavy parcel up the elevator. Package was left out in heavy pouring rain without any protective plastic wrap. Extremely disappointing experience.",Negative,Delivery Issue,2025-01-24
FB-02138,Single sign-on worked effortlessly and synchronized all my cross-platform cloud data in seconds. API documentation is clear and the integration was completely error-free and stable under load. Will not be buying again.,Positive,Technical Issue,2025-04-04
FB-02501,Quick update on my order: The application requires iOS 16 or Android 12 minimum version to install. Hope management addresses this promptly.,Neutral,Technical Issue,2025-02-04
FB-00559,"Here is my experience: Not as advertised at all. The color shown online was vibrant navy blue, but what arrived is faded grey. Please fix this issue as soon as possible.",Negative,Product Issue,2025-10-27
FB-02188,Quick update on my order: Tracking updates were logged at each regional distribution center as expected. Average overall.,Neutral,Delivery Issue,2025-10-25
FB-00113,Customer review: Waited on the phone for two hours and customer agent gave zero assistance. The live chat bot is an endless loop that refuses to transfer me to a human representative. Decent enough for the price.,Negative,Service Issue,2025-08-07
FB-00532,Quick update on my order: Support agent was useless and refused to answer simple questions on the phone.,Negative,Service Issue,2025-09-03
FB-00225,Just wanted to share my feedback: The latest software update fixed all previous bugs. The app is lightning fast and responsive now! Will see how it holds up.,Positive,Technical Issue,2025-11-11
FB-00724,"Customer review: Courier was polite, arrived within the designated delivery window, and handed the package directly. Highly recommend!",Positive,Delivery Issue,2025-02-22
FB-02612,Quick update on my order: It performs the required tasks. The design is utilitarian and does what it is supposed to. Decent enough for the price.,Neutral,Product Issue,2025-06-15
FB-02764,Warning to potential buyers: The sole of the running shoe detached during my second jog. Shockingly substandard durability. Very satisfied with this purchase.,Negative,Product Issue,2025-07-01
FB-01434,"Just wanted to share my feedback: Smooth, glitch-free UI with intuitive navigation. Great performance even on older phone models. Single sign-on worked effortlessly and synchronized all my cross-platform cloud data in seconds. Decent enough for the price.",Positive,Technical Issue,2026-02-06
FB-02508,Overall impression: Single sign-on worked effortlessly and synchronized all my cross-platform cloud data in seconds. Average overall.,Positive,Technical Issue,2025-05-25
FB-02578,"In my opinion, Crash reporting tool automatically recovered my unsaved workspace data after my computer rebooted. Hope management addresses this promptly.",Positive,Technical Issue,2025-06-27
FB-01459,My honest feedback: Automated chat system provided links to the relevant knowledge base articles for my query. Representative confirmed receipt of documents and forwarded them to the review department. Hope management addresses this promptly.,Neutral,Service Issue,2026-03-19
FB-02904,Warning to potential buyers: The product matches the specifications listed. It performs standard functions as described. One star is too generous for this.,Neutral,Product Issue,2025-10-05
FB-00847,"Honestly, Password requirements require at least eight characters, one uppercase letter, and a number. Will not be buying again.",Neutral,Technical Issue,2026-01-21
FB-00194,"To be completely frank, Search filter on the store website is completely broken; returning zero results for standard items. Average overall.",Negative,Technical Issue,2025-07-17
FB-01465,Quick update on my order: Excellent delivery tracking updates via SMS every step of the transit. Very impressed. One star is too generous for this.,Positive,Delivery Issue,2025-11-03
FB-00947,"Honestly, Missing essential accessories from the retail box. Missing screws and power adapter. The screen on this monitor has terrible backlight bleeding and dead pixels right in the center. Please fix this issue as soon as possible.",Negative,Product Issue,2025-03-13
FB-02022,"To be completely frank, The package arrived on the scheduled date within the afternoon delivery window. Decent enough for the price.",Neutral,Delivery Issue,2026-02-25
FB-01630,Reviewing this after one month: Received generic copy-paste canned responses that did not even address the issue I described. The live chat bot is an endless loop that refuses to transfer me to a human representative. One star is too generous for this.,Negative,Service Issue,2025-09-13
FB-00118,Driver delivered my order to the wrong street address entirely. Neighbor had to bring it over. Order has been stuck at the local sorting hub for over ten days with no scheduled delivery date. Please fix this issue as soon as possible.,Negative,Delivery Issue,2025-03-07
FB-00646,"Writing this review after recent experience: Customer support representative was extremely rude, dismissive, and hung up on me mid-sentence. The phone agent hung up on me after keeping me on hold for an hour. Unacceptable behavior. Will not be buying again.",Negative,Service Issue,2025-06-30
FB-01871,"Just wanted to share my feedback: The shipping driver marked the package as delivered, but nothing was at my door or porch. Order has been stuck at the local sorting hub for over ten days with no scheduled delivery date. Will not be buying again.",Negative,Delivery Issue,2025-06-18
FB-00004,"To be completely frank, The charge reflects the exact amount stated on the order summary page. Truly five star quality.",Neutral,Payment Issue,2025-08-16
FB-00075,Quick update on my order: Received generic copy-paste canned responses that did not even address the issue I described. Support agent was useless and refused to answer simple questions on the phone. Decent enough for the price.,Negative,Service Issue,2026-02-23
FB-01756,Quick update on my order: Accidental overcharge was proactively spotted and refunded by billing team before I even asked. The billing department resolved my refund request within a few hours. Money back in my account! Decent enough for the price.,Positive,Payment Issue,2026-01-22
FB-00468,My honest feedback: The latest software update fixed all previous bugs. The app is lightning fast and responsive now! Crash reporting tool automatically recovered my unsaved workspace data after my computer rebooted. Very satisfied with this purchase.,Positive,Technical Issue,2026-02-16
FB-00006,Just wanted to share my feedback: The web portal uses standard HTTPS authentication and session cookie validation. Will not be buying again.,Neutral,Technical Issue,2025-06-11
FB-01247,Quick update on my order: Bluetooth pairing disconnects constantly after three minutes of connection on modern Android. Website throws a 500 internal server error whenever I attempt to update my profile information.,Negative,Technical Issue,2025-01-27
FB-00920,Warning to potential buyers: The motor makes an alarming grinding noise when turned on. Immediate return initiated. Completely dissatisfied with the build quality. The zipper got stuck immediately and broke off. Very satisfied with this purchase.,Negative,Product Issue,2025-02-15
FB-00229,"In my opinion, Waited on the phone for two hours and customer agent gave zero assistance. Very satisfied with this purchase.",Negative,Service Issue,2026-02-01
FB-01064,Warning to potential buyers: Order has been stuck at the local sorting hub for over ten days with no scheduled delivery date. Decent enough for the price.,Negative,Delivery Issue,2025-04-13
FB-00243,"To be completely frank, The material feels standard. Let us see how durable it proves to be over the next few months.",Neutral,Product Issue,2025-10-25
FB-02457,"To be completely frank, Works straight out of the box with zero fuss. Intuitive design and rock solid performance. Superb audio fidelity with deep bass and crystal clear treble. Truly noise cancelling! Truly five star quality.",Positive,Product Issue,2026-02-28
FB-01161,Just wanted to share my feedback: Works straight out of the box with zero fuss. Intuitive design and rock solid performance. Exceeded all my expectations. The battery lasts well over two full days of heavy use. Very satisfied with this purchase.,Positive,Product Issue,2026-03-11
FB-02705,"To be completely frank, Search filter on the store website is completely broken; returning zero results for standard items. Extremely disappointing experience.",Negative,Technical Issue,2026-02-24
FB-01527,"Here is my experience: My payment went through and funds were deducted from my bank, but the website shows order failed. Truly five star quality.",Negative,Payment Issue,2025-08-17
FB-01606,"To be completely frank, Password reset emails are never received, even after checking spam folders multiple times. The mobile app crashes every single time I tap the checkout or view cart button. Average overall.",Negative,Technical Issue,2025-06-03
FB-02995,The headphones produce constant static noise in the left ear cup. Unusable for work calls. The item arrived broken and feels extremely cheap. The plastic cracked within two hours of use. Very satisfied with this purchase.,Negative,Product Issue,2025-04-24
FB-02385,"Overall impression: The delivery courier literally threw the box over my gate and crushed the contents inside. The shipping driver marked the package as delivered, but nothing was at my door or porch. Truly five star quality.",Negative,Delivery Issue,2026-03-16
FB-02506,Warning to potential buyers: Delivery driver followed all delivery instructions perfectly and hid the parcel behind the pillar.,Positive,Delivery Issue,2026-03-04
FB-02737,"To be completely frank, Disappointed to see prices increased across the board while portion and package sizes were reduced. Will not be buying again.",Negative,General Feedback,2025-03-25
FB-01990,Overall impression: Superb audio fidelity with deep bass and crystal clear treble. Truly noise cancelling! Works straight out of the box with zero fuss. Intuitive design and rock solid performance. Average overall.,Positive,Product Issue,2025-11-07
FB-02531,"To be completely frank, Agent promised a follow-up call back by 3 PM yesterday, but nobody ever bothered to call. The phone agent hung up on me after keeping me on hold for an hour. Unacceptable behavior. Will see how it holds up.",Negative,Service Issue,2025-12-12
FB-01976,"In my opinion, Courier was polite, arrived within the designated delivery window, and handed the package directly. Will see how it holds up.",Positive,Delivery Issue,2025-05-12
FB-01762,Just wanted to share my feedback: Order has been stuck at the local sorting hub for over ten days with no scheduled delivery date. One star is too generous for this.,Negative,Delivery Issue,2025-04-22
FB-01306,Quick update on my order: Bluetooth pairing disconnects constantly after three minutes of connection on modern Android. One star is too generous for this.,Negative,Technical Issue,2025-07-24
FB-01542,"Honestly, Basic entry-level unit. It comes with standard plastic casing and standard power cords. The product matches the specifications listed. It performs standard functions as described. Will not be buying again.",Neutral,Product Issue,2025-09-16
FB-00623,Quick update on my order: Delivery was delayed four separate times with zero explanation or notification from the carrier. Average overall.,Negative,Delivery Issue,2025-11-29
FB-02982,Customer review: Average build quality. It is acceptable for occasional household use. One star is too generous for this.,Neutral,Product Issue,2025-03-13
FB-01494,"Just wanted to share my feedback: Express next-day shipping fee paid, yet took seven business days to arrive. Terrible courier service. Please fix this issue as soon as possible.",Negative,Delivery Issue,2025-11-01
FB-00111,My honest feedback: Feedback regarding the store hours: extending Sunday opening hours to 8 PM would be beneficial. It would be helpful to have a physical store location opened in the downtown metropolitan area.,Neutral,General Feedback,2025-03-23
FB-02276,Just wanted to share my feedback: Support rep claimed they could not locate my account despite providing the exact account ID and email. Truly five star quality.,Negative,Service Issue,2025-05-24
FB-02442,"Overall impression: Payment process was swift, seamless, and securely authenticated with Apple Pay. Accidental overcharge was proactively spotted and refunded by billing team before I even asked. 10/10 would recommend to anyone.",Positive,Payment Issue,2025-10-09
FB-01170,Here is my experience: Package was left out in heavy pouring rain without any protective plastic wrap. Truly five star quality.,Negative,Delivery Issue,2025-06-10
FB-02647,Here is my experience: Order has been stuck at the local sorting hub for over ten days with no scheduled delivery date. Will not be buying again.,Negative,Delivery Issue,2026-01-22
FB-00233,"To be completely frank, Data synchronization executes automatically at 15-minute intervals when connected to Wi-Fi. The web portal uses standard HTTPS authentication and session cookie validation. Decent enough for the price.",Neutral,Technical Issue,2025-12-18
FB-00067,"Writing this review after recent experience: Smooth, glitch-free UI with intuitive navigation. Great performance even on older phone models. Truly five star quality.",Positive,Technical Issue,2025-04-14
FB-02911,Overall impression: The package arrived on the scheduled date within the afternoon delivery window. Shipping timeframe was within the standard five to seven day window indicated on the invoice. One star is too generous for this.,Neutral,Delivery Issue,2025-03-27
FB-02073,"Warning to potential buyers: Delivery was delayed four separate times with zero explanation or notification from the carrier. Express next-day shipping fee paid, yet took seven business days to arrive. Terrible courier service. One star is too generous for this.",Negative,Delivery Issue,2025-12-29
FB-02193,Here is my experience: Payment processed through the standard 3D secure verification window without errors. Average overall.,Neutral,Payment Issue,2026-02-15
FB-00537,"Honestly, Excessive marketing emails and push notifications sent three times a day despite opting out. The new website redesign is messy, cluttered, and much harder to navigate than the previous layout. Extremely disappointing experience.",Negative,General Feedback,2025-06-09
FB-00126,Here is my experience: Driver delivered my order to the wrong street address entirely. Neighbor had to bring it over. Will see how it holds up.,Negative,Delivery Issue,2026-03-07
FB-02134,Best support experience I have ever had. The agent went above and beyond to make things right. Please fix this issue as soon as possible.,Positive,Service Issue,2026-03-13
FB-01255,Quick update on my order: Crash reporting tool automatically recovered my unsaved workspace data after my computer rebooted. Truly five star quality.,Positive,Technical Issue,2025-02-13
FB-02673,"Agent was knowledgeable, empathetic, and replaced my lost item without any hassle or friction. Superb customer service experience, polite and helpful agents. Average overall.",Positive,Service Issue,2025-10-15
FB-01977,Overall impression: The device overheats within ten minutes of normal usage. Severe fire hazard in my opinion. Hardware failure after only two weeks. The buttons no longer register any clicks. Will not be buying again.,Negative,Product Issue,2025-12-30
FB-02648,Reviewing this after one month: Disappointed to see prices increased across the board while portion and package sizes were reduced. Product packaging uses far too much non-recyclable plastic and styrofoam. Very eco-unfriendly. Will not be buying again.,Negative,General Feedback,2025-05-27
FB-02687,"In my opinion, Payment issue was resolved promptly and the full refund was credited back to my card without delay. Refund was processed back to my bank account instantly. Great service and hassle free transaction! Decent enough for the price.",Positive,Payment Issue,2025-03-08
FB-02076,"To be completely frank, The web portal uses standard HTTPS authentication and session cookie validation. Truly five star quality.",Neutral,Technical Issue,2025-09-27
FB-00485,"To be completely frank, Smooth, glitch-free UI with intuitive navigation. Great performance even on older phone models. Single sign-on worked effortlessly and synchronized all my cross-platform cloud data in seconds. One star is too generous for this.",Positive,Technical Issue,2025-02-19
FB-01655,"Here is my experience: Exceeded all my expectations. The battery lasts well over two full days of heavy use. Outstanding build quality! Feels hefty, solid, and premium in hand. Highly recommend this brand. 10/10 would recommend to anyone.",Positive,Product Issue,2025-07-21
FB-02877,The billing department resolved my refund request within a few hours. Money back in my account! Will not be buying again.,Positive,Payment Issue,2025-05-01
FB-02443,"Honestly, Best support experience I have ever had. The agent went above and beyond to make things right. Hope management addresses this promptly.",Positive,Service Issue,2026-02-23
FB-02586,My honest feedback: Invoice receipt was sent instantly to my email with clear itemized taxes and discounts. Average overall.,Positive,Payment Issue,2026-02-28
FB-01775,Just wanted to share my feedback: Representative confirmed receipt of documents and forwarded them to the review department. Truly five star quality.,Neutral,Service Issue,2025-06-08
FB-00919,"Reviewing this after one month: Payment process was swift, seamless, and securely authenticated with Apple Pay. Payment issue was resolved promptly and the full refund was credited back to my card without delay. Average overall.",Positive,Payment Issue,2025-04-12
FB-01647,"In my opinion, Express next-day shipping fee paid, yet took seven business days to arrive. Terrible courier service.",Negative,Delivery Issue,2025-04-24
FB-01027,"Honestly, Payment processed through the standard 3D secure verification window without errors. A pre-authorization hold was placed on the card and settled upon shipment dispatch.",Neutral,Payment Issue,2025-08-23
FB-01031,"In my opinion, Immediate response on live chat within 30 seconds. Handled my inquiry with total professionalism. Decent enough for the price.",Positive,Service Issue,2026-01-16
FB-00883,"Warning to potential buyers: Courier was polite, arrived within the designated delivery window, and handed the package directly. Decent enough for the price.",Positive,Delivery Issue,2026-02-25
FB-01336,"Honestly, The phone agent hung up on me after keeping me on hold for an hour. Unacceptable behavior. Extremely disappointing experience.",Negative,Service Issue,2025-04-01
FB-02420,Customer review: API documentation is clear and the integration was completely error-free and stable under load. Single sign-on worked effortlessly and synchronized all my cross-platform cloud data in seconds.,Positive,Technical Issue,2026-01-29
FB-00365,"Warning to potential buyers: Physical retail store was messy, disorganized, and understaffed during peak shopping hours. Disappointed to see prices increased across the board while portion and package sizes were reduced. Hope management addresses this promptly.",Negative,General Feedback,2025-09-07
FB-02126,"Writing this review after recent experience: The outer shipping carton was completely soaked, torn open, and taped haphazardly by the courier. Standard service, nothing extraordinary.",Negative,Delivery Issue,2025-02-15
FB-00028,"Writing this review after recent experience: Outstanding build quality! Feels hefty, solid, and premium in hand. Highly recommend this brand. Please fix this issue as soon as possible.",Positive,Product Issue,2025-11-28
FB-00474,"To be completely frank, Delivery driver followed all delivery instructions perfectly and hid the parcel behind the pillar. Delivered in less than 24 hours in pristine condition. Super fast and careful logistics! Hope management addresses this promptly.",Positive,Delivery Issue,2025-02-02
FB-00526,"Here is my experience: The package arrived two days earlier than expected. Safe packaging with plenty of bubble wrap. Courier was polite, arrived within the designated delivery window, and handed the package directly. Very satisfied with this purchase.",Positive,Delivery Issue,2025-07-12
FB-00726,"Just wanted to share my feedback: Support rep claimed they could not locate my account despite providing the exact account ID and email. Agent promised a follow-up call back by 3 PM yesterday, but nobody ever bothered to call. Standard service, nothing extraordinary.",Negative,Service Issue,2025-04-03
FB-00056,"Writing this review after recent experience: Escalated to a supervisor three days ago and still waiting in total silence for an update. Standard service, nothing extraordinary.",Negative,Service Issue,2025-12-27
FB-00639,Quick update on my order: Product packaging uses far too much non-recyclable plastic and styrofoam. Very eco-unfriendly. Excessive marketing emails and push notifications sent three times a day despite opting out. Will not be buying again.,Negative,General Feedback,2026-02-11
FB-00303,Here is my experience: Data synchronization executes automatically at 15-minute intervals when connected to Wi-Fi. The application requires iOS 16 or Android 12 minimum version to install. Decent enough for the price.,Neutral,Technical Issue,2025-11-05
FB-02804,Just wanted to share my feedback: Support rep claimed they could not locate my account despite providing the exact account ID and email. Decent enough for the price.,Negative,Service Issue,2025-08-22
FB-01277,Writing this review after recent experience: The package arrived two days earlier than expected. Safe packaging with plenty of bubble wrap. One star is too generous for this.,Positive,Delivery Issue,2026-02-13
FB-02834,"Just wanted to share my feedback: Express next-day shipping fee paid, yet took seven business days to arrive. Terrible courier service. Will not be buying again.",Negative,Delivery Issue,2025-12-22
FB-00625,"In my opinion, Data synchronization executes automatically at 15-minute intervals when connected to Wi-Fi. Decent enough for the price.",Neutral,Technical Issue,2025-03-22
FB-02056,"In my opinion, Refund was processed back to my bank account instantly. Great service and hassle free transaction! Quick and easy payment processing, very secure and transparent billing statements. Decent enough for the price.",Positive,Payment Issue,2025-03-26
FB-01281,"Overall impression: The desktop application constantly freezes during data sync, losing all unsaved customer entries. The browser extension consumes 100% CPU and causes Google Chrome to become unresponsive. Truly five star quality.",Negative,Technical Issue,2025-09-09
FB-01050,Here is my experience: The screen on this monitor has terrible backlight bleeding and dead pixels right in the center. Product smells strongly of harsh chemicals and the material feels flimsy and brittle. Will not be buying again.,Negative,Product Issue,2025-09-21
FB-00337,Customer review: The package arrived two days earlier than expected. Safe packaging with plenty of bubble wrap. Please fix this issue as soon as possible.,Positive,Delivery Issue,2026-02-19
FB-00048,"To be completely frank, Refused to honor price match policy despite valid proof submitted before the purchase. The refund was promised within 3 to 5 business days, but four weeks have passed with no money returned. Will see how it holds up.",Negative,Payment Issue,2026-01-20
FB-00107,Warning to potential buyers: Package was left out in heavy pouring rain without any protective plastic wrap. Extremely disappointing experience.,Negative,Delivery Issue,2025-03-04
FB-02398,Reviewing this after one month: The device overheats within ten minutes of normal usage. Severe fire hazard in my opinion. Decent enough for the price.,Negative,Product Issue,2025-08-10
FB-01080,Just wanted to share my feedback: Completely dissatisfied with the build quality. The zipper got stuck immediately and broke off. Please fix this issue as soon as possible.,Negative,Product Issue,2025-06-30
FB-02287,"Honestly, Unable to remove my expired credit card from the saved billing wallet. Security concern! Will not be buying again.",Negative,Payment Issue,2025-12-26
FB-02262,Quick update on my order: Billing statement displays the company merchant name and invoice reference number. Average overall.,Neutral,Payment Issue,2025-01-19
FB-01145,Reviewing this after one month: Product functions as stated in the user manual. No unexpected features or defects detected. The material feels standard. Let us see how durable it proves to be over the next few months. One star is too generous for this.,Neutral,Product Issue,2025-06-02
FB-02567,Customer review: Delivered in less than 24 hours in pristine condition. Super fast and careful logistics! Will see how it holds up.,Positive,Delivery Issue,2025-05-26
FB-02297,Customer review: Support ticket was logged under reference ID 49201 with an estimated reply time of 24 hours. Decent enough for the price.,Neutral,Service Issue,2025-12-01
FB-01837,Here is my experience: The billing department resolved my refund request within a few hours. Money back in my account! Highly recommend!,Positive,Payment Issue,2026-02-14
FB-01754,Here is my experience: Remarkable ergonomics and silent keys. Typing all day has become significantly more comfortable. 10/10 would recommend to anyone.,Positive,Product Issue,2026-02-27
FB-01102,"Just wanted to share my feedback: Superb customer service experience, polite and helpful agents. One star is too generous for this.",Positive,Service Issue,2025-03-02
FB-01969,"Customer review: The refund was promised within 3 to 5 business days, but four weeks have passed with no money returned. One star is too generous for this.",Negative,Payment Issue,2025-04-25
FB-02948,Here is my experience: Received generic copy-paste canned responses that did not even address the issue I described. Horrible customer service. Nobody takes accountability and every department blames the other. Will not be buying again.,Negative,Service Issue,2025-07-03
FB-00524,"To be completely frank, The delivery guy was extremely rude, refused to bring the heavy parcel up the elevator.",Negative,Delivery Issue,2026-01-28
FB-02281,Overall impression: The motor makes an alarming grinding noise when turned on. Immediate return initiated.,Negative,Product Issue,2025-07-04
FB-01429,"To be completely frank, The loyalty rewards program has been devalued so heavily that accumulated points are virtually worthless. Extremely disappointing experience.",Negative,General Feedback,2025-04-18
FB-02803,"In my opinion, Excellent delivery tracking updates via SMS every step of the transit. Very impressed. Standard service, nothing extraordinary.",Positive,Delivery Issue,2025-10-31
FB-00604,Here is my experience: Shipping timeframe was within the standard five to seven day window indicated on the invoice.,Neutral,Delivery Issue,2026-03-15
FB-01490,"Honestly, Survey response regarding brand awareness: learned about your products through an online podcast ad. Decent enough for the price.",Neutral,General Feedback,2026-02-14
FB-02530,Delivery was delayed four separate times with zero explanation or notification from the carrier. Will not be buying again.,Negative,Delivery Issue,2025-08-26
FB-00061,Quick update on my order: Automated chat system provided links to the relevant knowledge base articles for my query. Decent enough for the price.,Neutral,Service Issue,2025-04-07
FB-02955,"Reviewing this after one month: Password reset emails are never received, even after checking spam folders multiple times.",Negative,Technical Issue,2026-01-14
FB-00672,"Overall impression: Refused to honor price match policy despite valid proof submitted before the purchase. My payment went through and funds were deducted from my bank, but the website shows order failed. Please fix this issue as soon as possible.",  negative  ,Payment Issue,2025-04-04
FB-00093,"Reviewing this after one month: Password reset emails are never received, even after checking spam folders multiple times. Truly five star quality.",Negative,Technical Issue,2026-01-21
FB-00667,"Honestly, Waited on hold for over 85 minutes only to be transferred to an automated voicemail system. Customer agent took over two hours to answer and then hung up the phone without helping. Standard service, nothing extraordinary.",Negative,Service Issue,2025-10-28
FB-01888,"Overall impression: Physical retail store was messy, disorganized, and understaffed during peak shopping hours. Will not be buying again.",Negative,General Feedback,2025-09-03
FB-00281,"To be completely frank, The motor makes an alarming grinding noise when turned on. Immediate return initiated. Will not be buying again.",Negative,Product Issue,2025-04-17
FB-01720,"Superb customer service experience, polite and helpful agents. Hope management addresses this promptly.",Positive,Service Issue,2025-07-11
FB-00360,Reviewing this after one month: Product functions as stated in the user manual. No unexpected features or defects detected. Please fix this issue as soon as possible.,Neutral,Product Issue,2025-03-25
FB-00900,"Honestly, Received generic copy-paste canned responses that did not even address the issue I described. The phone agent hung up on me after keeping me on hold for an hour. Unacceptable behavior. Truly five star quality.",Negative,Service Issue,2025-03-21
FB-01936,"In my opinion, The replacement unit had the exact same defect as the first one. Terrible manufacturing batches. Extremely disappointing experience.",Negative,Product Issue,2025-06-11
FB-01995,Quick update on my order: Waited on the phone for two hours and customer agent gave zero assistance. Will not be buying again.,Negative,Service Issue,2026-03-12
FB-02491,"Just wanted to share my feedback: The new user interface layout is modern, clean, visually appealing, and very easy on the eyes. Highly recommend!",Positive,General Feedback,2025-04-02
FB-00761,Warning to potential buyers: The knife set is razor sharp right out of the box and balances comfortably in hand. Remarkable ergonomics and silent keys. Typing all day has become significantly more comfortable. Decent enough for the price.,Positive,Product Issue,2025-03-29
FB-02159,Warning to potential buyers: The product matches the specifications listed. It performs standard functions as described. Standard quality for the price point. Neither exceptionally good nor noticeably bad. Decent enough for the price.,Neutral,Product Issue,2025-12-07
FB-02820,Warning to potential buyers: High quality product that matches the photos and descriptions perfectly. Very pleased. The knife set is razor sharp right out of the box and balances comfortably in hand. Truly five star quality.,Positive,Product Issue,2025-05-23
FB-00043,"Writing this review after recent experience: Express next-day shipping fee paid, yet took seven business days to arrive. Terrible courier service. The outer shipping carton was completely soaked, torn open, and taped haphazardly by the courier. Average overall.",Negative,Delivery Issue,2025-03-19
FB-02174,The product matches the specifications listed. It performs standard functions as described. Will see how it holds up.,Neutral,Product Issue,2025-09-07
FB-00205,My honest feedback: The item is functional. Dimensions match the specification sheet provided on the website. Decent enough for the price.,Neutral,Product Issue,2026-01-18
FB-01474,"My honest feedback: Password reset emails are never received, even after checking spam folders multiple times. Website throws a 500 internal server error whenever I attempt to update my profile information. Truly five star quality.",Negative,Technical Issue,2025-11-14
FB-02101,"Quick update on my order: The new user interface layout is modern, clean, visually appealing, and very easy on the eyes. Love shopping with this company! Always a delight, high standards, and wonderful overall experience.",Positive,General Feedback,2026-03-18
FB-00069,Here is my experience: Best support experience I have ever had. The agent went above and beyond to make things right. Please fix this issue as soon as possible.,Positive,Service Issue,2025-04-19
FB-01876,Delivery driver followed all delivery instructions perfectly and hid the parcel behind the pillar. Highly recommend!,Positive,Delivery Issue,2025-08-17
FB-02824,My honest feedback: Average build quality. It is acceptable for occasional household use. The item is functional. Dimensions match the specification sheet provided on the website. Average overall.,Neutral,Product Issue,2025-07-24
FB-02232,Customer review: Bluetooth pairing disconnects constantly after three minutes of connection on modern Android.,Negative,Technical Issue,2025-04-12
FB-00138,Here is my experience: Consistently wonderful service and quality across all my orders over the past three years. Keep it up! The commitment to eco-friendly biodegradable packaging is commendable and deeply appreciated. Very satisfied with this purchase.,Positive,General Feedback,2025-03-03
FB-00797,"To be completely frank, Love shopping with this company! Always a delight, high standards, and wonderful overall experience. Highly recommend!",Positive,General Feedback,2025-11-05
FB-02181,Customer review: Support agent closed my ticket without providing any resolution or response to my question. Average overall.,Negative,Service Issue,2025-10-02
FB-02129,Reviewing this after one month: Tracking updates were logged at each regional distribution center as expected. Truly five star quality.,Neutral,Delivery Issue,2025-08-29
FB-00759,Promotional discount coupon and reward points were applied smoothly at checkout with clear breakdown. Refund was processed back to my bank account instantly. Great service and hassle free transaction! Highly recommend!,Positive,Payment Issue,2026-01-27
FB-00542,"To be completely frank, I was double billed for a single order! Two identical charges appeared on my credit card statement. Unable to remove my expired credit card from the saved billing wallet. Security concern! Please fix this issue as soon as possible.",Negative,Payment Issue,2025-05-13
FB-01020,"Writing this review after recent experience: Tracking status says delivered to resident, but security camera footage proves no driver showed up. One star is too generous for this.",Negative,Delivery Issue,2025-02-21
FB-02466,Warning to potential buyers: The hinge feels loose and wobbles whenever opened. Not worth half of what I paid. The sole of the running shoe detached during my second jog. Shockingly substandard durability. Will see how it holds up.,Negative,Product Issue,2025-04-25
FB-00166,"In my opinion, Waited on hold for over 85 minutes only to be transferred to an automated voicemail system. The live chat bot is an endless loop that refuses to transfer me to a human representative. Truly five star quality.",Negative,Service Issue,2025-04-09
FB-00249,"Warning to potential buyers: Payment process was swift, seamless, and securely authenticated with Apple Pay. Will not be buying again.",Positive,Payment Issue,2025-06-24
FB-01332,"To be completely frank, The sole of the running shoe detached during my second jog. Shockingly substandard durability. Missing essential accessories from the retail box. Missing screws and power adapter. Will not be buying again.",Negative,Product Issue,2026-03-11
FB-02018,"Just wanted to share my feedback: Invoice receipt was sent instantly to my email with clear itemized taxes and discounts. Standard service, nothing extraordinary.",Positive,Payment Issue,2025-12-30
FB-00447,Quick update on my order: The stitching on the jacket came undone after the very first gentle wash. Very poor quality control. Average overall.,Negative,Product Issue,2025-08-05
FB-01359,"Honestly, Order has been stuck at the local sorting hub for over ten days with no scheduled delivery date. Package was left out in heavy pouring rain without any protective plastic wrap. Will not be buying again.",Negative,Delivery Issue,2025-08-29
FB-02146,"My honest feedback: Customer support representative was extremely rude, dismissive, and hung up on me mid-sentence. Will not be buying again.",Negative,Service Issue,2026-02-27
FB-01330,Writing this review after recent experience: Infinite loading spinner when trying to download the digital purchase files or license keys. Extremely disappointing experience.,Negative,Technical Issue,2026-03-01
FB-03127,"To be completely frank, The motor makes an alarming grinding noise when turned on. Immediate return initiated. Will not be buying again.",Negative,Product Issue,2025-05-21
FB-02151,Overall impression: Data synchronization executes automatically at 15-minute intervals when connected to Wi-Fi. Decent enough for the price.,Neutral,Technical Issue,2025-09-10
FB-00435,"In my opinion, The headphones produce constant static noise in the left ear cup. Unusable for work calls. Extremely disappointing experience.",Negative,Product Issue,2025-07-13
FB-02123,"Warning to potential buyers: Excellent delivery tracking updates via SMS every step of the transit. Very impressed. Standard service, nothing extraordinary.",Positive,Delivery Issue,2025-08-27
FB-00578,"Here is my experience: Customer representative Sarah was phenomenal! Patient, attentive, and solved my problem in 5 minutes. Will see how it holds up.",Positive,Service Issue,2025-12-25
FB-02572,"Honestly, Delivery took four business days as estimated during checkout. Standard transit time. Package arrived in standard cardboard packaging with carrier shipping labels attached. Will see how it holds up.",Neutral,Delivery Issue,2026-03-10
FB-02947,Customer review: Hidden processing fees and unexpected convenience surcharges were added without disclosure at checkout. Very satisfied with this purchase.,Negative,Payment Issue,2025-02-22
FB-02449,"To be completely frank, It would be helpful to have a physical store location opened in the downtown metropolitan area. Feedback regarding the store hours: extending Sunday opening hours to 8 PM would be beneficial. Average overall.",Neutral,General Feedback,2025-06-02
FB-01849,"Just wanted to share my feedback: The refund was promised within 3 to 5 business days, but four weeks have passed with no money returned. Average overall.",Negative,Payment Issue,2025-09-23
FB-00763,"Just wanted to share my feedback: Support team followed up with a courtesy call the next day to confirm everything was working smoothly. Immediate response on live chat within 30 seconds. Handled my inquiry with total professionalism. Standard service, nothing extraordinary.",Positive,Service Issue,2026-03-14
FB-00389,Here is my experience: Delivery driver followed all delivery instructions perfectly and hid the parcel behind the pillar. Please fix this issue as soon as possible.,Positive,Delivery Issue,2025-02-12
FB-00236,Writing this review after recent experience: Bluetooth pairing disconnects constantly after three minutes of connection on modern Android. Session timeout occurs every two minutes while filling out the order details. Infuriating bug. Will not be buying again.,Negative,Technical Issue,2025-04-07
FB-02801,"Here is my experience: Crash reporting tool automatically recovered my unsaved workspace data after my computer rebooted. Smooth, glitch-free UI with intuitive navigation. Great performance even on older phone models.",Positive,Technical Issue,2025-09-07
FB-01985,Warning to potential buyers: The charge reflects the exact amount stated on the order summary page. Payment processed through the standard 3D secure verification window without errors. Truly five star quality.,Neutral,Payment Issue,2025-07-18
FB-00268,"Honestly, The browser extension consumes 100% CPU and causes Google Chrome to become unresponsive. Will see how it holds up.",Negative,Technical Issue,2025-02-17
FB-00771,"In my opinion, Package arrived in standard cardboard packaging with carrier shipping labels attached. Tracking updates were logged at each regional distribution center as expected. Decent enough for the price.",Neutral,Delivery Issue,2025-03-26
FB-02166,"To be completely frank, The web portal uses standard HTTPS authentication and session cookie validation. Decent enough for the price.",Neutral,Technical Issue,2026-03-10
FB-00438,"Reviewing this after one month: Love shopping with this company! Always a delight, high standards, and wonderful overall experience. Will not be buying again.",Positive,General Feedback,2025-03-11
FB-00674,Writing this review after recent experience: Infinite loading spinner when trying to download the digital purchase files or license keys. Bluetooth pairing disconnects constantly after three minutes of connection on modern Android. Will not be buying again.,Negative,Technical Issue,2025-11-05
FB-00250,"Just wanted to share my feedback: Refused to honor price match policy despite valid proof submitted before the purchase. Standard service, nothing extraordinary.",Negative,Payment Issue,2025-07-23
FB-02202,"In my opinion, Delivery took four business days as estimated during checkout. Standard transit time.",Neutral,Delivery Issue,2025-09-21
FB-01575,Warning to potential buyers: The motor makes an alarming grinding noise when turned on. Immediate return initiated. Average overall.,Negative,Product Issue,2025-01-23
FB-02143,"Here is my experience: The desktop application constantly freezes during data sync, losing all unsaved customer entries. Will see how it holds up.",Negative,Technical Issue,2025-09-25
FB-02082,Reviewing this after one month: The web portal uses standard HTTPS authentication and session cookie validation. One star is too generous for this.,Neutral,Technical Issue,2025-09-15
FB-03080,"Writing this review after recent experience: Tracking updates were logged at each regional distribution center as expected. Standard service, nothing extraordinary.",Neutral,Delivery Issue,2025-08-24
FB-02762,Quick update on my order: The promotional discount coupon code was accepted at checkout but the full price was charged anyway.,Negative,Payment Issue,2025-01-27
FB-02945,Warning to potential buyers: Carrier mishandled the parcel. The fragile sticker was completely ignored and items were shattered. Please fix this issue as soon as possible.,Negative,Delivery Issue,2025-03-02
FB-00449,"Honestly, Payment process was swift, seamless, and securely authenticated with Apple Pay. Will not be buying again.",Positive,Payment Issue,2025-10-11
FB-01470,"Reviewing this after one month: Representative gave contradictory information compared to what is written in your official refund policy. Standard service, nothing extraordinary.",Negative,Service Issue,2025-01-22
FB-00717,Writing this review after recent experience: Payment issue was resolved promptly and the full refund was credited back to my card without delay. Average overall.,Positive,Payment Issue,2025-03-26
FB-02579,"My honest feedback: The product matches the specifications listed. It performs standard functions as described. Standard service, nothing extraordinary.",Neutral,Product Issue,2026-03-19
FB-02811,"To be completely frank, The package arrived on the scheduled date within the afternoon delivery window. The courier left the parcel in the designated parcel locker box. One star is too generous for this.",Neutral,Delivery Issue,2025-02-05
FB-02049,"Writing this review after recent experience: Representative gave contradictory information compared to what is written in your official refund policy. Standard service, nothing extraordinary.",Negative,Service Issue,2025-09-22
FB-01902,Here is my experience: Shipping timeframe was within the standard five to seven day window indicated on the invoice. Package arrived in standard cardboard packaging with carrier shipping labels attached. Truly five star quality.,Neutral,Delivery Issue,2025-07-31
FB-01169,"Honestly, Payment issue was resolved promptly and the full refund was credited back to my card without delay. The billing department resolved my refund request within a few hours. Money back in my account! Average overall.",Positive,Payment Issue,2025-03-20
FB-00083,Consistently wonderful service and quality across all my orders over the past three years. Keep it up! 10/10 would recommend to anyone.,Positive,General Feedback,2025-10-19
FB-02607,"Honestly, The web portal uses standard HTTPS authentication and session cookie validation. Decent enough for the price.",Neutral,Technical Issue,2025-07-26
FB-01461,Operating hours for live phone support are Monday through Friday from 9 AM to 6 PM EST. Decent enough for the price.,Neutral,Service Issue,2026-03-17
FB-01894,"In my opinion, The package arrived two days earlier than expected. Safe packaging with plenty of bubble wrap. Courier was polite, arrived within the designated delivery window, and handed the package directly. Standard service, nothing extraordinary.",Positive,Delivery Issue,2025-07-17
FB-01669,"Honestly, The screen is vibrant and crisp with zero glare. Best display I have ever purchased.",Positive,Product Issue,2025-07-13
FB-02001,"Just wanted to share my feedback: The payment gateway crashed during verification, resulting in pending holds on my debit card. Please fix this issue as soon as possible.",Negative,Payment Issue,2025-10-21
FB-00476,My honest feedback: Package arrived two weeks past the guaranteed delivery date. Tracking was completely frozen. Please fix this issue as soon as possible.,Negative,Delivery Issue,2025-02-12
FB-00518,"Reviewing this after one month: The latest software update fixed all previous bugs. The app is lightning fast and responsive now! Smooth, glitch-free UI with intuitive navigation. Great performance even on older phone models. Will not be buying again.",Positive,Technical Issue,2025-09-22
FB-00405,Overall impression: Search filter on the store website is completely broken; returning zero results for standard items. The browser extension consumes 100% CPU and causes Google Chrome to become unresponsive. Will not be buying again.,Negative,Technical Issue,2025-02-06
FB-00385,Overall impression: Order has been stuck at the local sorting hub for over ten days with no scheduled delivery date. Please fix this issue as soon as possible.,Negative,Delivery Issue,2025-10-20
FB-02649,Writing this review after recent experience: The screen on this monitor has terrible backlight bleeding and dead pixels right in the center. Extremely disappointing experience.,Negative,Product Issue,2025-10-14
FB-02153,Writing this review after recent experience: Shipping timeframe was within the standard five to seven day window indicated on the invoice. Hope management addresses this promptly.,Neutral,Delivery Issue,2025-09-29
FB-01634,"In my opinion, Basic entry-level unit. It comes with standard plastic casing and standard power cords. Will not be buying again.",Neutral,Product Issue,2025-06-26
FB-03071,"In my opinion, Shipping timeframe was within the standard five to seven day window indicated on the invoice. Tracking updates were logged at each regional distribution center as expected. Truly five star quality.",Neutral,Delivery Issue,2025-02-12
FB-00689,Writing this review after recent experience: Data synchronization executes automatically at 15-minute intervals when connected to Wi-Fi. Decent enough for the price.,Neutral,Technical Issue,2025-09-04
FB-01241,"Superb customer service experience, polite and helpful agents. Highly recommend!",Positive,Service Issue,2025-03-07
FB-00063,"Warning to potential buyers: Not as advertised at all. The color shown online was vibrant navy blue, but what arrived is faded grey. Extremely disappointing experience.",Negative,Product Issue,2025-05-14
FB-00853,Customer review: It performs the required tasks. The design is utilitarian and does what it is supposed to. Basic entry-level unit. It comes with standard plastic casing and standard power cords. Decent enough for the price.,Neutral,Product Issue,2025-08-23
FB-02957,"To be completely frank, Not as advertised at all. The color shown online was vibrant navy blue, but what arrived is faded grey. Truly five star quality.",Negative,Product Issue,2026-01-27
FB-02665,Warning to potential buyers: Standard quality for the price point. Neither exceptionally good nor noticeably bad. Will not be buying again.,Neutral,Product Issue,2025-12-04
FB-01263,My honest feedback: Seamless delivery experience. Box arrived in mint condition with zero dents or creases. Hope management addresses this promptly.,Positive,Delivery Issue,2026-01-24
FB-00224,The loyalty rewards program has been devalued so heavily that accumulated points are virtually worthless. One star is too generous for this.,Negative,General Feedback,2025-05-01
FB-02194,Reviewing this after one month: Hidden processing fees and unexpected convenience surcharges were added without disclosure at checkout. One star is too generous for this.,Negative,Payment Issue,2025-07-18
FB-00374,Reviewing this after one month: Product functions as stated in the user manual. No unexpected features or defects detected. Hope management addresses this promptly.,Neutral,Product Issue,2025-10-18
FB-01825,"My honest feedback: Customer support representative was extremely rude, dismissive, and hung up on me mid-sentence. Extremely disappointing experience.",Negative,Service Issue,2025-10-12
FB-02728,Warning to potential buyers: Search filter on the store website is completely broken; returning zero results for standard items. Will not be buying again.,Negative,Technical Issue,2025-10-26
FB-03082,The package arrived two days earlier than expected. Safe packaging with plenty of bubble wrap. Will see how it holds up.,Positive,Delivery Issue,2025-11-22
FB-02792,"Honestly, Water leaks right through the supposed waterproof seam. Ruined my electronics during light rain. Missing essential accessories from the retail box. Missing screws and power adapter. Decent enough for the price.",Negative,Product Issue,2025-11-02
FB-02885,"In my opinion, Contacted customer support regarding policy clarification. Representative provided the standard policy text. Will not be buying again.",Neutral,Service Issue,2025-10-10
FB-00010,"To be completely frank, Website throws a 500 internal server error whenever I attempt to update my profile information. Very satisfied with this purchase.",Negative,Technical Issue,2025-03-12
FB-02498,Just wanted to share my feedback: Support ticket was logged under reference ID 49201 with an estimated reply time of 24 hours. One star is too generous for this.,Neutral,Service Issue,2025-06-19
FB-01945,"Customer review: Express next-day shipping fee paid, yet took seven business days to arrive. Terrible courier service. Extremely disappointing experience.",Negative,Delivery Issue,2025-02-10
FB-01839,Warning to potential buyers: Operating hours for live phone support are Monday through Friday from 9 AM to 6 PM EST. Please fix this issue as soon as possible.,Neutral,Service Issue,2025-02-21
FB-00709,Warning to potential buyers: Promotional discount coupon and reward points were applied smoothly at checkout with clear breakdown. Hope management addresses this promptly.,Positive,Payment Issue,2025-04-19
FB-00256,Quick update on my order: Excellent delivery tracking updates via SMS every step of the transit. Very impressed. Decent enough for the price.,Positive,Delivery Issue,2025-11-11
FB-01618,"In my opinion, Delivery was delayed four separate times with zero explanation or notification from the carrier. Tracking status says delivered to resident, but security camera footage proves no driver showed up. Will not be buying again.",Negative,Delivery Issue,2025-09-11
FB-00390,"Overall impression: The outer shipping carton was completely soaked, torn open, and taped haphazardly by the courier. Will not be buying again.",Negative,Delivery Issue,2025-03-14
FB-01582,Warning to potential buyers: Session timeout occurs every two minutes while filling out the order details. Infuriating bug. Will not be buying again.,Negative,Technical Issue,2025-01-20
FB-00925,"My honest feedback: Missing essential accessories from the retail box. Missing screws and power adapter. Product smells strongly of harsh chemicals and the material feels flimsy and brittle. Standard service, nothing extraordinary.",Negative,Product Issue,2025-11-09
FB-02509,"Honestly, Item feels like a counterfeit knockoff. Materials are noticeably different from authentic retail stores. Decent enough for the price.",Negative,Product Issue,2025-02-12
FB-02037,"Just wanted to share my feedback: Crash reporting tool automatically recovered my unsaved workspace data after my computer rebooted. Smooth, glitch-free UI with intuitive navigation. Great performance even on older phone models. Average overall.",Positive,Technical Issue,2026-03-07
FB-02584,"Overall impression: Password reset emails are never received, even after checking spam folders multiple times. Very satisfied with this purchase.",Negative,Technical Issue,2025-10-11
FB-01225,Quick update on my order: The product matches the specifications listed. It performs standard functions as described. Hope management addresses this promptly.,Neutral,Product Issue,2025-03-01
FB-01947,"To be completely frank, The knife set is razor sharp right out of the box and balances comfortably in hand. Hope management addresses this promptly.",Positive,Product Issue,2025-02-06
FB-00740,"To be completely frank, Seamless delivery experience. Box arrived in mint condition with zero dents or creases. Average overall.",Positive,Delivery Issue,2025-01-31
FB-00041,"In my opinion, The commitment to eco-friendly biodegradable packaging is commendable and deeply appreciated. Love shopping with this company! Always a delight, high standards, and wonderful overall experience. Standard service, nothing extraordinary.",Positive,General Feedback,2025-11-20
FB-00869,"Honestly, Delivery was delayed four separate times with zero explanation or notification from the carrier. Average overall.",Negative,Delivery Issue,2025-10-01
FB-00540,Here is my experience: The charge reflects the exact amount stated on the order summary page. One star is too generous for this.,Neutral,Payment Issue,2026-01-28
FB-02701,"Honestly, Product catalog arrived in the mail today. Browsing through the new winter collection options.",Neutral,General Feedback,2025-02-15
FB-01372,Writing this review after recent experience: The delivery courier literally threw the box over my gate and crushed the contents inside. Extremely disappointing experience.,Negative,Delivery Issue,2025-12-26
FB-01146,Reviewing this after one month: Average build quality. It is acceptable for occasional household use. The product matches the specifications listed. It performs standard functions as described. Will not be buying again.,Neutral,Product Issue,2025-06-13
FB-01032,"The web portal uses standard HTTPS authentication and session cookie validation. Password requirements require at least eight characters, one uppercase letter, and a number. Will not be buying again.",Neutral,Technical Issue,2025-02-22
FB-00373,My honest feedback: Invoice receipt was sent instantly to my email with clear itemized taxes and discounts. One star is too generous for this.,Positive,Payment Issue,2025-08-29
FB-00668,"In my opinion, Agent was knowledgeable, empathetic, and replaced my lost item without any hassle or friction. Superb customer service experience, polite and helpful agents. Will not be buying again.",Positive,Service Issue,2025-03-13
FB-00358,"In my opinion, Superb customer service experience, polite and helpful agents. Very satisfied with this purchase.",Positive,Service Issue,2025-11-29
FB-00968,Basic entry-level unit. It comes with standard plastic casing and standard power cords. Decent enough for the price.,Neutral,Product Issue,2026-02-07
FB-01354,Reviewing this after one month: Disappointed to see prices increased across the board while portion and package sizes were reduced. Truly five star quality.,Negative,General Feedback,2025-11-27
FB-01036,Just wanted to share my feedback: Best support experience I have ever had. The agent went above and beyond to make things right. Support team followed up with a courtesy call the next day to confirm everything was working smoothly. Average overall.,Positive,Service Issue,2025-09-19
FB-00471,Writing this review after recent experience: The item arrived broken and feels extremely cheap. The plastic cracked within two hours of use. Completely dissatisfied with the build quality. The zipper got stuck immediately and broke off.,Negative,Product Issue,2025-07-22
FB-01397,Writing this review after recent experience: Item feels like a counterfeit knockoff. Materials are noticeably different from authentic retail stores. The device overheats within ten minutes of normal usage. Severe fire hazard in my opinion. Please fix this issue as soon as possible.,Negative,Product Issue,2025-02-21
FB-02818,Just wanted to share my feedback: The commitment to eco-friendly biodegradable packaging is commendable and deeply appreciated. One star is too generous for this.,Positive,General Feedback,2025-11-06
FB-01550,Overall impression: Customer support agent took quick action and resolved my issue immediately. Great service! Best support experience I have ever had. The agent went above and beyond to make things right. Average overall.,Positive,Service Issue,2025-04-20
FB-01257,"In my opinion, Session timeout occurs every two minutes while filling out the order details. Infuriating bug. The browser extension consumes 100% CPU and causes Google Chrome to become unresponsive. Average overall.",Negative,Technical Issue,2025-04-22
FB-02095,Overall impression: The package arrived two days earlier than expected. Safe packaging with plenty of bubble wrap. Seamless delivery experience. Box arrived in mint condition with zero dents or creases. One star is too generous for this.,Positive,Delivery Issue,2025-12-19
FB-01556,"To be completely frank, The checkout page applied an unauthorized recurring subscription charge without my explicit consent. Will not be buying again.",Negative,Payment Issue,2025-10-28
FB-02783,"Here is my experience: Smooth, glitch-free UI with intuitive navigation. Great performance even on older phone models. The latest software update fixed all previous bugs. The app is lightning fast and responsive now! One star is too generous for this.",Positive,  TECHNICAL ISSUE  ,2025-03-14
FB-01251,"In my opinion, The new website redesign is messy, cluttered, and much harder to navigate than the previous layout. Will see how it holds up.",Negative,General Feedback,2025-01-31
FB-01700,Customer review: Representative gave contradictory information compared to what is written in your official refund policy. The phone agent hung up on me after keeping me on hold for an hour. Unacceptable behavior. Extremely disappointing experience.,Negative,Service Issue,2025-07-22
FB-01253,"Honestly, Disappointed to see prices increased across the board while portion and package sizes were reduced. Excessive marketing emails and push notifications sent three times a day despite opting out. Standard service, nothing extraordinary.",Negative,General Feedback,2025-10-29
FB-02991,My honest feedback: The motor makes an alarming grinding noise when turned on. Immediate return initiated. Will not be buying again.,Negative,Product Issue,2025-09-04
FB-00080,"Warning to potential buyers: Product smells strongly of harsh chemicals and the material feels flimsy and brittle. Not as advertised at all. The color shown online was vibrant navy blue, but what arrived is faded grey. Very satisfied with this purchase.",Negative,Product Issue,2026-02-07
FB-01173,Just wanted to share my feedback: The promotional discount coupon code was accepted at checkout but the full price was charged anyway. Decent enough for the price.,Negative,Payment Issue,2026-01-20
FB-00815,Warning to potential buyers: API documentation is clear and the integration was completely error-free and stable under load. Hope management addresses this promptly.,Positive,Technical Issue,2025-03-07
FB-01853,"The new website redesign is messy, cluttered, and much harder to navigate than the previous layout. Average overall.",Negative,General Feedback,2025-10-31
FB-02221,"To be completely frank, Quick and easy payment processing, very secure and transparent billing statements. Invoice receipt was sent instantly to my email with clear itemized taxes and discounts. 10/10 would recommend to anyone.",Positive,Payment Issue,2026-03-12
FB-02827,Just wanted to share my feedback: Support team followed up with a courtesy call the next day to confirm everything was working smoothly. One star is too generous for this.,Positive,Service Issue,2025-12-05
FB-02106,"To be completely frank, Immediate response on live chat within 30 seconds. Handled my inquiry with total professionalism. Superb customer service experience, polite and helpful agents. Please fix this issue as soon as possible.",Positive,Service Issue,2025-06-28
FB-00134,"Customer review: The fabric is luxurious, soft, and fits true to size. The stitching is impeccable. Truly five star quality.",Positive,Product Issue,2025-07-15
FB-01141,Here is my experience: The product matches the specifications listed. It performs standard functions as described. Decent enough for the price.,Neutral,Product Issue,2025-08-19
FB-00934,"In my opinion, Package arrived two weeks past the guaranteed delivery date. Tracking was completely frozen. The delivery guy was extremely rude, refused to bring the heavy parcel up the elevator. Will not be buying again.",Negative,Delivery Issue,2025-08-11
FB-00929,Writing this review after recent experience: Hardware failure after only two weeks. The buttons no longer register any clicks. Average overall.,Negative,Product Issue,2025-08-07
FB-00824,"My honest feedback: Order has been stuck at the local sorting hub for over ten days with no scheduled delivery date. Express next-day shipping fee paid, yet took seven business days to arrive. Terrible courier service. One star is too generous for this.",Negative,Delivery Issue,2026-02-17
FB-01532,"In my opinion, The mobile app crashes every single time I tap the checkout or view cart button. Please fix this issue as soon as possible.",Negative,Technical Issue,2026-02-11
FB-01215,Immediate response on live chat within 30 seconds. Handled my inquiry with total professionalism. Very satisfied with this purchase.,Positive,Service Issue,2026-01-01
FB-00505,Warning to potential buyers: Delivery took four business days as estimated during checkout. Standard transit time. Package arrived in standard cardboard packaging with carrier shipping labels attached. One star is too generous for this.,Neutral,Delivery Issue,2025-03-08
FB-03187,Customer review: The commitment to eco-friendly biodegradable packaging is commendable and deeply appreciated. One star is too generous for this.,Positive,General Feedback,2025-09-12
FB-02396,API documentation is clear and the integration was completely error-free and stable under load. Single sign-on worked effortlessly and synchronized all my cross-platform cloud data in seconds. Will not be buying again.,Positive,Technical Issue,2026-02-18
FB-01997,"Here is my experience: The refund was promised within 3 to 5 business days, but four weeks have passed with no money returned. Will not be buying again.",Negative,Payment Issue,2025-06-08
FB-02435,Here is my experience: I would suggest adding more color options and sizes to your seasonal catalog in future releases. It would be helpful to have a physical store location opened in the downtown metropolitan area. Very satisfied with this purchase.,Neutral,General Feedback,2025-06-06
FB-01959,"In my opinion, High quality product that matches the photos and descriptions perfectly. Very pleased.",Positive,Product Issue,2025-03-03
FB-01385,Overall impression: Delivery was delayed four separate times with zero explanation or notification from the carrier. Will not be buying again.,Negative,Delivery Issue,2026-03-19
FB-00895,"The new user interface layout is modern, clean, visually appealing, and very easy on the eyes. Will not be buying again.",Positive,General Feedback,2025-07-20
FB-00829,Quick update on my order: Automated chat system provided links to the relevant knowledge base articles for my query. Decent enough for the price.,Neutral,Service Issue,2025-08-12
FB-03137,"My honest feedback: Agent was knowledgeable, empathetic, and replaced my lost item without any hassle or friction. Immediate response on live chat within 30 seconds. Handled my inquiry with total professionalism. Very satisfied with this purchase.",Positive,Service Issue,2025-06-18
FB-02524,Customer review: Single sign-on worked effortlessly and synchronized all my cross-platform cloud data in seconds. Decent enough for the price.,Positive,Technical Issue,2025-11-13
FB-01684,"Warning to potential buyers: A pre-authorization hold was placed on the card and settled upon shipment dispatch. Standard service, nothing extraordinary.",Neutral,Payment Issue,2026-02-17
FB-03133,"Quick update on my order: Completely dissatisfied with the build quality. The zipper got stuck immediately and broke off. The replacement unit had the exact same defect as the first one. Terrible manufacturing batches. Standard service, nothing extraordinary.",Negative,Product Issue,2025-11-26
FB-02751,Quick update on my order: Excellent delivery tracking updates via SMS every step of the transit. Very impressed. Truly five star quality.,Positive,Delivery Issue,2025-10-22
FB-02703,Quick update on my order: Order has been stuck at the local sorting hub for over ten days with no scheduled delivery date. Hope management addresses this promptly.,Negative,Delivery Issue,2026-02-19
FB-00653,Warning to potential buyers: Search filter on the store website is completely broken; returning zero results for standard items. Website throws a 500 internal server error whenever I attempt to update my profile information. Very satisfied with this purchase.,Negative,Technical Issue,2026-01-25
FB-00173,"To be completely frank, Search filter on the store website is completely broken; returning zero results for standard items. Extremely disappointing experience.",Negative,Technical Issue,2025-04-19
FB-00039,Shipping timeframe was within the standard five to seven day window indicated on the invoice. Truly five star quality.,Neutral,Delivery Issue,2025-10-11
FB-03073,Just wanted to share my feedback: The knife set is razor sharp right out of the box and balances comfortably in hand. Will not be buying again.,Positive,Product Issue,2026-01-04
FB-00714,My honest feedback: Exceeded all my expectations. The battery lasts well over two full days of heavy use. Very satisfied with this purchase.,Positive,Product Issue,2025-01-28
FB-00091,Writing this review after recent experience: The product matches the specifications listed. It performs standard functions as described. Hope management addresses this promptly.,Neutral,Product Issue,2026-03-10
FB-02853,"Just wanted to share my feedback: Support ticket was logged under reference ID 49201 with an estimated reply time of 24 hours. Representative confirmed receipt of documents and forwarded them to the review department. Standard service, nothing extraordinary.",Neutral,Service Issue,2025-05-23
FB-01206,Writing this review after recent experience: Support rep claimed they could not locate my account despite providing the exact account ID and email. Will not be buying again.,Negative,Service Issue,2025-10-18
FB-02662,"Honestly, Agent was knowledgeable, empathetic, and replaced my lost item without any hassle or friction. Customer support agent took quick action and resolved my issue immediately. Great service! Will not be buying again.",Positive,Service Issue,2025-01-29
FB-02779,Representative confirmed receipt of documents and forwarded them to the review department. Support ticket was logged under reference ID 49201 with an estimated reply time of 24 hours. Very satisfied with this purchase.,Neutral,Service Issue,2025-05-31
FB-01828,"Reviewing this after one month: Express next-day shipping fee paid, yet took seven business days to arrive. Terrible courier service. Truly five star quality.",Negative,Delivery Issue,2026-02-07
FB-01156,Quick update on my order: Delivered in less than 24 hours in pristine condition. Super fast and careful logistics! Will not be buying again.,Positive,Delivery Issue,2025-07-02
FB-01325,The blender blades became dull after blending soft fruits twice. Terrible motor vibration. Hope management addresses this promptly.,Negative,Product Issue,2025-12-30
FB-00217,Warning to potential buyers: The promotional discount coupon code was accepted at checkout but the full price was charged anyway. Very satisfied with this purchase.,Negative,Payment Issue,2026-02-11
FB-00511,"Honestly, Product packaging uses far too much non-recyclable plastic and styrofoam. Very eco-unfriendly. Will not be buying again.",Negative,General Feedback,2025-10-17
FB-01681,Here is my experience: The stitching on the jacket came undone after the very first gentle wash. Very poor quality control. Will see how it holds up.,Negative,Product Issue,2026-02-21
FB-00500,"Overall impression: Not as advertised at all. The color shown online was vibrant navy blue, but what arrived is faded grey. Decent enough for the price.",Negative,Product Issue,2025-09-25
FB-02668,"Customer review: Carrier mishandled the parcel. The fragile sticker was completely ignored and items were shattered. Standard service, nothing extraordinary.",Negative,Delivery Issue,2025-04-01
FB-01857,"To be completely frank, Password reset emails are never received, even after checking spam folders multiple times. Will not be buying again.",Negative,Technical Issue,2025-08-18
FB-01389,Writing this review after recent experience: Seamless delivery experience. Box arrived in mint condition with zero dents or creases. Excellent delivery tracking updates via SMS every step of the transit. Very impressed. Please fix this issue as soon as possible.,Positive,Delivery Issue,2025-07-15
FB-01520,My honest feedback: Tracking updates were logged at each regional distribution center as expected. Decent enough for the price.,Neutral,Delivery Issue,2025-04-16
FB-02387,The application requires iOS 16 or Android 12 minimum version to install. Decent enough for the price.,Neutral,Technical Issue,2025-10-22
FB-02926,Delivery was delayed four separate times with zero explanation or notification from the carrier.,Negative,  DELIVERY ISSUE  ,2025-08-31
FB-02077,"Here is my experience: The payment gateway crashed during verification, resulting in pending holds on my debit card. The promotional discount coupon code was accepted at checkout but the full price was charged anyway. Please fix this issue as soon as possible.",Negative,Payment Issue,2026-02-06
FB-01541,"Just wanted to share my feedback: Agent promised a follow-up call back by 3 PM yesterday, but nobody ever bothered to call. Standard service, nothing extraordinary.",Negative,Service Issue,2025-09-07
FB-01218,"Honestly, The item arrived broken and feels extremely cheap. The plastic cracked within two hours of use. The blender blades became dull after blending soft fruits twice. Terrible motor vibration. Standard service, nothing extraordinary.",Negative,Product Issue,2026-02-26
FB-01417,"Honestly, Great brand loyalty rewards program. Truly values recurring customers with meaningful perks. Love shopping with this company! Always a delight, high standards, and wonderful overall experience. Very satisfied with this purchase.",Positive,General Feedback,2025-04-22
FB-02218,My honest feedback: Waited on the phone for two hours and customer agent gave zero assistance. Will see how it holds up.,Negative,Service Issue,2025-12-06
FB-02710,Writing this review after recent experience: Consistently wonderful service and quality across all my orders over the past three years. Keep it up!,Positive,General Feedback,2025-10-21
FB-01677,Just wanted to share my feedback: The sole of the running shoe detached during my second jog. Shockingly substandard durability. One star is too generous for this.,Negative,Product Issue,2025-08-09
FB-01198,Reviewing this after one month: Escalated to a supervisor three days ago and still waiting in total silence for an update. Will not be buying again.,Negative,Service Issue,2025-01-29
FB-01543,Quick update on my order: The application requires iOS 16 or Android 12 minimum version to install. Software update prompt appeared upon launching the application as scheduled. Will not be buying again.,Neutral,Technical Issue,2026-02-15
FB-02540,"To be completely frank, My payment went through and funds were deducted from my bank, but the website shows order failed. Extremely disappointing experience.",Negative,Payment Issue,2025-04-25
FB-00954,"Just wanted to share my feedback: Best support experience I have ever had. The agent went above and beyond to make things right. Customer representative Sarah was phenomenal! Patient, attentive, and solved my problem in 5 minutes. Average overall.",Positive,Service Issue,2025-12-13
FB-02636,"To be completely frank, Battery life is terrible, barely lasts 45 minutes on a full charge instead of the advertised 8 hours. The motor makes an alarming grinding noise when turned on. Immediate return initiated. One star is too generous for this.",Negative,Product Issue,2025-03-03
FB-00751,"Customer review: Courier was polite, arrived within the designated delivery window, and handed the package directly. Delivered in less than 24 hours in pristine condition. Super fast and careful logistics! Will see how it holds up.",Positive,Delivery Issue,2025-09-14
FB-00235,"Here is my experience: Tracking status says delivered to resident, but security camera footage proves no driver showed up. Will see how it holds up.",Negative,Delivery Issue,2025-02-28
FB-00733,"To be completely frank, Horrible customer service. Nobody takes accountability and every department blames the other. Extremely disappointing experience.",Negative,Service Issue,2025-07-08
FB-00018,"Honestly, Package arrived two weeks past the guaranteed delivery date. Tracking was completely frozen. Average overall.",Negative,Delivery Issue,2025-06-19
FB-01157,My honest feedback: Seamless delivery experience. Box arrived in mint condition with zero dents or creases. 10/10 would recommend to anyone.,Positive,Delivery Issue,2025-11-10
FB-02767,Just wanted to share my feedback: Promotional discount coupon and reward points were applied smoothly at checkout with clear breakdown. Please fix this issue as soon as possible.,Positive,Payment Issue,2026-02-05
FB-02446,"Honestly, Customer support representative was extremely rude, dismissive, and hung up on me mid-sentence. Horrible customer service. Nobody takes accountability and every department blames the other. Average overall.",Negative,Service Issue,2025-10-01
FB-01210,Warning to potential buyers: Product functions as stated in the user manual. No unexpected features or defects detected. The product matches the specifications listed. It performs standard functions as described. Average overall.,Neutral,Product Issue,2025-06-24
FB-01066,"High quality product that matches the photos and descriptions perfectly. Very pleased. The fabric is luxurious, soft, and fits true to size. The stitching is impeccable. Will not be buying again.",Positive,Product Issue,2025-03-08
FB-02157,Warning to potential buyers: Carrier mishandled the parcel. The fragile sticker was completely ignored and items were shattered. Package was left out in heavy pouring rain without any protective plastic wrap. Please fix this issue as soon as possible.,Negative,Delivery Issue,2025-02-23
FB-01063,Overall impression: The live chat bot is an endless loop that refuses to transfer me to a human representative. Please fix this issue as soon as possible.,Negative,Service Issue,2025-05-21
FB-02617,"Warning to potential buyers: Battery life is terrible, barely lasts 45 minutes on a full charge instead of the advertised 8 hours. The blender blades became dull after blending soft fruits twice. Terrible motor vibration. Average overall.",Negative,Product Issue,2025-12-29
FB-01168,"Customer review: Physical retail store was messy, disorganized, and understaffed during peak shopping hours.",Negative,General Feedback,2025-08-02
FB-01493,Quick update on my order: Product functions as stated in the user manual. No unexpected features or defects detected. Will not be buying again.,Neutral,Product Issue,2025-12-26
FB-02663,"The application requires iOS 16 or Android 12 minimum version to install. Password requirements require at least eight characters, one uppercase letter, and a number.",Neutral,Technical Issue,2025-12-31
FB-00885,"In my opinion, Remarkable ergonomics and silent keys. Typing all day has become significantly more comfortable. High quality product that matches the photos and descriptions perfectly. Very pleased. Will not be buying again.",Positive,Product Issue,2025-11-01
FB-00144,Customer review: Order has been stuck at the local sorting hub for over ten days with no scheduled delivery date.,Negative,Delivery Issue,2026-01-15
FB-03162,Package arrived in standard cardboard packaging with carrier shipping labels attached. Decent enough for the price.,Neutral,Delivery Issue,2025-07-17
FB-00851,"Honestly, High quality product that matches the photos and descriptions perfectly. Very pleased. The fabric is luxurious, soft, and fits true to size. The stitching is impeccable. Highly recommend!",Positive,Product Issue,2025-12-07
FB-00718,"Top tier craftsmanship. Everything feels durable, well-finished, and built to last years. Truly five star quality.",Positive,Product Issue,2025-11-06
FB-03054,Tracking updates were logged at each regional distribution center as expected.,Neutral,Delivery Issue,2025-08-24
FB-02503,"To be completely frank, Refund was processed back to my bank account instantly. Great service and hassle free transaction!",Positive,Payment Issue,2025-08-14
FB-00265,"Here is my experience: Top tier craftsmanship. Everything feels durable, well-finished, and built to last years.",Positive,Product Issue,2025-05-15
FB-00076,Overall impression: The charge reflects the exact amount stated on the order summary page. Decent enough for the price.,Neutral,Payment Issue,2025-04-13
FB-02493,"Writing this review after recent experience: The payment gateway crashed during verification, resulting in pending holds on my debit card. The checkout page applied an unauthorized recurring subscription charge without my explicit consent. Will not be buying again.",Negative,Payment Issue,2026-01-01
FB-00396,Customer review: Support ticket was logged under reference ID 49201 with an estimated reply time of 24 hours. Automated chat system provided links to the relevant knowledge base articles for my query. Decent enough for the price.,Neutral,Service Issue,2025-12-20
FB-02738,Quick update on my order: The knife set is razor sharp right out of the box and balances comfortably in hand. Works straight out of the box with zero fuss. Intuitive design and rock solid performance. Average overall.,Positive,Product Issue,2025-09-20
FB-02225,"To be completely frank, The latest software update fixed all previous bugs. The app is lightning fast and responsive now! Highly recommend!",Positive,Technical Issue,2026-01-27
FB-03010,Here is my experience: The replacement unit had the exact same defect as the first one. Terrible manufacturing batches. Truly five star quality.,Negative,Product Issue,2025-05-01
FB-00397,"In my opinion, Feedback regarding the store hours: extending Sunday opening hours to 8 PM would be beneficial. Decent enough for the price.",Neutral,General Feedback,2025-05-30
FB-01366,"Honestly, Courier was polite, arrived within the designated delivery window, and handed the package directly. Delivered in less than 24 hours in pristine condition. Super fast and careful logistics! Truly five star quality.",Positive,Delivery Issue,2025-06-04
FB-02690,Here is my experience: API documentation is clear and the integration was completely error-free and stable under load. Decent enough for the price.,Positive,Technical Issue,2026-03-19
FB-01904,"In my opinion, The live chat bot is an endless loop that refuses to transfer me to a human representative. Will see how it holds up.",Negative,Service Issue,2025-02-21
FB-00596,"Reviewing this after one month: The sole of the running shoe detached during my second jog. Shockingly substandard durability. The blender blades became dull after blending soft fruits twice. Terrible motor vibration. Standard service, nothing extraordinary.",Negative,Product Issue,2025-07-19
FB-02110,"In my opinion, High quality product that matches the photos and descriptions perfectly. Very pleased. Truly five star quality.",Positive,Product Issue,2025-02-27
FB-01297,Warning to potential buyers: Delivered in less than 24 hours in pristine condition. Super fast and careful logistics! Seamless delivery experience. Box arrived in mint condition with zero dents or creases. Hope management addresses this promptly.,Positive,Delivery Issue,2025-05-26
FB-01822,"In my opinion, Horrible customer service. Nobody takes accountability and every department blames the other. Will see how it holds up.",Negative,Service Issue,2025-10-01
FB-00873,My honest feedback: The phone agent hung up on me after keeping me on hold for an hour. Unacceptable behavior. Support rep claimed they could not locate my account despite providing the exact account ID and email. Please fix this issue as soon as possible.,Negative,Service Issue,2025-03-14
FB-03128,Here is my experience: Excellent delivery tracking updates via SMS every step of the transit. Very impressed. The package arrived two days earlier than expected. Safe packaging with plenty of bubble wrap. 10/10 would recommend to anyone.,Positive,Delivery Issue,2025-10-10
FB-02327,"Just wanted to share my feedback: Accidental overcharge was proactively spotted and refunded by billing team before I even asked. Quick and easy payment processing, very secure and transparent billing statements. Hope management addresses this promptly.",Positive,Payment Issue,2025-06-16
FB-01549,"In my opinion, Package arrived two weeks past the guaranteed delivery date. Tracking was completely frozen. Tracking status says delivered to resident, but security camera footage proves no driver showed up. Decent enough for the price.",Negative,Delivery Issue,2026-02-08
FB-00037,"My honest feedback: Love shopping with this company! Always a delight, high standards, and wonderful overall experience. One star is too generous for this.",Positive,General Feedback,2025-02-12
FB-02718,Overall impression: Item feels like a counterfeit knockoff. Materials are noticeably different from authentic retail stores. Will not be buying again.,Negative,Product Issue,2025-11-23
FB-02144,"To be completely frank, Physical retail store was messy, disorganized, and understaffed during peak shopping hours. Decent enough for the price.",Negative,General Feedback,2025-06-19
FB-02749,Just wanted to share my feedback: Session timeout occurs every two minutes while filling out the order details. Infuriating bug. One star is too generous for this.,Negative,Technical Issue,2025-05-14
FB-00978,Reviewing this after one month: Waited on hold for over 85 minutes only to be transferred to an automated voicemail system. The live chat bot is an endless loop that refuses to transfer me to a human representative. Decent enough for the price.,Negative,Service Issue,2025-05-21
FB-01572,"To be completely frank, Support team followed up with a courtesy call the next day to confirm everything was working smoothly. Immediate response on live chat within 30 seconds. Handled my inquiry with total professionalism. Hope management addresses this promptly.",Positive,Service Issue,2025-09-23
FB-01123,"Just wanted to share my feedback: Smooth, glitch-free UI with intuitive navigation. Great performance even on older phone models. Crash reporting tool automatically recovered my unsaved workspace data after my computer rebooted. Highly recommend!",Positive,Technical Issue,2025-08-12
FB-02240,Warning to potential buyers: Escalated to a supervisor three days ago and still waiting in total silence for an update. Decent enough for the price.,Negative,Service Issue,2026-02-21
FB-02505,"Honestly, High quality product that matches the photos and descriptions perfectly. Very pleased. Works straight out of the box with zero fuss. Intuitive design and rock solid performance. Truly five star quality.",Positive,Product Issue,2025-02-24
FB-01893,Just wanted to share my feedback: Single sign-on worked effortlessly and synchronized all my cross-platform cloud data in seconds. API documentation is clear and the integration was completely error-free and stable under load. Will not be buying again.,Positive,Technical Issue,2025-09-28
FB-00676,"Honestly, I was double billed for a single order! Two identical charges appeared on my credit card statement. The payment gateway crashed during verification, resulting in pending holds on my debit card. Truly five star quality.",Negative,Payment Issue,2025-06-27
FB-00729,"Here is my experience: Immediate response on live chat within 30 seconds. Handled my inquiry with total professionalism. Agent was knowledgeable, empathetic, and replaced my lost item without any hassle or friction. 10/10 would recommend to anyone.",Positive,Service Issue,2025-09-14
FB-00413,"In my opinion, Billing statement displays the company merchant name and invoice reference number. Decent enough for the price.",Neutral,Payment Issue,2025-12-15
FB-01517,Warning to potential buyers: Billing statement displays the company merchant name and invoice reference number. The invoice shows standard itemized sales tax and shipping calculation. Will not be buying again.,Neutral,Payment Issue,2025-05-09
FB-01650,Reviewing this after one month: Seamless delivery experience. Box arrived in mint condition with zero dents or creases. Will see how it holds up.,Positive,Delivery Issue,2025-07-10
FB-00826,"Quick update on my order: The shipping driver marked the package as delivered, but nothing was at my door or porch. Package was left out in heavy pouring rain without any protective plastic wrap. Average overall.",Negative,Delivery Issue,2025-05-11
FB-00617,Here is my experience: Unable to remove my expired credit card from the saved billing wallet. Security concern! Very satisfied with this purchase.,Negative,Payment Issue,2026-01-11
FB-00115,The motor makes an alarming grinding noise when turned on. Immediate return initiated. Will not be buying again.,Negative,Product Issue,2026-01-03
FB-00418,Here is my experience: Shipping timeframe was within the standard five to seven day window indicated on the invoice. Tracking updates were logged at each regional distribution center as expected. Please fix this issue as soon as possible.,Neutral,Delivery Issue,2026-02-05
FB-01626,Just wanted to share my feedback: The latest software update fixed all previous bugs. The app is lightning fast and responsive now! Truly five star quality.,Positive,Technical Issue,2025-10-17
FB-02653,Overall impression: Package arrived in standard cardboard packaging with carrier shipping labels attached. Will not be buying again.,Neutral,Delivery Issue,2025-10-26
FB-03158,"Quick update on my order: Support team followed up with a courtesy call the next day to confirm everything was working smoothly. Agent was knowledgeable, empathetic, and replaced my lost item without any hassle or friction. Will see how it holds up.",Positive,Service Issue,2025-02-16
FB-00090,Warning to potential buyers: I was double billed for a single order! Two identical charges appeared on my credit card statement. Hope management addresses this promptly.,Negative,Payment Issue,2025-04-22
FB-02083,Writing this review after recent experience: Immediate response on live chat within 30 seconds. Handled my inquiry with total professionalism. 10/10 would recommend to anyone.,Positive,Service Issue,2025-06-17
FB-00754,"Quick update on my order: Escalated to a supervisor three days ago and still waiting in total silence for an update. Customer support representative was extremely rude, dismissive, and hung up on me mid-sentence. Will not be buying again.",Negative,Service Issue,2025-12-14
FB-02547,Just wanted to share my feedback: The package arrived on the scheduled date within the afternoon delivery window.,Neutral,Delivery Issue,2025-05-07
FB-01631,"Customer support representative was extremely rude, dismissive, and hung up on me mid-sentence. Will see how it holds up.",Negative,Service Issue,2025-02-12
FB-00012,"Overall impression: Outstanding build quality! Feels hefty, solid, and premium in hand. Highly recommend this brand. Exceeded all my expectations. The battery lasts well over two full days of heavy use. 10/10 would recommend to anyone.",Positive,Product Issue,2025-08-27
FB-02445,"In my opinion, Refused to honor price match policy despite valid proof submitted before the purchase. Direct debit was processed twice in one billing cycle. Bank overdraft fees incurred as a result. Will see how it holds up.",Negative,Payment Issue,2026-01-28
FB-00285,Customer review: Product packaging uses far too much non-recyclable plastic and styrofoam. Very eco-unfriendly. Will not be buying again.,Negative,General Feedback,2025-04-02
FB-01067,"Just wanted to share my feedback: Outstanding build quality! Feels hefty, solid, and premium in hand. Highly recommend this brand. Please fix this issue as soon as possible.",Positive,Product Issue,2025-04-07
FB-01192,Warning to potential buyers: Operating hours for live phone support are Monday through Friday from 9 AM to 6 PM EST.,Neutral,Service Issue,2025-08-06
FB-01441,"My honest feedback: Agent was knowledgeable, empathetic, and replaced my lost item without any hassle or friction. Please fix this issue as soon as possible.",Positive,Service Issue,2025-01-24
FB-03013,"Quick update on my order: Session timeout occurs every two minutes while filling out the order details. Infuriating bug. The desktop application constantly freezes during data sync, losing all unsaved customer entries. Please fix this issue as soon as possible.",Negative,Technical Issue,2025-05-13
FB-03012,"To be completely frank, Received generic copy-paste canned responses that did not even address the issue I described. Will not be buying again.",Negative,Service Issue,2026-01-02
FB-02914,"Reviewing this after one month: Excellent delivery tracking updates via SMS every step of the transit. Very impressed. Courier was polite, arrived within the designated delivery window, and handed the package directly. Hope management addresses this promptly.",Positive,Delivery Issue,2026-01-13
FB-01569,Overall impression: Support ticket was logged under reference ID 49201 with an estimated reply time of 24 hours. Contacted customer support regarding policy clarification. Representative provided the standard policy text. Average overall.,Neutral,Service Issue,2025-08-16
FB-02428,"Quick update on my order: Support ticket was logged under reference ID 49201 with an estimated reply time of 24 hours. Automated chat system provided links to the relevant knowledge base articles for my query. Standard service, nothing extraordinary.",Neutral,Service Issue,2025-04-01
FB-02771,Writing this review after recent experience: The latest software update fixed all previous bugs. The app is lightning fast and responsive now! Truly five star quality.,Positive,Technical Issue,2026-01-19
FB-01688,Writing this review after recent experience: Defective unit received. It refuses to power on even after charging overnight with the original cable. Hope management addresses this promptly.,Negative,Product Issue,2026-01-26
FB-00852,Customer review: The item arrived broken and feels extremely cheap. The plastic cracked within two hours of use. Very satisfied with this purchase.,Negative,Product Issue,2025-01-31
FB-02208,Customer review: Software update prompt appeared upon launching the application as scheduled. One star is too generous for this.,Neutral,Technical Issue,2025-10-28
FB-00896,"Here is my experience: Battery life is terrible, barely lasts 45 minutes on a full charge instead of the advertised 8 hours. The blender blades became dull after blending soft fruits twice. Terrible motor vibration. Please fix this issue as soon as possible.",Negative,Product Issue,2026-01-14
FB-00497,"In my opinion, Agent was knowledgeable, empathetic, and replaced my lost item without any hassle or friction. Will see how it holds up.",Positive,Service Issue,2025-07-08
FB-02306,Overall impression: The screen is vibrant and crisp with zero glare. Best display I have ever purchased. 10/10 would recommend to anyone.,Positive,Product Issue,2025-10-16
FB-01783,Just wanted to share my feedback: The package arrived two days earlier than expected. Safe packaging with plenty of bubble wrap. Delivery driver followed all delivery instructions perfectly and hid the parcel behind the pillar. Very satisfied with this purchase.,Positive,Delivery Issue,2025-10-29
FB-00336,Customer review: Customer agent took over two hours to answer and then hung up the phone without helping. Escalated to a supervisor three days ago and still waiting in total silence for an update. Will not be buying again.,Negative,Service Issue,2025-07-02
FB-00516,Customer review: Works straight out of the box with zero fuss. Intuitive design and rock solid performance. Exceeded all my expectations. The battery lasts well over two full days of heavy use. Highly recommend!,Positive,Product Issue,2025-10-02
FB-01349,My honest feedback: The item arrived broken and feels extremely cheap. The plastic cracked within two hours of use. The stitching on the jacket came undone after the very first gentle wash. Very poor quality control. Hope management addresses this promptly.,Negative,Product Issue,2025-03-08
FB-01016,Quick update on my order: The device overheats within ten minutes of normal usage. Severe fire hazard in my opinion. The motor makes an alarming grinding noise when turned on. Immediate return initiated. Will not be buying again.,Negative,Product Issue,2025-04-23
FB-03020,"Customer review: Password reset emails are never received, even after checking spam folders multiple times. Average overall.",Negative,Technical Issue,2025-02-07
FB-03015,"Honestly, Best support experience I have ever had. The agent went above and beyond to make things right. Very satisfied with this purchase.",Positive,Service Issue,2025-09-22
FB-01782,My honest feedback: Waited on the phone for two hours and customer agent gave zero assistance. Will not be buying again.,Negative,Service Issue,2025-09-05
FB-02570,"In my opinion, Direct debit was processed twice in one billing cycle. Bank overdraft fees incurred as a result. Average overall.",Negative,Payment Issue,2025-02-24
FB-01786,Quick update on my order: Disappointed to see prices increased across the board while portion and package sizes were reduced. Product packaging uses far too much non-recyclable plastic and styrofoam. Very eco-unfriendly. One star is too generous for this.,Negative,General Feedback,2025-12-24
FB-02071,"Honestly, The desktop application constantly freezes during data sync, losing all unsaved customer entries. Infinite loading spinner when trying to download the digital purchase files or license keys. Truly five star quality.",Negative,Technical Issue,2026-02-02
FB-00357,"Here is my experience: Smooth, glitch-free UI with intuitive navigation. Great performance even on older phone models. Please fix this issue as soon as possible.",Positive,Technical Issue,2026-02-28
FB-03064,"Writing this review after recent experience: Shipping timeframe was within the standard five to seven day window indicated on the invoice. Package arrived in standard cardboard packaging with carrier shipping labels attached. Standard service, nothing extraordinary.",Neutral,Delivery Issue,2025-03-24
FB-01313,"Warning to potential buyers: Great brand loyalty rewards program. Truly values recurring customers with meaningful perks. Love shopping with this company! Always a delight, high standards, and wonderful overall experience. Please fix this issue as soon as possible.",Positive,General Feedback,2025-08-01
FB-01636,Warning to potential buyers: Invoice receipt was sent instantly to my email with clear itemized taxes and discounts. Very satisfied with this purchase.,Positive,Payment Issue,2025-11-16
FB-00551,Quick update on my order: Billing statement displays the company merchant name and invoice reference number. A pre-authorization hold was placed on the card and settled upon shipment dispatch. Decent enough for the price.,Neutral,Payment Issue,2025-04-29
FB-02389,Here is my experience: Invoice receipt was sent instantly to my email with clear itemized taxes and discounts. The billing department resolved my refund request within a few hours. Money back in my account! Will not be buying again.,Positive,Payment Issue,2026-02-28
FB-02480,Customer review: The package arrived on the scheduled date within the afternoon delivery window. Package arrived in standard cardboard packaging with carrier shipping labels attached. Truly five star quality.,Neutral,Delivery Issue,2026-01-10
FB-02522,"Honestly, The screen is vibrant and crisp with zero glare. Best display I have ever purchased. Standard service, nothing extraordinary.",Positive,Product Issue,2025-09-01
FB-02266,Warning to potential buyers: Seamless delivery experience. Box arrived in mint condition with zero dents or creases. Very satisfied with this purchase.,Positive,Delivery Issue,2025-08-30
FB-01228,"Customer review: Representative gave contradictory information compared to what is written in your official refund policy. Standard service, nothing extraordinary.",Negative,Service Issue,2026-03-09
FB-02881,Reviewing this after one month: It would be helpful to have a physical store location opened in the downtown metropolitan area. Survey response regarding brand awareness: learned about your products through an online podcast ad. Decent enough for the price.,Neutral,General Feedback,2025-11-17
FB-00958,Overall impression: The package arrived on the scheduled date within the afternoon delivery window. The courier left the parcel in the designated parcel locker box. Truly five star quality.,Neutral,Delivery Issue,2026-02-27
FB-01774,"Honestly, The knife set is razor sharp right out of the box and balances comfortably in hand. The fabric is luxurious, soft, and fits true to size. The stitching is impeccable. Highly recommend!",Positive,Product Issue,2025-06-30
FB-02142,"In my opinion, Quick and easy payment processing, very secure and transparent billing statements. Truly five star quality.",Positive,Payment Issue,2025-10-27
FB-01009,Here is my experience: The web portal uses standard HTTPS authentication and session cookie validation. Decent enough for the price.,Neutral,Technical Issue,2025-02-09
FB-01093,"Honestly, API documentation is clear and the integration was completely error-free and stable under load. Average overall.",Positive,Technical Issue,2025-12-06
FB-02875,Product smells strongly of harsh chemicals and the material feels flimsy and brittle. Will not be buying again.,Negative,Product Issue,2025-08-10
FB-02745,"Package was left out in heavy pouring rain without any protective plastic wrap. The outer shipping carton was completely soaked, torn open, and taped haphazardly by the courier.",Negative,Delivery Issue,2025-03-02
FB-00997,"Honestly, Payment processed through the standard 3D secure verification window without errors. Decent enough for the price.",Neutral,Payment Issue,2025-09-14
FB-01680,Here is my experience: The screen on this monitor has terrible backlight bleeding and dead pixels right in the center. Will see how it holds up.,Negative,Product Issue,2025-02-11
FB-00154,"My honest feedback: My payment went through and funds were deducted from my bank, but the website shows order failed. Decent enough for the price.",Negative,Payment Issue,2025-11-10
FB-02993,"Honestly, Promotional discount coupon and reward points were applied smoothly at checkout with clear breakdown. Will see how it holds up.",Positive,Payment Issue,2025-02-16
FB-00581,Reviewing this after one month: Basic entry-level unit. It comes with standard plastic casing and standard power cords. Standard quality for the price point. Neither exceptionally good nor noticeably bad. Decent enough for the price.,Neutral,Product Issue,2025-12-02
FB-01471,"To be completely frank, Delivered in less than 24 hours in pristine condition. Super fast and careful logistics! Highly recommend!",Positive,Delivery Issue,2025-09-25
FB-00704,Overall impression: The mobile app crashes every single time I tap the checkout or view cart button. Website throws a 500 internal server error whenever I attempt to update my profile information. Will not be buying again.,Negative,Technical Issue,2025-01-23
FB-01213,Quick update on my order: High quality product that matches the photos and descriptions perfectly. Very pleased. Works straight out of the box with zero fuss. Intuitive design and rock solid performance. Will not be buying again.,Positive,Product Issue,2025-03-30
FB-00897,"Overall impression: The refund was promised within 3 to 5 business days, but four weeks have passed with no money returned. The checkout page applied an unauthorized recurring subscription charge without my explicit consent. Will see how it holds up.",Negative,Payment Issue,2025-06-21
FB-00488,Reviewing this after one month: Average build quality. It is acceptable for occasional household use. Please fix this issue as soon as possible.,Neutral,Product Issue,2026-02-28
FB-00560,"In my opinion, Delivered in less than 24 hours in pristine condition. Super fast and careful logistics! Excellent delivery tracking updates via SMS every step of the transit. Very impressed. 10/10 would recommend to anyone.",Positive,Delivery Issue,2025-10-30
FB-01142,Warning to potential buyers: Great brand loyalty rewards program. Truly values recurring customers with meaningful perks.,Positive,General Feedback,2025-10-26
FB-01120,"The web portal uses standard HTTPS authentication and session cookie validation. Password requirements require at least eight characters, one uppercase letter, and a number. Decent enough for the price.",Neutral,Technical Issue,2025-05-08
FB-00513,Here is my experience: Crash reporting tool automatically recovered my unsaved workspace data after my computer rebooted. One star is too generous for this.,Positive,Technical Issue,2025-09-19
FB-00634,Reviewing this after one month: Received generic copy-paste canned responses that did not even address the issue I described. Truly five star quality.,Negative,Service Issue,2025-04-23
FB-02997,My honest feedback: The sole of the running shoe detached during my second jog. Shockingly substandard durability. The motor makes an alarming grinding noise when turned on. Immediate return initiated. Will not be buying again.,Negative,Product Issue,2025-12-30
FB-01665,Quick update on my order: Tracking updates were logged at each regional distribution center as expected. Package arrived in standard cardboard packaging with carrier shipping labels attached. Truly five star quality.,Neutral,Delivery Issue,2025-09-26
FB-01013,"Customer review: Top tier craftsmanship. Everything feels durable, well-finished, and built to last years. Will see how it holds up.",Positive,Product Issue,2025-09-12
FB-01932,"In my opinion, Quick and easy payment processing, very secure and transparent billing statements. Will not be buying again.",Positive,Payment Issue,2025-09-05
FB-01151,"Honestly, The invoice shows standard itemized sales tax and shipping calculation. A pre-authorization hold was placed on the card and settled upon shipment dispatch. One star is too generous for this.",Neutral,Payment Issue,2025-08-16
FB-03017,"Honestly, Unable to remove my expired credit card from the saved billing wallet. Security concern! One star is too generous for this.",Negative,Payment Issue,2025-07-05
FB-00117,"Just wanted to share my feedback: The delivery guy was extremely rude, refused to bring the heavy parcel up the elevator. Express next-day shipping fee paid, yet took seven business days to arrive. Terrible courier service. Decent enough for the price.",Negative,Delivery Issue,2025-08-06
FB-00741,"Honestly, Excessive marketing emails and push notifications sent three times a day despite opting out. Will not be buying again.",Negative,General Feedback,2025-12-28
FB-02971,Reviewing this after one month: Excessive marketing emails and push notifications sent three times a day despite opting out. Hope management addresses this promptly.,Negative,General Feedback,2025-06-03
FB-01975,"Overall impression: The shipping driver marked the package as delivered, but nothing was at my door or porch. The delivery courier literally threw the box over my gate and crushed the contents inside. Hope management addresses this promptly.",Negative,Delivery Issue,2025-12-01
FB-01082,Writing this review after recent experience: Package was left out in heavy pouring rain without any protective plastic wrap. Carrier mishandled the parcel. The fragile sticker was completely ignored and items were shattered. Will not be buying again.,Negative,Delivery Issue,2025-07-09
FB-01811,"Warning to potential buyers: The outer shipping carton was completely soaked, torn open, and taped haphazardly by the courier. Will not be buying again.",Negative,Delivery Issue,2025-08-21
FB-00831,"Reviewing this after one month: Defective unit received. It refuses to power on even after charging overnight with the original cable. Battery life is terrible, barely lasts 45 minutes on a full charge instead of the advertised 8 hours.",Negative,Product Issue,2025-02-22
FB-00120,Here is my experience: Payment issue was resolved promptly and the full refund was credited back to my card without delay. Decent enough for the price.,Positive,Payment Issue,2025-10-22
FB-00657,Quick update on my order: The application requires iOS 16 or Android 12 minimum version to install. Decent enough for the price.,Neutral,Technical Issue,2026-01-16
FB-02938,Overall impression: Superb audio fidelity with deep bass and crystal clear treble. Truly noise cancelling! Highly recommend!,Positive,Product Issue,2025-02-05
FB-02893,Overall impression: It would be helpful to have a physical store location opened in the downtown metropolitan area. Very satisfied with this purchase.,Neutral,General Feedback,2026-02-06
FB-03149,Writing this review after recent experience: The mobile app crashes every single time I tap the checkout or view cart button. The browser extension consumes 100% CPU and causes Google Chrome to become unresponsive. Truly five star quality.,Negative,Technical Issue,2025-12-28
FB-00636,Reviewing this after one month: Seamless delivery experience. Box arrived in mint condition with zero dents or creases. The package arrived two days earlier than expected. Safe packaging with plenty of bubble wrap. Very satisfied with this purchase.,Positive,Delivery Issue,2026-01-18
FB-00370,"Quick and easy payment processing, very secure and transparent billing statements.",Positive,Payment Issue,2025-06-21
FB-00269,"Writing this review after recent experience: The delivery guy was extremely rude, refused to bring the heavy parcel up the elevator. Package was left out in heavy pouring rain without any protective plastic wrap. Will not be buying again.",Negative,Delivery Issue,2026-01-10
FB-02704,Customer review: The latest software update fixed all previous bugs. The app is lightning fast and responsive now! Will not be buying again.,Positive,Technical Issue,2025-12-03
FB-00047,"Here is my experience: Express next-day shipping fee paid, yet took seven business days to arrive. Terrible courier service. One star is too generous for this.",Negative,Delivery Issue,2025-04-20
FB-00992,"The delivery guy was extremely rude, refused to bring the heavy parcel up the elevator. Decent enough for the price.",Negative,Delivery Issue,2025-07-26
FB-00877,Writing this review after recent experience: The latest software update fixed all previous bugs. The app is lightning fast and responsive now! 10/10 would recommend to anyone.,Positive,Technical Issue,2025-08-01
FB-00774,My honest feedback: Seamless delivery experience. Box arrived in mint condition with zero dents or creases. Very satisfied with this purchase.,Positive,Delivery Issue,2025-03-29
FB-01220,Quick update on my order: Direct debit was processed twice in one billing cycle. Bank overdraft fees incurred as a result. The checkout page applied an unauthorized recurring subscription charge without my explicit consent. Average overall.,Negative,Payment Issue,2025-07-28
FB-01127,Reviewing this after one month: The knife set is razor sharp right out of the box and balances comfortably in hand. Truly five star quality.,Positive,Product Issue,2025-03-23
FB-00005,"Honestly, Delivery driver followed all delivery instructions perfectly and hid the parcel behind the pillar. Courier was polite, arrived within the designated delivery window, and handed the package directly. 10/10 would recommend to anyone.",Positive,Delivery Issue,2025-09-25
FB-01596,"In my opinion, The stitching on the jacket came undone after the very first gentle wash. Very poor quality control. Please fix this issue as soon as possible.",Negative,Product Issue,2025-02-12
FB-02312,Quick update on my order: Invoice receipt was sent instantly to my email with clear itemized taxes and discounts. Promotional discount coupon and reward points were applied smoothly at checkout with clear breakdown. Average overall.,Positive,Payment Issue,2025-08-22
FB-03085,"To be completely frank, Feedback regarding the store hours: extending Sunday opening hours to 8 PM would be beneficial. Please fix this issue as soon as possible.",Neutral,General Feedback,2025-10-28
FB-02492,"To be completely frank, Product functions as stated in the user manual. No unexpected features or defects detected. Decent enough for the price.",Neutral,Product Issue,2026-03-03
FB-01078,"Top tier craftsmanship. Everything feels durable, well-finished, and built to last years. Average overall.",Positive,Product Issue,2025-11-15
FB-00838,"Writing this review after recent experience: Agent promised a follow-up call back by 3 PM yesterday, but nobody ever bothered to call. Extremely disappointing experience.",Negative,Service Issue,2025-08-25
FB-00682,Customer review: Delivered in less than 24 hours in pristine condition. Super fast and careful logistics! Decent enough for the price.,Positive,Delivery Issue,2025-12-03
FB-01716,"Honestly, The shipping driver marked the package as delivered, but nothing was at my door or porch. Very satisfied with this purchase.",Negative,Delivery Issue,2025-05-30
FB-02353,Here is my experience: Feedback regarding the store hours: extending Sunday opening hours to 8 PM would be beneficial. Truly five star quality.,Neutral,General Feedback,2025-03-02
FB-02618,"Quick update on my order: Not as advertised at all. The color shown online was vibrant navy blue, but what arrived is faded grey. The device overheats within ten minutes of normal usage. Severe fire hazard in my opinion. Decent enough for the price.",Negative,Product Issue,2026-01-26
FB-02362,Customer review: Shipping timeframe was within the standard five to seven day window indicated on the invoice. Will not be buying again.,Neutral,Delivery Issue,2025-09-21
FB-02198,Just wanted to share my feedback: Waited on the phone for two hours and customer agent gave zero assistance. Will not be buying again.,Negative,Service Issue,2026-03-13
FB-01149,Just wanted to share my feedback: Waited on hold for over 85 minutes only to be transferred to an automated voicemail system. Waited on the phone for two hours and customer agent gave zero assistance. Truly five star quality.,Negative,Service Issue,2025-02-01
FB-00575,Just wanted to share my feedback: Support team followed up with a courtesy call the next day to confirm everything was working smoothly. Truly five star quality.,Positive,Service Issue,2025-07-19
FB-00051,"Overall impression: Missing essential accessories from the retail box. Missing screws and power adapter. Not as advertised at all. The color shown online was vibrant navy blue, but what arrived is faded grey. Will not be buying again.",Negative,Product Issue,2025-04-28
FB-00854,"My honest feedback: Package arrived two weeks past the guaranteed delivery date. Tracking was completely frozen. The delivery guy was extremely rude, refused to bring the heavy parcel up the elevator. Please fix this issue as soon as possible.",Negative,Delivery Issue,2025-05-03
FB-01983,Missing essential accessories from the retail box. Missing screws and power adapter. The blender blades became dull after blending soft fruits twice. Terrible motor vibration. Will not be buying again.,Negative,Product Issue,2025-08-14
FB-02775,Here is my experience: Representative confirmed receipt of documents and forwarded them to the review department. Contacted customer support regarding policy clarification. Representative provided the standard policy text. Decent enough for the price.,Neutral,Service Issue,2025-03-26
FB-01824,Customer review: Payment issue was resolved promptly and the full refund was credited back to my card without delay. Very satisfied with this purchase.,Positive,Payment Issue,2025-03-15
FB-00834,"Reviewing this after one month: Outstanding build quality! Feels hefty, solid, and premium in hand. Highly recommend this brand. One star is too generous for this.",Positive,Product Issue,2025-07-19
FB-01116,"In my opinion, Billing statement displays the company merchant name and invoice reference number. Decent enough for the price.",Neutral,Payment Issue,2025-02-08
FB-01167,"Quick and easy payment processing, very secure and transparent billing statements. Accidental overcharge was proactively spotted and refunded by billing team before I even asked. Will not be buying again.",Positive,Payment Issue,2025-12-25
FB-02519,Completely dissatisfied with the build quality. The zipper got stuck immediately and broke off. Average overall.,Negative,Product Issue,2025-07-23
FB-01907,"In my opinion, Courier was polite, arrived within the designated delivery window, and handed the package directly. The package arrived two days earlier than expected. Safe packaging with plenty of bubble wrap. Decent enough for the price.",Positive,Delivery Issue,2025-08-12
FB-00972,"In my opinion, Direct debit was processed twice in one billing cycle. Bank overdraft fees incurred as a result. Standard service, nothing extraordinary.",Negative,Payment Issue,2025-02-13
FB-02702,"In my opinion, The motor makes an alarming grinding noise when turned on. Immediate return initiated.",Negative,Product Issue,2026-02-01
FB-00400,Overall impression: The screen on this monitor has terrible backlight bleeding and dead pixels right in the center. One star is too generous for this.,Negative,Product Issue,2025-08-23
FB-02560,Customer review: Driver delivered my order to the wrong street address entirely. Neighbor had to bring it over. Average overall.,Negative,Delivery Issue,2025-07-15
FB-02369,"Just wanted to share my feedback: Agent was knowledgeable, empathetic, and replaced my lost item without any hassle or friction. Hope management addresses this promptly.",Positive,Service Issue,2026-02-27
FB-00020,Overall impression: Feedback regarding the store hours: extending Sunday opening hours to 8 PM would be beneficial. Decent enough for the price.,Neutral,General Feedback,2025-07-04
FB-00685,Here is my experience: Excellent delivery tracking updates via SMS every step of the transit. Very impressed. Average overall.,Positive,Delivery Issue,2026-03-11
FB-00036,Customer review: It would be helpful to have a physical store location opened in the downtown metropolitan area. Product catalog arrived in the mail today. Browsing through the new winter collection options. Hope management addresses this promptly.,Neutral,General Feedback,2025-08-27
FB-03041,Here is my experience: The latest software update fixed all previous bugs. The app is lightning fast and responsive now! Hope management addresses this promptly.,Positive,Technical Issue,2025-03-01
FB-00525,Reviewing this after one month: The courier left the parcel in the designated parcel locker box. Truly five star quality.,Neutral,Delivery Issue,2025-06-17
FB-02456,Reviewing this after one month: The invoice shows standard itemized sales tax and shipping calculation. Will see how it holds up.,Neutral,Payment Issue,2025-04-01
FB-00921,Warning to potential buyers: Item feels like a counterfeit knockoff. Materials are noticeably different from authentic retail stores. Extremely disappointing experience.,Negative,Product Issue,2025-09-21
FB-01842,"Overall impression: The payment gateway crashed during verification, resulting in pending holds on my debit card. The promotional discount coupon code was accepted at checkout but the full price was charged anyway. Truly five star quality.",Negative,Payment Issue,2025-05-09
FB-01891,Overall impression: The application requires iOS 16 or Android 12 minimum version to install. Software update prompt appeared upon launching the application as scheduled. Hope management addresses this promptly.,Neutral,Technical Issue,2025-09-13
FB-00538,Delivery driver followed all delivery instructions perfectly and hid the parcel behind the pillar. One star is too generous for this.,Positive,Delivery Issue,2025-03-27
FB-02807,Overall impression: Disappointed to see prices increased across the board while portion and package sizes were reduced. Product packaging uses far too much non-recyclable plastic and styrofoam. Very eco-unfriendly. Please fix this issue as soon as possible.,Negative,General Feedback,2026-03-06
FB-01706,Warning to potential buyers: Standard quality for the price point. Neither exceptionally good nor noticeably bad. Please fix this issue as soon as possible.,Neutral,Product Issue,2025-05-01
FB-03148,Just wanted to share my feedback: The billing department resolved my refund request within a few hours. Money back in my account! Invoice receipt was sent instantly to my email with clear itemized taxes and discounts. Truly five star quality.,Positive,Payment Issue,2026-03-10
FB-00246,Invoice receipt was sent instantly to my email with clear itemized taxes and discounts. The billing department resolved my refund request within a few hours. Money back in my account! Hope management addresses this promptly.,Positive,Payment Issue,2025-08-18
FB-00785,Overall impression: The invoice shows standard itemized sales tax and shipping calculation. Truly five star quality.,Neutral,Payment Issue,2026-02-19
FB-01410,Quick update on my order: Disappointed to see prices increased across the board while portion and package sizes were reduced. Extremely disappointing experience.,Negative,General Feedback,2025-09-29
FB-02538,"Honestly, The stitching on the jacket came undone after the very first gentle wash. Very poor quality control. Will not be buying again.",Negative,Product Issue,2025-03-21
FB-00155,"In my opinion, The web portal uses standard HTTPS authentication and session cookie validation. Very satisfied with this purchase.",Neutral,Technical Issue,2025-12-30
FB-01687,Writing this review after recent experience: The web portal uses standard HTTPS authentication and session cookie validation. Will not be buying again.,Neutral,Technical Issue,2026-02-14
FB-00626,"In my opinion, Item feels like a counterfeit knockoff. Materials are noticeably different from authentic retail stores. Truly five star quality.",Negative,Product Issue,2025-08-19
FB-02734,"Warning to potential buyers: Courier was polite, arrived within the designated delivery window, and handed the package directly. Delivered in less than 24 hours in pristine condition. Super fast and careful logistics! Truly five star quality.",Positive,Delivery Issue,2026-02-17
FB-03089,Warning to potential buyers: The live chat bot is an endless loop that refuses to transfer me to a human representative. Will not be buying again.,Negative,Service Issue,2025-08-03
FB-01347,"In my opinion, Top tier craftsmanship. Everything feels durable, well-finished, and built to last years. Decent enough for the price.",Positive,Product Issue,2026-02-14
FB-00570,Writing this review after recent experience: The charge reflects the exact amount stated on the order summary page. Very satisfied with this purchase.,Neutral,Payment Issue,2026-01-18
FB-03150,Payment issue was resolved promptly and the full refund was credited back to my card without delay. The billing department resolved my refund request within a few hours. Money back in my account! 10/10 would recommend to anyone.,Positive,Payment Issue,2025-05-01
FB-01759,"To be completely frank, Tracking updates were logged at each regional distribution center as expected. Decent enough for the price.",Neutral,Delivery Issue,2026-02-26
FB-01817,"My honest feedback: The desktop application constantly freezes during data sync, losing all unsaved customer entries. One star is too generous for this.",Negative,Technical Issue,2025-10-06
FB-02066,Overall impression: The device overheats within ten minutes of normal usage. Severe fire hazard in my opinion. The sole of the running shoe detached during my second jog. Shockingly substandard durability.,Negative,Product Issue,2025-03-12
FB-00128,"In my opinion, The checkout page applied an unauthorized recurring subscription charge without my explicit consent. Decent enough for the price.",Negative,Payment Issue,2025-10-29
FB-03200,"In my opinion, Tracking updates were logged at each regional distribution center as expected. One star is too generous for this.",Neutral,Delivery Issue,2025-10-05
FB-02007,My honest feedback: Disappointed to see prices increased across the board while portion and package sizes were reduced. Excessive marketing emails and push notifications sent three times a day despite opting out. Hope management addresses this promptly.,Negative,General Feedback,2025-11-29
FB-00981,Customer review: Payment issue was resolved promptly and the full refund was credited back to my card without delay. Invoice receipt was sent instantly to my email with clear itemized taxes and discounts. Highly recommend!,Positive,Payment Issue,2025-09-03
FB-03197,"Just wanted to share my feedback: Immediate response on live chat within 30 seconds. Handled my inquiry with total professionalism. Standard service, nothing extraordinary.",Positive,Service Issue,2025-07-19
FB-00191,"Reviewing this after one month: Love shopping with this company! Always a delight, high standards, and wonderful overall experience. The commitment to eco-friendly biodegradable packaging is commendable and deeply appreciated. Truly five star quality.",Positive,General Feedback,2025-09-11
FB-01140,Here is my experience: Remarkable ergonomics and silent keys. Typing all day has become significantly more comfortable. Average overall.,Positive,Product Issue,2025-05-25
FB-00993,"In my opinion, Representative confirmed receipt of documents and forwarded them to the review department. Automated chat system provided links to the relevant knowledge base articles for my query. Decent enough for the price.",Neutral,Service Issue,2025-03-25
FB-00700,Overall impression: Disappointed to see prices increased across the board while portion and package sizes were reduced. Very satisfied with this purchase.,Negative,General Feedback,2025-07-16
FB-00607,Here is my experience: Excellent delivery tracking updates via SMS every step of the transit. Very impressed. Decent enough for the price.,Positive,Delivery Issue,2026-02-03
FB-00181,Immediate response on live chat within 30 seconds. Handled my inquiry with total professionalism. Support team followed up with a courtesy call the next day to confirm everything was working smoothly. Highly recommend!,Positive,Service Issue,2025-03-06
FB-00302,The promotional discount coupon code was accepted at checkout but the full price was charged anyway. Will not be buying again.,Negative,Payment Issue,2025-10-02
FB-02545,Here is my experience: Defective unit received. It refuses to power on even after charging overnight with the original cable. Very satisfied with this purchase.,Negative,Product Issue,2026-03-14
FB-02986,Overall impression: Excessive marketing emails and push notifications sent three times a day despite opting out. Will not be buying again.,Negative,General Feedback,2025-08-12
FB-01061,"Honestly, The knife set is razor sharp right out of the box and balances comfortably in hand. Truly five star quality.",Positive,Product Issue,2025-12-24
FB-03031,"To be completely frank, Product packaging uses far too much non-recyclable plastic and styrofoam. Very eco-unfriendly.",Negative,General Feedback,2025-04-17
FB-03091,"To be completely frank, It performs the required tasks. The design is utilitarian and does what it is supposed to. The product matches the specifications listed. It performs standard functions as described. Decent enough for the price.",Neutral,Product Issue,2025-08-27
FB-02566,"Honestly, Escalated to a supervisor three days ago and still waiting in total silence for an update. One star is too generous for this.",Negative,Service Issue,2025-10-23
FB-01070,Overall impression: A pre-authorization hold was placed on the card and settled upon shipment dispatch.,Neutral,Payment Issue,2025-08-12
FB-02525,"Honestly, My payment went through and funds were deducted from my bank, but the website shows order failed. Extremely disappointing experience.",Negative,Payment Issue,2025-11-03
FB-02206,"To be completely frank, Refund was processed back to my bank account instantly. Great service and hassle free transaction! 10/10 would recommend to anyone.",Positive,  PAYMENT ISSUE  ,2025-06-04
FB-01244,Warning to potential buyers: Package was left out in heavy pouring rain without any protective plastic wrap. Carrier mishandled the parcel. The fragile sticker was completely ignored and items were shattered. Will not be buying again.,Negative,Delivery Issue,2025-12-03
FB-00017,Here is my experience: The replacement unit had the exact same defect as the first one. Terrible manufacturing batches. The blender blades became dull after blending soft fruits twice. Terrible motor vibration. Decent enough for the price.,Negative,Product Issue,2025-06-23
FB-02177,Customer review: Session timeout occurs every two minutes while filling out the order details. Infuriating bug. Website throws a 500 internal server error whenever I attempt to update my profile information. Average overall.,Negative,Technical Issue,2026-02-05
FB-00547,"Writing this review after recent experience: The delivery guy was extremely rude, refused to bring the heavy parcel up the elevator. Decent enough for the price.",Negative,Delivery Issue,2025-12-02
FB-00659,"To be completely frank, Software update prompt appeared upon launching the application as scheduled. Password requirements require at least eight characters, one uppercase letter, and a number. Decent enough for the price.",Neutral,Technical Issue,2025-11-27
FB-02907,"Reviewing this after one month: Love shopping with this company! Always a delight, high standards, and wonderful overall experience. Great brand loyalty rewards program. Truly values recurring customers with meaningful perks. Decent enough for the price.",Positive,General Feedback,2025-04-05
FB-02941,Quick update on my order: The item is functional. Dimensions match the specification sheet provided on the website. Product functions as stated in the user manual. No unexpected features or defects detected.,Neutral,Product Issue,2025-12-18
FB-01505,Customer review: The package arrived on the scheduled date within the afternoon delivery window. Decent enough for the price.,Neutral,Delivery Issue,2025-01-27
FB-00960,"Customer review: The screen on this monitor has terrible backlight bleeding and dead pixels right in the center. Battery life is terrible, barely lasts 45 minutes on a full charge instead of the advertised 8 hours. Average overall.",Negative,Product Issue,2026-03-11
FB-02332,Overall impression: Driver delivered my order to the wrong street address entirely. Neighbor had to bring it over. Extremely disappointing experience.,Negative,Delivery Issue,2026-03-09
FB-00798,"Honestly, Tracking status says delivered to resident, but security camera footage proves no driver showed up. Delivery was delayed four separate times with zero explanation or notification from the carrier. Please fix this issue as soon as possible.",Negative,Delivery Issue,2025-08-28
FB-00226,Warning to potential buyers: Search filter on the store website is completely broken; returning zero results for standard items. Will not be buying again.,Negative,Technical Issue,2025-05-26
FB-02075,"Writing this review after recent experience: Refused to honor price match policy despite valid proof submitted before the purchase. The refund was promised within 3 to 5 business days, but four weeks have passed with no money returned. Will not be buying again.",Negative,Payment Issue,2026-02-02
FB-01800,"Quick update on my order: The payment gateway crashed during verification, resulting in pending holds on my debit card. Decent enough for the price.",Negative,Payment Issue,2025-10-20
FB-02486,"Here is my experience: Agent was knowledgeable, empathetic, and replaced my lost item without any hassle or friction. Will see how it holds up.",Positive,Service Issue,2026-03-20
FB-03183,"To be completely frank, Package arrived two weeks past the guaranteed delivery date. Tracking was completely frozen. The delivery guy was extremely rude, refused to bring the heavy parcel up the elevator. Will see how it holds up.",Negative,Delivery Issue,2025-06-20
FB-02278,"Honestly, Immediate response on live chat within 30 seconds. Handled my inquiry with total professionalism. Hope management addresses this promptly.",Positive,Service Issue,2025-03-15
FB-02086,Writing this review after recent experience: Bluetooth pairing disconnects constantly after three minutes of connection on modern Android. Decent enough for the price.,Negative,Technical Issue,2025-11-03
FB-01694,Just wanted to share my feedback: Package was left out in heavy pouring rain without any protective plastic wrap. Will not be buying again.,Negative,Delivery Issue,2026-03-06
FB-02798,"Writing this review after recent experience: Quick and easy payment processing, very secure and transparent billing statements. Truly five star quality.",Positive,Payment Issue,2025-09-06
FB-01046,Overall impression: Delivered in less than 24 hours in pristine condition. Super fast and careful logistics! One star is too generous for this.,Positive,Delivery Issue,2026-01-22
FB-00470,"Here is my experience: Hidden processing fees and unexpected convenience surcharges were added without disclosure at checkout. The refund was promised within 3 to 5 business days, but four weeks have passed with no money returned. Average overall.",Negative,Payment Issue,2025-03-15
FB-00955,Warning to potential buyers: The delivery courier literally threw the box over my gate and crushed the contents inside. Decent enough for the price.,Negative,Delivery Issue,2026-02-05
FB-03199,The screen is vibrant and crisp with zero glare. Best display I have ever purchased. Will see how it holds up.,Positive,Product Issue,2025-07-08
FB-02736,"My honest feedback: Payment process was swift, seamless, and securely authenticated with Apple Pay. 10/10 would recommend to anyone.",Positive,Payment Issue,2025-06-22
FB-00640,Quick update on my order: Best support experience I have ever had. The agent went above and beyond to make things right. Will not be buying again.,Positive,Service Issue,2025-02-11
FB-02989,Warning to potential buyers: The knife set is razor sharp right out of the box and balances comfortably in hand. One star is too generous for this.,Positive,Product Issue,2025-09-11
FB-01219,"Warning to potential buyers: The delivery guy was extremely rude, refused to bring the heavy parcel up the elevator. One star is too generous for this.",Negative,Delivery Issue,2025-09-08
FB-01159,My honest feedback: Support team followed up with a courtesy call the next day to confirm everything was working smoothly. 10/10 would recommend to anyone.,Positive,Service Issue,2025-05-24
FB-01416,Just wanted to share my feedback: Representative confirmed receipt of documents and forwarded them to the review department. Average overall.,Neutral,Service Issue,2025-12-24
FB-02918,Quick update on my order: Superb audio fidelity with deep bass and crystal clear treble. Truly noise cancelling! Please fix this issue as soon as possible.,Positive,Product Issue,2025-03-28
FB-01528,"Writing this review after recent experience: My payment went through and funds were deducted from my bank, but the website shows order failed. Will not be buying again.",Negative,Payment Issue,2026-03-19
FB-03138,"In my opinion, The screen is vibrant and crisp with zero glare. Best display I have ever purchased.",Positive,Product Issue,2026-02-27
FB-01301,Warning to potential buyers: Superb audio fidelity with deep bass and crystal clear treble. Truly noise cancelling! Exceeded all my expectations. The battery lasts well over two full days of heavy use.,Positive,Product Issue,2025-06-14
FB-03079,Writing this review after recent experience: Excellent delivery tracking updates via SMS every step of the transit. Very impressed. Delivered in less than 24 hours in pristine condition. Super fast and careful logistics! Very satisfied with this purchase.,Positive,Delivery Issue,2025-06-12
FB-02849,"In my opinion, Refused to honor price match policy despite valid proof submitted before the purchase. Decent enough for the price.",Negative,Payment Issue,2025-03-19
FB-01604,Customer review: It performs the required tasks. The design is utilitarian and does what it is supposed to. One star is too generous for this.,Neutral,Product Issue,2026-03-09
FB-00161,"To be completely frank, Order has been stuck at the local sorting hub for over ten days with no scheduled delivery date. Average overall.",Negative,Delivery Issue,2026-01-30
FB-01705,Representative gave contradictory information compared to what is written in your official refund policy. Please fix this issue as soon as possible.,Negative,Service Issue,2025-11-12
FB-00957,Customer review: Water leaks right through the supposed waterproof seam. Ruined my electronics during light rain. Very satisfied with this purchase.,Negative,Product Issue,2025-01-29
FB-02870,Just wanted to share my feedback: The checkout page applied an unauthorized recurring subscription charge without my explicit consent. Please fix this issue as soon as possible.,Negative,Payment Issue,2025-12-16
FB-03132,Writing this review after recent experience: Crash reporting tool automatically recovered my unsaved workspace data after my computer rebooted. Single sign-on worked effortlessly and synchronized all my cross-platform cloud data in seconds. Truly five star quality.,Positive,Technical Issue,2026-01-25
FB-00878,"Warning to potential buyers: Agent was knowledgeable, empathetic, and replaced my lost item without any hassle or friction. Customer representative Sarah was phenomenal! Patient, attentive, and solved my problem in 5 minutes. One star is too generous for this.",Positive,Service Issue,2026-03-01
FB-01920,"To be completely frank, The new user interface layout is modern, clean, visually appealing, and very easy on the eyes. Consistently wonderful service and quality across all my orders over the past three years. Keep it up! Decent enough for the price.",Positive,General Feedback,2025-03-05
FB-01885,"To be completely frank, Single sign-on worked effortlessly and synchronized all my cross-platform cloud data in seconds. The latest software update fixed all previous bugs. The app is lightning fast and responsive now! Hope management addresses this promptly.",Positive,Technical Issue,2025-12-06
FB-02201,Here is my experience: Automated chat system provided links to the relevant knowledge base articles for my query. Operating hours for live phone support are Monday through Friday from 9 AM to 6 PM EST. Truly five star quality.,Neutral,Service Issue,2025-07-08
FB-00099,"Reviewing this after one month: Password requirements require at least eight characters, one uppercase letter, and a number. Very satisfied with this purchase.",Neutral,Technical Issue,2025-04-21
FB-03039,The item arrived broken and feels extremely cheap. The plastic cracked within two hours of use. Will see how it holds up.,Negative,Product Issue,2025-12-24
FB-02558,"Honestly, Representative gave contradictory information compared to what is written in your official refund policy. Support rep claimed they could not locate my account despite providing the exact account ID and email. Will not be buying again.",Negative,Service Issue,2025-03-04
FB-00254,Overall impression: The web portal uses standard HTTPS authentication and session cookie validation. Decent enough for the price.,Neutral,Technical Issue,2026-02-16
FB-00104,Quick update on my order: The live chat bot is an endless loop that refuses to transfer me to a human representative. Hope management addresses this promptly.,Negative,Service Issue,2026-02-05
FB-01446,"In my opinion, Package arrived two weeks past the guaranteed delivery date. Tracking was completely frozen. Will not be buying again.",Negative,Delivery Issue,2025-03-23
FB-01444,Just wanted to share my feedback: Data synchronization executes automatically at 15-minute intervals when connected to Wi-Fi. Decent enough for the price.,Neutral,Technical Issue,2025-05-21
FB-01649,Reviewing this after one month: Superb audio fidelity with deep bass and crystal clear treble. Truly noise cancelling! Truly five star quality.,Positive,Product Issue,2025-08-25
FB-00587,My honest feedback: Customer support agent took quick action and resolved my issue immediately. Great service! Will not be buying again.,Positive,Service Issue,2025-02-12
FB-00628,Writing this review after recent experience: Completely dissatisfied with the build quality. The zipper got stuck immediately and broke off. Will see how it holds up.,Negative,Product Issue,2025-03-01
FB-01697,"Warning to potential buyers: Customer support representative was extremely rude, dismissive, and hung up on me mid-sentence. Very satisfied with this purchase.",Negative,Service Issue,2025-07-06
FB-02102,"Honestly, Courier was polite, arrived within the designated delivery window, and handed the package directly. Highly recommend!",Positive,Delivery Issue,2025-12-14
FB-02200,"Just wanted to share my feedback: Delivery driver followed all delivery instructions perfectly and hid the parcel behind the pillar. Courier was polite, arrived within the designated delivery window, and handed the package directly. Highly recommend!",Positive,Delivery Issue,2025-10-16
FB-00404,"Honestly, Customer agent took over two hours to answer and then hung up the phone without helping. One star is too generous for this.",Negative,Service Issue,2025-11-13
FB-01155,Writing this review after recent experience: Package arrived in standard cardboard packaging with carrier shipping labels attached. Very satisfied with this purchase.,Neutral,Delivery Issue,2025-08-14
FB-02256,"Here is my experience: The billing department resolved my refund request within a few hours. Money back in my account! Payment process was swift, seamless, and securely authenticated with Apple Pay. 10/10 would recommend to anyone.",Positive,Payment Issue,2025-07-30
FB-02864,Warning to potential buyers: Search filter on the store website is completely broken; returning zero results for standard items. The mobile app crashes every single time I tap the checkout or view cart button. One star is too generous for this.,Negative,Technical Issue,2025-05-22
FB-01683,"In my opinion, Customer support representative was extremely rude, dismissive, and hung up on me mid-sentence. Agent promised a follow-up call back by 3 PM yesterday, but nobody ever bothered to call. Will not be buying again.",Negative,Service Issue,2025-10-01
FB-02057,Reviewing this after one month: Product packaging uses far too much non-recyclable plastic and styrofoam. Very eco-unfriendly. The loyalty rewards program has been devalued so heavily that accumulated points are virtually worthless. Truly five star quality.,Negative,General Feedback,2025-10-30
FB-03056,Customer review: Excellent delivery tracking updates via SMS every step of the transit. Very impressed. Decent enough for the price.,Positive,Delivery Issue,2026-02-08
FB-00453,"To be completely frank, The application requires iOS 16 or Android 12 minimum version to install. One star is too generous for this.",Neutral,Technical Issue,2026-01-16
FB-02302,Writing this review after recent experience: Session timeout occurs every two minutes while filling out the order details. Infuriating bug. Truly five star quality.,Negative,Technical Issue,2026-01-14
FB-01328,"Overall impression: Love shopping with this company! Always a delight, high standards, and wonderful overall experience. 10/10 would recommend to anyone.",Positive,General Feedback,2025-08-23
FB-02050,"Honestly, Average build quality. It is acceptable for occasional household use. It performs the required tasks. The design is utilitarian and does what it is supposed to. Truly five star quality.",Neutral,Product Issue,2025-03-07
FB-00881,Quick update on my order: The delivery courier literally threw the box over my gate and crushed the contents inside. Average overall.,Negative,Delivery Issue,2026-01-12
FB-03135,"Honestly, The live chat bot is an endless loop that refuses to transfer me to a human representative. Truly five star quality.",Negative,Service Issue,2025-09-11
FB-00624,"In my opinion, Product smells strongly of harsh chemicals and the material feels flimsy and brittle. Will not be buying again.",Negative,Product Issue,2025-03-22
FB-02394,Quick update on my order: Session timeout occurs every two minutes while filling out the order details. Infuriating bug. Will see how it holds up.,Negative,Technical Issue,2025-10-21
FB-02981,"Quick update on my order: Top tier craftsmanship. Everything feels durable, well-finished, and built to last years. Decent enough for the price.",Positive,Product Issue,2025-08-25
FB-01788,Quick update on my order: The courier left the parcel in the designated parcel locker box. Decent enough for the price.,Neutral,Delivery Issue,2025-01-19
FB-00263,Just wanted to share my feedback: I would suggest adding more color options and sizes to your seasonal catalog in future releases. Decent enough for the price.,Neutral,General Feedback,2025-07-01
FB-01635,Warning to potential buyers: Unable to remove my expired credit card from the saved billing wallet. Security concern! One star is too generous for this.,Negative,Payment Issue,2025-03-11
FB-01439,"Warning to potential buyers: Payment process was swift, seamless, and securely authenticated with Apple Pay. One star is too generous for this.",Positive,Payment Issue,2025-11-01
FB-02199,Writing this review after recent experience: Delivery took four business days as estimated during checkout. Standard transit time. Tracking updates were logged at each regional distribution center as expected. Will not be buying again.,Neutral,Delivery Issue,2026-03-12
FB-01970,My honest feedback: Product functions as stated in the user manual. No unexpected features or defects detected. One star is too generous for this.,Neutral,Product Issue,2025-08-24
FB-02521,Overall impression: The mobile app crashes every single time I tap the checkout or view cart button. Average overall.,Negative,Technical Issue,2025-06-24
FB-01803,Customer review: Session timeout occurs every two minutes while filling out the order details. Infuriating bug. Please fix this issue as soon as possible.,Negative,Technical Issue,2025-08-22
FB-00641,Warning to potential buyers: Refused to honor price match policy despite valid proof submitted before the purchase. Hope management addresses this promptly.,Negative,Payment Issue,2025-12-01
FB-01448,Quick update on my order: The live chat bot is an endless loop that refuses to transfer me to a human representative. Truly five star quality.,Negative,Service Issue,2025-01-28
FB-02386,Overall impression: The screen on this monitor has terrible backlight bleeding and dead pixels right in the center. One star is too generous for this.,Negative,Product Issue,2025-03-28
FB-02599,"Warning to potential buyers: The fabric is luxurious, soft, and fits true to size. The stitching is impeccable. 10/10 would recommend to anyone.",Positive,Product Issue,2025-03-19
FB-03042,Quick update on my order: Data synchronization executes automatically at 15-minute intervals when connected to Wi-Fi. Please fix this issue as soon as possible.,Neutral,Technical Issue,2025-04-23
FB-01960,Reviewing this after one month: Support rep claimed they could not locate my account despite providing the exact account ID and email. Hope management addresses this promptly.,Negative,Service Issue,2025-09-15
FB-00489,Warning to potential buyers: The item is functional. Dimensions match the specification sheet provided on the website. Standard quality for the price point. Neither exceptionally good nor noticeably bad. Decent enough for the price.,Neutral,Product Issue,2025-07-01
FB-01844,Warning to potential buyers: API documentation is clear and the integration was completely error-free and stable under load. Will not be buying again.,Positive,Technical Issue,2026-02-22
FB-01735,Reviewing this after one month: Refund was processed back to my bank account instantly. Great service and hassle free transaction! Please fix this issue as soon as possible.,Positive,Payment Issue,2025-07-15
FB-02912,"Warning to potential buyers: Love shopping with this company! Always a delight, high standards, and wonderful overall experience. The new user interface layout is modern, clean, visually appealing, and very easy on the eyes. One star is too generous for this.",Positive,General Feedback,2025-04-19
FB-00147,Just wanted to share my feedback: Payment processed through the standard 3D secure verification window without errors. Average overall.,Neutral,Payment Issue,2026-02-07
FB-01535,Reviewing this after one month: Latest app update completely broke the biometric face ID login functionality on iOS. Will not be buying again.,Negative,Technical Issue,2025-08-05
FB-01987,"In my opinion, Payment issue was resolved promptly and the full refund was credited back to my card without delay. The billing department resolved my refund request within a few hours. Money back in my account! 10/10 would recommend to anyone.",Positive,Payment Issue,2025-10-30
FB-01370,"In my opinion, Password reset emails are never received, even after checking spam folders multiple times. Bluetooth pairing disconnects constantly after three minutes of connection on modern Android. Will not be buying again.",Negative,Technical Issue,2025-11-10
FB-02451,It performs the required tasks. The design is utilitarian and does what it is supposed to. Average overall.,Neutral,Product Issue,2025-06-26
FB-03154,Writing this review after recent experience: The courier left the parcel in the designated parcel locker box. Decent enough for the price.,Neutral,Delivery Issue,2025-06-09
FB-02812,Customer review: The invoice shows standard itemized sales tax and shipping calculation. Will see how it holds up.,Neutral,Payment Issue,2025-08-27
FB-00660,Overall impression: The latest software update fixed all previous bugs. The app is lightning fast and responsive now! Single sign-on worked effortlessly and synchronized all my cross-platform cloud data in seconds. Very satisfied with this purchase.,Positive,Technical Issue,2025-07-27
FB-01795,"To be completely frank, Single sign-on worked effortlessly and synchronized all my cross-platform cloud data in seconds. Truly five star quality.",Positive,Technical Issue,2025-07-09
FB-02512,"To be completely frank, Latest app update completely broke the biometric face ID login functionality on iOS. Search filter on the store website is completely broken; returning zero results for standard items. Please fix this issue as soon as possible.",Negative,Technical Issue,2025-04-12
FB-00187,"Here is my experience: The outer shipping carton was completely soaked, torn open, and taped haphazardly by the courier. Extremely disappointing experience.",Negative,Delivery Issue,2026-01-29
FB-01148,Just wanted to share my feedback: The item is functional. Dimensions match the specification sheet provided on the website. Will see how it holds up.,Neutral,Product Issue,2025-04-23
FB-00609,"Honestly, Water leaks right through the supposed waterproof seam. Ruined my electronics during light rain. One star is too generous for this.",Negative,Product Issue,2025-05-15
FB-02192,"In my opinion, Customer support representative was extremely rude, dismissive, and hung up on me mid-sentence. Will not be buying again.",Negative,Service Issue,2025-10-08
FB-02800,Writing this review after recent experience: Basic entry-level unit. It comes with standard plastic casing and standard power cords. The item is functional. Dimensions match the specification sheet provided on the website. Decent enough for the price.,Neutral,Product Issue,2025-03-22
FB-01931,Just wanted to share my feedback: The invoice shows standard itemized sales tax and shipping calculation. Billing statement displays the company merchant name and invoice reference number. Will see how it holds up.,Neutral,Payment Issue,2026-03-19
FB-00198,Here is my experience: Disappointed to see prices increased across the board while portion and package sizes were reduced. Average overall.,Negative,General Feedback,2025-08-27
FB-02932,Customer agent took over two hours to answer and then hung up the phone without helping. Received generic copy-paste canned responses that did not even address the issue I described. Average overall.,Negative,Service Issue,2025-02-22
FB-02328,Here is my experience: The application requires iOS 16 or Android 12 minimum version to install. Will see how it holds up.,Neutral,Technical Issue,2025-01-30
FB-00294,My honest feedback: Delivered in less than 24 hours in pristine condition. Super fast and careful logistics! Truly five star quality.,Positive,Delivery Issue,2025-09-14
FB-00767,"In my opinion, Product smells strongly of harsh chemicals and the material feels flimsy and brittle. Completely dissatisfied with the build quality. The zipper got stuck immediately and broke off. Hope management addresses this promptly.",Negative,Product Issue,2026-01-22
FB-00401,"Reviewing this after one month: Smooth, glitch-free UI with intuitive navigation. Great performance even on older phone models. Single sign-on worked effortlessly and synchronized all my cross-platform cloud data in seconds. Truly five star quality.",Positive,Technical Issue,2025-02-09
FB-00123,"Honestly, The promotional discount coupon code was accepted at checkout but the full price was charged anyway.",Negative,Payment Issue,2025-12-26
FB-00203,"In my opinion, Support team followed up with a courtesy call the next day to confirm everything was working smoothly. Superb customer service experience, polite and helpful agents. Please fix this issue as soon as possible.",Positive,Service Issue,2025-07-14
FB-00836,Overall impression: Accidental overcharge was proactively spotted and refunded by billing team before I even asked. Invoice receipt was sent instantly to my email with clear itemized taxes and discounts.,Positive,Payment Issue,2025-11-02
FB-02295,"Honestly, Express next-day shipping fee paid, yet took seven business days to arrive. Terrible courier service. Very satisfied with this purchase.",Negative,Delivery Issue,2025-04-14
FB-01440,Writing this review after recent experience: Missing essential accessories from the retail box. Missing screws and power adapter. Hardware failure after only two weeks. The buttons no longer register any clicks. Extremely disappointing experience.,Negative,Product Issue,2026-01-26
FB-01734,My honest feedback: Billing statement displays the company merchant name and invoice reference number. Decent enough for the price.,Neutral,Payment Issue,2025-03-28
FB-01696,"Warning to potential buyers: Customer support representative was extremely rude, dismissive, and hung up on me mid-sentence. Will not be buying again.",Negative,Service Issue,2025-07-24
FB-03145,Here is my experience: Great brand loyalty rewards program. Truly values recurring customers with meaningful perks. One star is too generous for this.,Positive,General Feedback,2025-03-27
FB-01708,"In my opinion, Invoice receipt was sent instantly to my email with clear itemized taxes and discounts. Will see how it holds up.",Positive,Payment Issue,2025-11-25
FB-03130,Reviewing this after one month: Support agent closed my ticket without providing any resolution or response to my question. Will see how it holds up.,Negative,Service Issue,2025-04-14
FB-01154,"Honestly, The refund was promised within 3 to 5 business days, but four weeks have passed with no money returned. Unable to remove my expired credit card from the saved billing wallet. Security concern! One star is too generous for this.",Negative,Payment Issue,2025-07-19
FB-01662,"Just wanted to share my feedback: Courier was polite, arrived within the designated delivery window, and handed the package directly. 10/10 would recommend to anyone.",Positive,Delivery Issue,2025-12-05
FB-02433,The package arrived on the scheduled date within the afternoon delivery window. Please fix this issue as soon as possible.,Neutral,Delivery Issue,2025-09-20
FB-01760,"Writing this review after recent experience: Courier was polite, arrived within the designated delivery window, and handed the package directly. Seamless delivery experience. Box arrived in mint condition with zero dents or creases. One star is too generous for this.",Positive,Delivery Issue,2025-10-11
FB-00855,"In my opinion, The charge reflects the exact amount stated on the order summary page. Billing statement displays the company merchant name and invoice reference number. Decent enough for the price.",Neutral,Payment Issue,2026-03-02
FB-01590,Warning to potential buyers: Product packaging uses far too much non-recyclable plastic and styrofoam. Very eco-unfriendly. One star is too generous for this.,Negative,General Feedback,2025-11-26
FB-02268,"To be completely frank, Customer support agent took quick action and resolved my issue immediately. Great service! Standard service, nothing extraordinary.",Positive,Service Issue,2025-03-30
FB-00642,"Quick update on my order: Smooth, glitch-free UI with intuitive navigation. Great performance even on older phone models. Crash reporting tool automatically recovered my unsaved workspace data after my computer rebooted. Standard service, nothing extraordinary.",Positive,Technical Issue,2025-02-28
FB-00002,Search filter on the store website is completely broken; returning zero results for standard items. Will not be buying again.,Negative,Technical Issue,2025-11-29
FB-02161,My honest feedback: The invoice shows standard itemized sales tax and shipping calculation. Billing statement displays the company merchant name and invoice reference number. Will see how it holds up.,Neutral,Payment Issue,2026-01-28
FB-00699,Warning to potential buyers: Crash reporting tool automatically recovered my unsaved workspace data after my computer rebooted. Please fix this issue as soon as possible.,Positive,Technical Issue,2025-10-30
FB-03000,"In my opinion, The fabric is luxurious, soft, and fits true to size. The stitching is impeccable.",Positive,Product Issue,2025-03-31
FB-01637,"Honestly, The desktop application constantly freezes during data sync, losing all unsaved customer entries. Decent enough for the price.",Negative,Technical Issue,2026-02-18
FB-01292,Here is my experience: High quality product that matches the photos and descriptions perfectly. Very pleased. Will not be buying again.,Positive,Product Issue,2025-12-25
FB-03068,Quick update on my order: A pre-authorization hold was placed on the card and settled upon shipment dispatch. Average overall.,Neutral,Payment Issue,2025-02-19
FB-02490,"My payment went through and funds were deducted from my bank, but the website shows order failed. Will not be buying again.",Negative,Payment Issue,2025-03-14
FB-01521,Overall impression: Seamless delivery experience. Box arrived in mint condition with zero dents or creases.,Positive,Delivery Issue,2026-01-03
FB-01854,"Here is my experience: Latest app update completely broke the biometric face ID login functionality on iOS. The mobile app crashes every single time I tap the checkout or view cart button. Standard service, nothing extraordinary.",Negative,Technical Issue,2026-03-05
FB-01137,Customer review: Delivered in less than 24 hours in pristine condition. Super fast and careful logistics! The package arrived two days earlier than expected. Safe packaging with plenty of bubble wrap. Will see how it holds up.,Positive,Delivery Issue,2025-12-27
FB-03114,"To be completely frank, Horrible customer service. Nobody takes accountability and every department blames the other. Support agent closed my ticket without providing any resolution or response to my question. Decent enough for the price.",Negative,Service Issue,2025-09-03
FB-01632,Reviewing this after one month: The screen is vibrant and crisp with zero glare. Best display I have ever purchased. The knife set is razor sharp right out of the box and balances comfortably in hand. Please fix this issue as soon as possible.,Positive,Product Issue,2025-02-08
FB-01999,"Just wanted to share my feedback: The application requires iOS 16 or Android 12 minimum version to install. Standard service, nothing extraordinary.",Neutral,Technical Issue,2025-10-30
FB-00664,Warning to potential buyers: Crash reporting tool automatically recovered my unsaved workspace data after my computer rebooted. Truly five star quality.,Positive,Technical Issue,2025-12-24
FB-00684,"To be completely frank, Completely dissatisfied with the build quality. The zipper got stuck immediately and broke off.",Negative,Product Issue,2025-12-25
FB-01258,Just wanted to share my feedback: Basic entry-level unit. It comes with standard plastic casing and standard power cords. Will see how it holds up.,Neutral,Product Issue,2026-01-17
FB-00318,"To be completely frank, The item arrived broken and feels extremely cheap. The plastic cracked within two hours of use. Extremely disappointing experience.",Negative,Product Issue,2025-04-20
FB-00649,"Honestly, The web portal uses standard HTTPS authentication and session cookie validation. Truly five star quality.",Neutral,Technical Issue,2025-04-03
FB-01435,"Honestly, Product packaging uses far too much non-recyclable plastic and styrofoam. Very eco-unfriendly. Disappointed to see prices increased across the board while portion and package sizes were reduced. Average overall.",Negative,General Feedback,2025-03-10
FB-01480,"Warning to potential buyers: Smooth, glitch-free UI with intuitive navigation. Great performance even on older phone models. Truly five star quality.",Positive,Technical Issue,2025-08-18
FB-00710,Warning to potential buyers: The screen is vibrant and crisp with zero glare. Best display I have ever purchased. Average overall.,Positive,Product Issue,2025-08-30
FB-01283,"Overall impression: Quick and easy payment processing, very secure and transparent billing statements. Invoice receipt was sent instantly to my email with clear itemized taxes and discounts. 10/10 would recommend to anyone.",Positive,Payment Issue,2026-02-26
FB-01769,"To be completely frank, Superb customer service experience, polite and helpful agents. Very satisfied with this purchase.",Positive,Service Issue,2025-11-15
FB-00973,"Quick update on my order: Express next-day shipping fee paid, yet took seven business days to arrive. Terrible courier service. The delivery courier literally threw the box over my gate and crushed the contents inside. Will not be buying again.",Negative,Delivery Issue,2025-05-08
FB-02676,"In my opinion, The hinge feels loose and wobbles whenever opened. Not worth half of what I paid. Decent enough for the price.",Negative,Product Issue,2025-12-20
FB-02681,Writing this review after recent experience: API documentation is clear and the integration was completely error-free and stable under load. Decent enough for the price.,Positive,Technical Issue,2025-02-10
FB-01307,Just wanted to share my feedback: Website throws a 500 internal server error whenever I attempt to update my profile information. Latest app update completely broke the biometric face ID login functionality on iOS. One star is too generous for this.,Negative,Technical Issue,2025-03-28
FB-01401,"Just wanted to share my feedback: Smooth, glitch-free UI with intuitive navigation. Great performance even on older phone models. API documentation is clear and the integration was completely error-free and stable under load. Please fix this issue as soon as possible.",Positive,Technical Issue,2025-03-08
FB-01409,"Reviewing this after one month: Password requirements require at least eight characters, one uppercase letter, and a number. Decent enough for the price.",Neutral,Technical Issue,2025-10-18
FB-02238,Writing this review after recent experience: Bluetooth pairing disconnects constantly after three minutes of connection on modern Android. Will not be buying again.,Negative,Technical Issue,2026-01-22
FB-01497,My honest feedback: The billing department resolved my refund request within a few hours. Money back in my account!,Positive,Payment Issue,2025-04-27
FB-02039,"Quick update on my order: Smooth, glitch-free UI with intuitive navigation. Great performance even on older phone models. Crash reporting tool automatically recovered my unsaved workspace data after my computer rebooted. Will not be buying again.",Positive,Technical Issue,2025-07-05
FB-01530,Quick update on my order: Disappointed to see prices increased across the board while portion and package sizes were reduced. The loyalty rewards program has been devalued so heavily that accumulated points are virtually worthless. Extremely disappointing experience.,Negative,General Feedback,2025-11-16
FB-01664,Warning to potential buyers: A pre-authorization hold was placed on the card and settled upon shipment dispatch. Payment processed through the standard 3D secure verification window without errors. Decent enough for the price.,Neutral,Payment Issue,2025-05-23
FB-01355,"Honestly, Infinite loading spinner when trying to download the digital purchase files or license keys. The mobile app crashes every single time I tap the checkout or view cart button. Standard service, nothing extraordinary.",Negative,Technical Issue,2025-07-12
FB-03141,Overall impression: API documentation is clear and the integration was completely error-free and stable under load. Truly five star quality.,Positive,Technical Issue,2026-01-19
FB-03164,Quick update on my order: Customer support agent took quick action and resolved my issue immediately. Great service! Very satisfied with this purchase.,Positive,Service Issue,2026-01-28
FB-01644,"Writing this review after recent experience: Payment process was swift, seamless, and securely authenticated with Apple Pay. Highly recommend!",Positive,Payment Issue,2025-08-29
FB-01052,My honest feedback: Accidental overcharge was proactively spotted and refunded by billing team before I even asked. Highly recommend!,Positive,Payment Issue,2025-02-27
FB-00796,Quick update on my order: Average build quality. It is acceptable for occasional household use. Very satisfied with this purchase.,Neutral,Product Issue,2025-06-01
FB-02694,Just wanted to share my feedback: Standard quality for the price point. Neither exceptionally good nor noticeably bad. It performs the required tasks. The design is utilitarian and does what it is supposed to. Truly five star quality.,Neutral,Product Issue,2025-02-09
FB-01598,"Here is my experience: Outstanding build quality! Feels hefty, solid, and premium in hand. Highly recommend this brand. Highly recommend!",Positive,Product Issue,2026-03-06
FB-02605,My honest feedback: Best support experience I have ever had. The agent went above and beyond to make things right. Very satisfied with this purchase.,Positive,Service Issue,2026-02-26
FB-02730,Overall impression: The delivery courier literally threw the box over my gate and crushed the contents inside. Package arrived two weeks past the guaranteed delivery date. Tracking was completely frozen. Will not be buying again.,Negative,Delivery Issue,2025-02-05
FB-02626,Quick update on my order: Latest app update completely broke the biometric face ID login functionality on iOS. Search filter on the store website is completely broken; returning zero results for standard items. Decent enough for the price.,Negative,Technical Issue,2025-01-30
FB-01820,"Customer review: Express next-day shipping fee paid, yet took seven business days to arrive. Terrible courier service. Package arrived two weeks past the guaranteed delivery date. Tracking was completely frozen. Truly five star quality.",Negative,Delivery Issue,2025-08-31
FB-01723,"Just wanted to share my feedback: Remarkable ergonomics and silent keys. Typing all day has become significantly more comfortable. Top tier craftsmanship. Everything feels durable, well-finished, and built to last years. Decent enough for the price.",Positive,Product Issue,2025-10-16
FB-01184,Customer review: The latest software update fixed all previous bugs. The app is lightning fast and responsive now! One star is too generous for this.,Positive,Technical Issue,2025-07-29
FB-02573,Writing this review after recent experience: Operating hours for live phone support are Monday through Friday from 9 AM to 6 PM EST. Decent enough for the price.,Neutral,Service Issue,2025-12-13
FB-01060,"Quick update on my order: The new website redesign is messy, cluttered, and much harder to navigate than the previous layout. Average overall.",Negative,General Feedback,2025-04-08
FB-00541,My honest feedback: Automated chat system provided links to the relevant knowledge base articles for my query. Decent enough for the price.,Neutral,Service Issue,2025-04-19
FB-01679,"Customer review: The payment gateway crashed during verification, resulting in pending holds on my debit card.",Negative,Payment Issue,2025-06-07
FB-02797,Here is my experience: Seamless delivery experience. Box arrived in mint condition with zero dents or creases. Delivered in less than 24 hours in pristine condition. Super fast and careful logistics! Highly recommend!,Positive,Delivery Issue,2025-03-16
FB-03104,Customer review: Billing statement displays the company merchant name and invoice reference number. Average overall.,Neutral,Payment Issue,2026-01-04
FB-02533,Quick update on my order: Delivery driver followed all delivery instructions perfectly and hid the parcel behind the pillar. Very satisfied with this purchase.,Positive,Delivery Issue,2026-03-09
FB-01758,"Warning to potential buyers: Password requirements require at least eight characters, one uppercase letter, and a number. The web portal uses standard HTTPS authentication and session cookie validation. Decent enough for the price.",Neutral,Technical Issue,2025-04-21
FB-01924,Here is my experience: Promotional discount coupon and reward points were applied smoothly at checkout with clear breakdown. Truly five star quality.,Positive,Payment Issue,2025-08-20
FB-00096,Here is my experience: Product smells strongly of harsh chemicals and the material feels flimsy and brittle. One star is too generous for this.,Negative,Product Issue,2026-01-18
FB-01021,"In my opinion, Courier was polite, arrived within the designated delivery window, and handed the package directly. Average overall.",Positive,Delivery Issue,2026-02-04
FB-00564,Warning to potential buyers: The motor makes an alarming grinding noise when turned on. Immediate return initiated. Truly five star quality.,Negative,Product Issue,2025-03-20
FB-02791,Quick update on my order: Refused to honor price match policy despite valid proof submitted before the purchase. Very satisfied with this purchase.,Negative,Payment Issue,2025-03-12
FB-00864,Customer review: Disappointed to see prices increased across the board while portion and package sizes were reduced. Very satisfied with this purchase.,Negative,General Feedback,2025-03-12
FB-01485,"Honestly, Tracking status says delivered to resident, but security camera footage proves no driver showed up. Will not be buying again.",Negative,Delivery Issue,2026-01-13
FB-02940,"To be completely frank, The package arrived on the scheduled date within the afternoon delivery window.",Neutral,Delivery Issue,2025-08-05
FB-01882,Quick update on my order: Works straight out of the box with zero fuss. Intuitive design and rock solid performance. Hope management addresses this promptly.,Positive,Product Issue,2025-06-03
FB-01039,"Honestly, Customer support agent took quick action and resolved my issue immediately. Great service! Very satisfied with this purchase.",Positive,Service Issue,2025-05-28
FB-00207,Just wanted to share my feedback: Hidden processing fees and unexpected convenience surcharges were added without disclosure at checkout. I was double billed for a single order! Two identical charges appeared on my credit card statement.,Negative,Payment Issue,2025-07-28
FB-00393,Writing this review after recent experience: Delivered in less than 24 hours in pristine condition. Super fast and careful logistics! Truly five star quality.,Positive,Delivery Issue,2025-05-04
FB-02843,Quick update on my order: Disappointed to see prices increased across the board while portion and package sizes were reduced. The loyalty rewards program has been devalued so heavily that accumulated points are virtually worthless. Average overall.,Negative,General Feedback,2025-11-25
FB-00871,Overall impression: Representative confirmed receipt of documents and forwarded them to the review department.,Neutral,Service Issue,2025-04-24
FB-00398,Just wanted to share my feedback: Immediate response on live chat within 30 seconds. Handled my inquiry with total professionalism. 10/10 would recommend to anyone.,Positive,Service Issue,2026-01-21
FB-02815,"The payment gateway crashed during verification, resulting in pending holds on my debit card. One star is too generous for this.",Negative,Payment Issue,2025-06-19
FB-03095,"To be completely frank, Hidden processing fees and unexpected convenience surcharges were added without disclosure at checkout. I was double billed for a single order! Two identical charges appeared on my credit card statement. Will see how it holds up.",Negative,Payment Issue,2025-04-26
FB-01029,"Great brand loyalty rewards program. Truly values recurring customers with meaningful perks. Consistently wonderful service and quality across all my orders over the past three years. Keep it up! Standard service, nothing extraordinary.",Positive,General Feedback,2025-01-21
FB-02691,Writing this review after recent experience: Exceeded all my expectations. The battery lasts well over two full days of heavy use. The knife set is razor sharp right out of the box and balances comfortably in hand. Average overall.,Positive,Product Issue,2025-05-19
FB-01486,"In my opinion, The mobile app crashes every single time I tap the checkout or view cart button. Standard service, nothing extraordinary.",Negative,Technical Issue,2025-12-13
FB-02661,Warning to potential buyers: Infinite loading spinner when trying to download the digital purchase files or license keys. One star is too generous for this.,Negative,Technical Issue,2025-03-21
FB-00961,The charge reflects the exact amount stated on the order summary page. Payment processed through the standard 3D secure verification window without errors. Decent enough for the price.,Neutral,Payment Issue,2025-05-01
FB-01571,"In my opinion, Representative gave contradictory information compared to what is written in your official refund policy. Will see how it holds up.",Negative,Service Issue,2025-12-16
FB-02774,Overall impression: Payment issue was resolved promptly and the full refund was credited back to my card without delay. Decent enough for the price.,Positive,Payment Issue,2025-05-27
FB-01896,"Just wanted to share my feedback: Payment process was swift, seamless, and securely authenticated with Apple Pay. One star is too generous for this.",Positive,Payment Issue,2025-01-31
FB-02732,"Honestly, Missing essential accessories from the retail box. Missing screws and power adapter. Decent enough for the price.",Negative,Product Issue,2025-12-28
FB-02147,Just wanted to share my feedback: Refused to honor price match policy despite valid proof submitted before the purchase. Will not be buying again.,Negative,Payment Issue,2025-05-04
FB-00805,Overall impression: API documentation is clear and the integration was completely error-free and stable under load. Please fix this issue as soon as possible.,Positive,Technical Issue,2025-05-30
FB-01752,"My honest feedback: The invoice shows standard itemized sales tax and shipping calculation. Payment processed through the standard 3D secure verification window without errors. Standard service, nothing extraordinary.",Neutral,Payment Issue,2025-07-10
FB-02455,My honest feedback: Standard quality for the price point. Neither exceptionally good nor noticeably bad. Average overall.,Neutral,Product Issue,2025-05-15
FB-00503,Writing this review after recent experience: Promotional discount coupon and reward points were applied smoothly at checkout with clear breakdown. Payment issue was resolved promptly and the full refund was credited back to my card without delay. Will see how it holds up.,Positive,Payment Issue,2025-06-20
FB-02978,Warning to potential buyers: Latest app update completely broke the biometric face ID login functionality on iOS. Search filter on the store website is completely broken; returning zero results for standard items. One star is too generous for this.,Negative,Technical Issue,2025-11-18
FB-00780,"Honestly, The knife set is razor sharp right out of the box and balances comfortably in hand. Will not be buying again.",Positive,Product Issue,2025-06-26
FB-01864,Reviewing this after one month: The delivery courier literally threw the box over my gate and crushed the contents inside. Order has been stuck at the local sorting hub for over ten days with no scheduled delivery date. Will not be buying again.,Negative,Delivery Issue,2025-06-04
FB-00201,"The fabric is luxurious, soft, and fits true to size. The stitching is impeccable. Average overall.",Positive,Product Issue,2026-02-07
FB-02183,Writing this review after recent experience: The screen on this monitor has terrible backlight bleeding and dead pixels right in the center. Missing essential accessories from the retail box. Missing screws and power adapter.,Negative,Product Issue,2025-03-18
FB-03100,"My honest feedback: Top tier craftsmanship. Everything feels durable, well-finished, and built to last years. High quality product that matches the photos and descriptions perfectly. Very pleased. Average overall.",Positive,Product Issue,2025-06-14
FB-02089,My honest feedback: The screen on this monitor has terrible backlight bleeding and dead pixels right in the center. Please fix this issue as soon as possible.,Negative,Product Issue,2025-11-11
FB-03066,"In my opinion, Agent was knowledgeable, empathetic, and replaced my lost item without any hassle or friction. Truly five star quality.",Positive,Service Issue,2025-06-06
FB-02279,Reviewing this after one month: Waited on hold for over 85 minutes only to be transferred to an automated voicemail system. Will not be buying again.,Negative,Service Issue,2025-11-17
FB-01797,Reviewing this after one month: Remarkable ergonomics and silent keys. Typing all day has become significantly more comfortable. Highly recommend!,Positive,Product Issue,2026-03-01
FB-00379,"To be completely frank, Product catalog arrived in the mail today. Browsing through the new winter collection options. Standard service, nothing extraordinary.",Neutral,General Feedback,2025-10-10
FB-02337,"Customer review: Excessive marketing emails and push notifications sent three times a day despite opting out. The new website redesign is messy, cluttered, and much harder to navigate than the previous layout. Truly five star quality.",Negative,General Feedback,2025-02-04
FB-00419,"Warning to potential buyers: Single sign-on worked effortlessly and synchronized all my cross-platform cloud data in seconds. Smooth, glitch-free UI with intuitive navigation. Great performance even on older phone models. Truly five star quality.",Positive,Technical Issue,2026-01-07
FB-01699,Overall impression: Delivery was delayed four separate times with zero explanation or notification from the carrier. Will not be buying again.,Negative,Delivery Issue,2025-10-29
FB-00392,"Honestly, The screen is vibrant and crisp with zero glare. Best display I have ever purchased. Highly recommend!",Positive,Product Issue,2025-08-10
FB-02641,Reviewing this after one month: Delivery was delayed four separate times with zero explanation or notification from the carrier. Driver delivered my order to the wrong street address entirely. Neighbor had to bring it over. Decent enough for the price.,Negative,Delivery Issue,2025-12-19
FB-01523,Reviewing this after one month: I would suggest adding more color options and sizes to your seasonal catalog in future releases. Will see how it holds up.,Neutral,General Feedback,2026-01-05
FB-01163,My honest feedback: Operating hours for live phone support are Monday through Friday from 9 AM to 6 PM EST. Please fix this issue as soon as possible.,Neutral,Service Issue,2025-01-28
FB-01496,"My honest feedback: The promotional discount coupon code was accepted at checkout but the full price was charged anyway. My payment went through and funds were deducted from my bank, but the website shows order failed. Truly five star quality.",Negative,Payment Issue,2025-11-03
FB-02696,"Quick update on my order: The invoice shows standard itemized sales tax and shipping calculation. Standard service, nothing extraordinary.",Neutral,Payment Issue,2025-06-02
FB-02028,Writing this review after recent experience: The browser extension consumes 100% CPU and causes Google Chrome to become unresponsive. Website throws a 500 internal server error whenever I attempt to update my profile information. Hope management addresses this promptly.,Negative,Technical Issue,2025-11-12
FB-01153,"Reviewing this after one month: Tracking status says delivered to resident, but security camera footage proves no driver showed up. Will not be buying again.",Negative,Delivery Issue,2025-07-10
FB-01368,"In my opinion, Hidden processing fees and unexpected convenience surcharges were added without disclosure at checkout. Extremely disappointing experience.",Negative,Payment Issue,2025-08-15
FB-02569,"In my opinion, Representative gave contradictory information compared to what is written in your official refund policy. Will see how it holds up.",Negative,Service Issue,2025-01-19
FB-00065,"Honestly, Billing statement displays the company merchant name and invoice reference number. Average overall.",Neutral,Payment Issue,2025-10-02
FB-02063,The browser extension consumes 100% CPU and causes Google Chrome to become unresponsive. Will not be buying again.,Negative,Technical Issue,2025-04-23
FB-01181,"Warning to potential buyers: Courier was polite, arrived within the designated delivery window, and handed the package directly. Delivered in less than 24 hours in pristine condition. Super fast and careful logistics! Truly five star quality.",Positive,Delivery Issue,2026-01-21
FB-03113,Here is my experience: Product packaging uses far too much non-recyclable plastic and styrofoam. Very eco-unfriendly. Will not be buying again.,Negative,General Feedback,2025-03-09
FB-00493,"Consistently wonderful service and quality across all my orders over the past three years. Keep it up! Love shopping with this company! Always a delight, high standards, and wonderful overall experience. Will not be buying again.",Positive,General Feedback,2025-12-09
FB-00380,"Reviewing this after one month: The fabric is luxurious, soft, and fits true to size. The stitching is impeccable. Standard service, nothing extraordinary.",Positive,Product Issue,2025-08-29
FB-02236,My honest feedback: Accidental overcharge was proactively spotted and refunded by billing team before I even asked. 10/10 would recommend to anyone.,Positive,Payment Issue,2025-12-10
FB-00764,Customer review: The headphones produce constant static noise in the left ear cup. Unusable for work calls. Hope management addresses this promptly.,Negative,Product Issue,2025-03-08
FB-02265,"In my opinion, The item is functional. Dimensions match the specification sheet provided on the website. Truly five star quality.",Neutral,Product Issue,2025-02-10
FB-00792,Reviewing this after one month: Customer agent took over two hours to answer and then hung up the phone without helping. Will not be buying again.,Negative,Service Issue,2025-05-13
FB-01077,"In my opinion, Package arrived two weeks past the guaranteed delivery date. Tracking was completely frozen. Will not be buying again.",Negative,Delivery Issue,2025-09-07
FB-00879,Overall impression: Representative confirmed receipt of documents and forwarded them to the review department. Decent enough for the price.,Neutral,Service Issue,2025-07-07
FB-00338,Just wanted to share my feedback: The promotional discount coupon code was accepted at checkout but the full price was charged anyway. Will see how it holds up.,Negative,Payment Issue,2025-01-26
FB-02768,"To be completely frank, Order has been stuck at the local sorting hub for over ten days with no scheduled delivery date. Very satisfied with this purchase.",Negative,Delivery Issue,2025-07-08
FB-02344,"Just wanted to share my feedback: Password reset emails are never received, even after checking spam folders multiple times. Bluetooth pairing disconnects constantly after three minutes of connection on modern Android. Will not be buying again.",Negative,Technical Issue,2025-11-20
FB-01017,Overall impression: Latest app update completely broke the biometric face ID login functionality on iOS. Please fix this issue as soon as possible.,Negative,Technical Issue,2025-04-13
FB-01276,"Quick update on my order: Single sign-on worked effortlessly and synchronized all my cross-platform cloud data in seconds. Standard service, nothing extraordinary.",Positive,Technical Issue,2026-02-21
FB-00456,Quick update on my order: Average build quality. It is acceptable for occasional household use. The material feels standard. Let us see how durable it proves to be over the next few months. Hope management addresses this promptly.,Neutral,Product Issue,2025-03-03
FB-00816,Here is my experience: Invoice receipt was sent instantly to my email with clear itemized taxes and discounts. Truly five star quality.,Positive,Payment Issue,2026-01-07
FB-02318,"Here is my experience: Express next-day shipping fee paid, yet took seven business days to arrive. Terrible courier service. The outer shipping carton was completely soaked, torn open, and taped haphazardly by the courier. Will not be buying again.",Negative,Delivery Issue,2025-11-11
FB-00996,Warning to potential buyers: Waited on hold for over 85 minutes only to be transferred to an automated voicemail system. Truly five star quality.,Negative,Service Issue,2026-02-20
FB-01982,"API documentation is clear and the integration was completely error-free and stable under load. Standard service, nothing extraordinary.",Positive,Technical Issue,2025-03-25
FB-00202,Just wanted to share my feedback: Package was left out in heavy pouring rain without any protective plastic wrap. Will see how it holds up.,Negative,Delivery Issue,2025-11-30
FB-00162,The loyalty rewards program has been devalued so heavily that accumulated points are virtually worthless. Please fix this issue as soon as possible.,Negative,General Feedback,2025-09-15
FB-01580,"In my opinion, Single sign-on worked effortlessly and synchronized all my cross-platform cloud data in seconds. Please fix this issue as soon as possible.",Positive,Technical Issue,2026-03-13
FB-02778,"To be completely frank, Delivery driver followed all delivery instructions perfectly and hid the parcel behind the pillar. The package arrived two days earlier than expected. Safe packaging with plenty of bubble wrap. 10/10 would recommend to anyone.",Positive,Delivery Issue,2025-05-28
FB-02450,Reviewing this after one month: The latest software update fixed all previous bugs. The app is lightning fast and responsive now! Truly five star quality.,Positive,Technical Issue,2026-01-15
FB-00703,Warning to potential buyers: Consistently wonderful service and quality across all my orders over the past three years. Keep it up! One star is too generous for this.,Positive,General Feedback,2025-06-12
FB-01501,Writing this review after recent experience: Delivered in less than 24 hours in pristine condition. Super fast and careful logistics! Truly five star quality.,Positive,Delivery Issue,2025-10-28
FB-01130,"Just wanted to share my feedback: Smooth, glitch-free UI with intuitive navigation. Great performance even on older phone models. Will see how it holds up.",Positive,Technical Issue,2025-08-30
FB-02614,Just wanted to share my feedback: The phone agent hung up on me after keeping me on hold for an hour. Unacceptable behavior. Average overall.,Negative,Service Issue,2026-01-19
FB-01022,"Quick update on my order: Physical retail store was messy, disorganized, and understaffed during peak shopping hours. Product packaging uses far too much non-recyclable plastic and styrofoam. Very eco-unfriendly.",Negative,General Feedback,2025-04-13
FB-03074,"To be completely frank, The latest software update fixed all previous bugs. The app is lightning fast and responsive now! Truly five star quality.",Positive,Technical Issue,2025-09-19
FB-01586,"Just wanted to share my feedback: Customer representative Sarah was phenomenal! Patient, attentive, and solved my problem in 5 minutes. Will not be buying again.",Positive,Service Issue,2025-07-09
FB-01956,"Just wanted to share my feedback: Bluetooth pairing disconnects constantly after three minutes of connection on modern Android. Infinite loading spinner when trying to download the digital purchase files or license keys. Standard service, nothing extraordinary.",Negative,Technical Issue,2025-07-15
FB-03153,Just wanted to share my feedback: Search filter on the store website is completely broken; returning zero results for standard items. Session timeout occurs every two minutes while filling out the order details. Infuriating bug. Very satisfied with this purchase.,Negative,Technical Issue,2025-03-28
FB-02254,Writing this review after recent experience: Immediate response on live chat within 30 seconds. Handled my inquiry with total professionalism. Hope management addresses this promptly.,Positive,Service Issue,2025-04-01
FB-00035,"Quick update on my order: Customer support representative was extremely rude, dismissive, and hung up on me mid-sentence. Standard service, nothing extraordinary.",Negative,Service Issue,2026-03-13
FB-00776,Customer review: Billing statement displays the company merchant name and invoice reference number. Payment processed through the standard 3D secure verification window without errors. Will see how it holds up.,Neutral,Payment Issue,2025-01-25
FB-02557,Just wanted to share my feedback: Best support experience I have ever had. The agent went above and beyond to make things right. Please fix this issue as soon as possible.,Positive,Service Issue,2026-02-03
FB-01479,"Smooth, glitch-free UI with intuitive navigation. Great performance even on older phone models. Very satisfied with this purchase.",Positive,Technical Issue,2025-08-14
FB-03004,Warning to potential buyers: Operating hours for live phone support are Monday through Friday from 9 AM to 6 PM EST. Automated chat system provided links to the relevant knowledge base articles for my query. Average overall.,Neutral,Service Issue,2025-06-28
FB-01391,Reviewing this after one month: The loyalty rewards program has been devalued so heavily that accumulated points are virtually worthless. Will not be buying again.,Negative,General Feedback,2025-06-27
FB-02140,Delivered in less than 24 hours in pristine condition. Super fast and careful logistics! Truly five star quality.,Positive,Delivery Issue,2026-03-19
FB-01364,"Tracking status says delivered to resident, but security camera footage proves no driver showed up. The outer shipping carton was completely soaked, torn open, and taped haphazardly by the courier.",Negative,Delivery Issue,2025-07-07
FB-02946,"Honestly, Billing statement displays the company merchant name and invoice reference number. Decent enough for the price.",Neutral,Payment Issue,2025-06-09
FB-02613,Reviewing this after one month: The latest software update fixed all previous bugs. The app is lightning fast and responsive now! Crash reporting tool automatically recovered my unsaved workspace data after my computer rebooted.,Positive,Technical Issue,2025-07-11
FB-02825,"Honestly, The package arrived two days earlier than expected. Safe packaging with plenty of bubble wrap. Will not be buying again.",Positive,Delivery Issue,2026-01-08
FB-02042,Reviewing this after one month: Payment processed through the standard 3D secure verification window without errors. Very satisfied with this purchase.,Neutral,Payment Issue,2025-12-25
FB-00242,"Honestly, The headphones produce constant static noise in the left ear cup. Unusable for work calls. Will not be buying again.",Negative,Product Issue,2025-11-26
FB-02062,"Warning to potential buyers: The latest software update fixed all previous bugs. The app is lightning fast and responsive now! Smooth, glitch-free UI with intuitive navigation. Great performance even on older phone models. Please fix this issue as soon as possible.",Positive,Technical Issue,2025-04-10
FB-02364,Warning to potential buyers: Accidental overcharge was proactively spotted and refunded by billing team before I even asked.,Positive,Payment Issue,2025-08-03
FB-00601,"Overall impression: Seamless delivery experience. Box arrived in mint condition with zero dents or creases. Courier was polite, arrived within the designated delivery window, and handed the package directly. Truly five star quality.",Positive,Delivery Issue,2025-05-29
FB-02436,Quick update on my order: Horrible customer service. Nobody takes accountability and every department blames the other. Truly five star quality.,Negative,Service Issue,2025-02-24
FB-01298,Customer review: The device overheats within ten minutes of normal usage. Severe fire hazard in my opinion. Extremely disappointing experience.,Negative,Product Issue,2025-08-23
FB-02215,Warning to potential buyers: Support agent closed my ticket without providing any resolution or response to my question. Decent enough for the price.,Negative,Service Issue,2025-10-11
FB-02889,My honest feedback: Consistently wonderful service and quality across all my orders over the past three years. Keep it up! Very satisfied with this purchase.,Positive,General Feedback,2025-03-21
FB-02069,"In my opinion, Superb customer service experience, polite and helpful agents. 10/10 would recommend to anyone.",Positive,Service Issue,2025-03-06
FB-00647,"In my opinion, Remarkable ergonomics and silent keys. Typing all day has become significantly more comfortable. Will not be buying again.",Positive,Product Issue,2025-12-03
FB-01529,"To be completely frank, The material feels standard. Let us see how durable it proves to be over the next few months. Will not be buying again.",Neutral,Product Issue,2026-02-18
FB-02880,Customer review: Software update prompt appeared upon launching the application as scheduled. The application requires iOS 16 or Android 12 minimum version to install. Very satisfied with this purchase.,Neutral,Technical Issue,2025-04-21
FB-01268,Here is my experience: The knife set is razor sharp right out of the box and balances comfortably in hand. One star is too generous for this.,Positive,Product Issue,2025-08-22
FB-01900,Warning to potential buyers: Waited on the phone for two hours and customer agent gave zero assistance. Will not be buying again.,Negative,Service Issue,2025-02-11
FB-00563,Just wanted to share my feedback: Latest app update completely broke the biometric face ID login functionality on iOS. Session timeout occurs every two minutes while filling out the order details. Infuriating bug. Extremely disappointing experience.,Negative,Technical Issue,2025-03-08
FB-03186,"Quick update on my order: Unable to remove my expired credit card from the saved billing wallet. Security concern! The refund was promised within 3 to 5 business days, but four weeks have passed with no money returned. Will not be buying again.",Negative,Payment Issue,2025-08-20
FB-02735,"Honestly, The billing department resolved my refund request within a few hours. Money back in my account! Hope management addresses this promptly.",Positive,Payment Issue,2026-02-21
FB-03006,"In my opinion, The screen is vibrant and crisp with zero glare. Best display I have ever purchased. Remarkable ergonomics and silent keys. Typing all day has become significantly more comfortable. Standard service, nothing extraordinary.",Positive,Product Issue,2025-12-11
FB-00190,"Warning to potential buyers: Smooth, glitch-free UI with intuitive navigation. Great performance even on older phone models. Highly recommend!",Positive,Technical Issue,2025-04-03
FB-01807,Quick update on my order: Support team followed up with a courtesy call the next day to confirm everything was working smoothly. Best support experience I have ever had. The agent went above and beyond to make things right. Hope management addresses this promptly.,Positive,Service Issue,2025-02-14
FB-00976,My honest feedback: The billing department resolved my refund request within a few hours. Money back in my account! Accidental overcharge was proactively spotted and refunded by billing team before I even asked. Hope management addresses this promptly.,Positive,Payment Issue,2025-08-10
FB-02748,"Overall impression: The commitment to eco-friendly biodegradable packaging is commendable and deeply appreciated. Love shopping with this company! Always a delight, high standards, and wonderful overall experience. Please fix this issue as soon as possible.",Positive,General Feedback,2025-10-19
FB-02048,Overall impression: The package arrived two days earlier than expected. Safe packaging with plenty of bubble wrap. Hope management addresses this promptly.,Positive,Delivery Issue,2025-09-01
FB-02559,Warning to potential buyers: It performs the required tasks. The design is utilitarian and does what it is supposed to. The item is functional. Dimensions match the specification sheet provided on the website.,Neutral,Product Issue,2025-01-26
FB-01083,Warning to potential buyers: Hidden processing fees and unexpected convenience surcharges were added without disclosure at checkout. The promotional discount coupon code was accepted at checkout but the full price was charged anyway. Extremely disappointing experience.,Negative,Payment Issue,2025-12-07
FB-00475,My honest feedback: Payment issue was resolved promptly and the full refund was credited back to my card without delay. Accidental overcharge was proactively spotted and refunded by billing team before I even asked. One star is too generous for this.,Positive,Payment Issue,2025-10-12
FB-02905,"In my opinion, Product smells strongly of harsh chemicals and the material feels flimsy and brittle. Please fix this issue as soon as possible.",Negative,Product Issue,2026-01-27
FB-00748,"Warning to potential buyers: Single sign-on worked effortlessly and synchronized all my cross-platform cloud data in seconds. API documentation is clear and the integration was completely error-free and stable under load. Standard service, nothing extraordinary.",Positive,Technical Issue,2025-07-20
FB-02301,Immediate response on live chat within 30 seconds. Handled my inquiry with total professionalism. Hope management addresses this promptly.,Positive,Service Issue,2025-04-11
FB-00022,Quick update on my order: Water leaks right through the supposed waterproof seam. Ruined my electronics during light rain.,Negative,Product Issue,2025-05-18
FB-00460,"The new website redesign is messy, cluttered, and much harder to navigate than the previous layout. Will see how it holds up.",Negative,General Feedback,2025-11-30
FB-01185,"Here is my experience: The new website redesign is messy, cluttered, and much harder to navigate than the previous layout. One star is too generous for this.",Negative,General Feedback,2026-01-27
FB-02325,Writing this review after recent experience: The loyalty rewards program has been devalued so heavily that accumulated points are virtually worthless. Hope management addresses this promptly.,Negative,General Feedback,2025-05-08
FB-00956,Received generic copy-paste canned responses that did not even address the issue I described. The live chat bot is an endless loop that refuses to transfer me to a human representative. Truly five star quality.,Negative,Service Issue,2025-05-21
FB-01216,"Top tier craftsmanship. Everything feels durable, well-finished, and built to last years. Remarkable ergonomics and silent keys. Typing all day has become significantly more comfortable. One star is too generous for this.",Positive,Product Issue,2026-01-06
FB-02434,"Just wanted to share my feedback: Not as advertised at all. The color shown online was vibrant navy blue, but what arrived is faded grey. Truly five star quality.",Negative,Product Issue,2026-03-17
FB-02854,"Reviewing this after one month: The delivery courier literally threw the box over my gate and crushed the contents inside. The outer shipping carton was completely soaked, torn open, and taped haphazardly by the courier. One star is too generous for this.",Negative,Delivery Issue,2026-03-12
FB-01516,"Reviewing this after one month: Package arrived in standard cardboard packaging with carrier shipping labels attached. Standard service, nothing extraordinary.",Neutral,Delivery Issue,2026-01-22
FB-02392,"To be completely frank, Courier was polite, arrived within the designated delivery window, and handed the package directly. Average overall.",Positive,Delivery Issue,2025-02-16
FB-00770,"Honestly, The refund was promised within 3 to 5 business days, but four weeks have passed with no money returned. Refused to honor price match policy despite valid proof submitted before the purchase. Average overall.",Negative,Payment Issue,2025-05-08
FB-01686,My honest feedback: Unable to remove my expired credit card from the saved billing wallet. Security concern! The checkout page applied an unauthorized recurring subscription charge without my explicit consent. Average overall.,Negative,Payment Issue,2025-10-12
FB-00131,Warning to potential buyers: Horrible customer service. Nobody takes accountability and every department blames the other. The live chat bot is an endless loop that refuses to transfer me to a human representative. Will not be buying again.,Negative,Service Issue,2025-02-18
FB-02920,Here is my experience: Feedback regarding the store hours: extending Sunday opening hours to 8 PM would be beneficial. Decent enough for the price.,Neutral,General Feedback,2025-06-14
FB-03172,The knife set is razor sharp right out of the box and balances comfortably in hand. One star is too generous for this.,Positive,Product Issue,2025-08-05
FB-02136,"Quick update on my order: Great brand loyalty rewards program. Truly values recurring customers with meaningful perks. The new user interface layout is modern, clean, visually appealing, and very easy on the eyes. Will not be buying again.",Positive,General Feedback,2025-11-25
FB-01483,"Overall impression: Seamless delivery experience. Box arrived in mint condition with zero dents or creases. Courier was polite, arrived within the designated delivery window, and handed the package directly. Standard service, nothing extraordinary.",Positive,Delivery Issue,2026-01-13
FB-00331,Writing this review after recent experience: Delivery driver followed all delivery instructions perfectly and hid the parcel behind the pillar. Hope management addresses this promptly.,Positive,Delivery Issue,2026-01-11
FB-01239,"Here is my experience: Quick and easy payment processing, very secure and transparent billing statements. Will see how it holds up.",Positive,Payment Issue,2025-04-20
FB-00467,"Reviewing this after one month: Invoice receipt was sent instantly to my email with clear itemized taxes and discounts. Payment process was swift, seamless, and securely authenticated with Apple Pay. One star is too generous for this.",Positive,Payment Issue,2025-11-03
FB-02170,Here is my experience: The mobile app crashes every single time I tap the checkout or view cart button. Extremely disappointing experience.,Negative,Technical Issue,2025-12-24
FB-01639,Warning to potential buyers: Shipping timeframe was within the standard five to seven day window indicated on the invoice. One star is too generous for this.,Neutral,Delivery Issue,2025-10-12
FB-03093,"In my opinion, The sole of the running shoe detached during my second jog. Shockingly substandard durability. Defective unit received. It refuses to power on even after charging overnight with the original cable. Extremely disappointing experience.",Negative,Product Issue,2025-02-12
FB-01096,"The payment gateway crashed during verification, resulting in pending holds on my debit card. Hope management addresses this promptly.",Negative,Payment Issue,2025-12-29
FB-01131,My honest feedback: Crash reporting tool automatically recovered my unsaved workspace data after my computer rebooted. Single sign-on worked effortlessly and synchronized all my cross-platform cloud data in seconds. Highly recommend!,Positive,Technical Issue,2025-07-06
FB-01295,Writing this review after recent experience: Direct debit was processed twice in one billing cycle. Bank overdraft fees incurred as a result. Hope management addresses this promptly.,Negative,Payment Issue,2025-12-07
FB-00861,"Honestly, The package arrived two days earlier than expected. Safe packaging with plenty of bubble wrap. Please fix this issue as soon as possible.",Positive,Delivery Issue,2025-03-12
FB-03175,Quick update on my order: Representative gave contradictory information compared to what is written in your official refund policy.,Negative,Service Issue,2025-06-10
